store_id,date,amount_cash,y_pred,buffer,recommended_cash
STR_001,2023-12-01,1569480.35,1419526.1457645532,227054.7550188118,1646580.9007833651
STR_001,2023-12-02,2179396.39,1459677.6239123594,227054.7550188118,1686732.3789311713
STR_001,2023-12-03,1081800.49,1410455.8975947057,227054.7550188118,1637510.6526135174
STR_001,2023-12-04,918400.04,908356.0628969806,227054.7550188118,1135410.8179157923
STR_001,2023-12-05,1047022.13,1015452.3360764805,227054.7550188118,1242507.0910952922
STR_001,2023-12-06,1151126.73,1066353.8023568701,227054.7550188118,1293408.557375682
STR_001,2023-12-07,1181821.63,1115486.6622072947,227054.7550188118,1342541.4172261064
STR_001,2023-12-08,1335120.1400000001,1416859.4177223702,227054.7550188118,1643914.1727411821
STR_001,2023-12-09,2329286.05,1460707.1297441202,227054.7550188118,1687761.884762932
STR_001,2023-12-10,1196570.13,1410137.1249875706,227054.7550188118,1637191.8800063822
STR_001,2023-12-11,1026152.48,880588.6694615225,227054.7550188118,1107643.4244803344
STR_001,2023-12-12,1258317.5699999998,1312606.7840132841,227054.7550188118,1539661.539032096
STR_001,2023-12-13,1343054.53,1135055.2395736964,227054.7550188118,1362109.9945925083
STR_001,2023-12-14,1323579.19,1110759.0633800058,227054.7550188118,1337813.8183988174
STR_001,2023-12-15,2201120.08,1468623.8758263264,227054.7550188118,1695678.6308451383
STR_001,2023-12-16,2493666.7,1463562.7830027298,227054.7550188118,1690617.5380215417
STR_001,2023-12-17,2232794.45,1376719.4089041033,227054.7550188118,1603774.1639229152
STR_001,2023-12-18,684982.11,1266107.019335196,227054.7550188118,1493161.7743540076
STR_001,2023-12-19,1058262.5699999998,1160582.6101080126,227054.7550188118,1387637.3651268245
STR_001,2023-12-20,1297692.43,1236830.6276460448,227054.7550188118,1463885.3826648565
STR_001,2023-12-21,1513341.85,1325284.9372694644,227054.7550188118,1552339.6922882763
STR_001,2023-12-22,1793464.64,1422962.0900544615,227054.7550188118,1650016.8450732734
STR_001,2023-12-23,2218952.55,1463562.7830027298,227054.7550188118,1690617.5380215417
STR_001,2023-12-24,4059495.63,1411210.3175922937,227054.7550188118,1638265.0726111056
STR_001,2023-12-25,1855883.98,1278700.808934382,227054.7550188118,1505755.5639531938
STR_001,2023-12-26,1354140.27,1256903.370141582,227054.7550188118,1483958.1251603938
STR_001,2023-12-27,1350850.07,1366201.7507353092,227054.7550188118,1593256.505754121
STR_001,2023-12-28,1044995.98,1413562.270727587,227054.7550188118,1640617.0257463986
STR_001,2023-12-29,1505423.67,1405704.9631268817,227054.7550188118,1632759.7181456937
STR_001,2023-12-30,2215763.2199999997,1460707.1297441202,227054.7550188118,1687761.884762932
STR_001,2023-12-31,4764654.15,1514125.64053263,227054.7550188118,1741180.3955514417
STR_001,2024-01-01,227816.64,309022.0647993411,227054.7550188118,536076.8198181528
STR_001,2024-01-02,904486.11,855969.4354642703,227054.7550188118,1083024.190483082
STR_001,2024-01-03,834531.8200000001,776024.190803039,227054.7550188118,1003078.9458218508
STR_001,2024-01-04,782679.35,1008798.2457001596,227054.7550188118,1235853.0007189712
STR_001,2024-01-05,1100962.71,1136184.2387436146,227054.7550188118,1363238.9937624265
STR_001,2024-01-06,1394253.18,1339187.7312777573,227054.7550188118,1566242.486296569
STR_001,2024-01-07,788260.08,1069839.946841932,227054.7550188118,1296894.7018607436
STR_001,2024-01-08,659140.8300000001,641076.0105145079,227054.7550188118,868130.7655333197
STR_001,2024-01-09,395302.22,681737.9144791319,227054.7550188118,908792.6694979437
STR_001,2024-01-10,609633.54,710531.3520696602,227054.7550188118,937586.107088472
STR_001,2024-01-11,776232.12,718120.0646947325,227054.7550188118,945174.8197135443
STR_001,2024-01-12,1011720.1799999999,905945.7025750718,227054.7550188118,1133000.4575938836
STR_001,2024-01-13,1299706.52,1136595.00888379,227054.7550188118,1363649.7639026018
STR_001,2024-01-14,629135.8899999999,922992.5622172506,227054.7550188118,1150047.3172360624
STR_001,2024-01-15,1027511.79,933581.5337129105,227054.7550188118,1160636.2887317222
STR_001,2024-01-16,589491.41,614368.5613209337,227054.7550188118,841423.3163397455
STR_001,2024-01-17,606962.35,615411.8013522635,227054.7550188118,842466.5563710753
STR_001,2024-01-18,693308.91,704643.300622888,227054.7550188118,931698.0556416998
STR_001,2024-01-19,680289.35,899030.3329831577,227054.7550188118,1126085.0880019695
STR_001,2024-01-20,1074657.68,1094520.2952863348,227054.7550188118,1321575.0503051467
STR_001,2024-01-21,894203.59,905477.8474762123,227054.7550188118,1132532.602495024
STR_001,2024-01-22,403973.63,615485.9583579272,227054.7550188118,842540.713376739
STR_001,2024-01-23,684826.76,643832.754057037,227054.7550188118,870887.5090758487
STR_001,2024-01-24,546748.16,608324.7214500174,227054.7550188118,835379.4764688292
STR_001,2024-01-25,820539.26,818332.3670652689,227054.7550188118,1045387.1220840807
STR_001,2024-01-26,981906.21,893591.1900207684,227054.7550188118,1120645.94503958
STR_001,2024-01-27,1173349.72,1251697.6322804608,227054.7550188118,1478752.3872992727
STR_001,2024-01-28,934330.26,909262.7708283202,227054.7550188118,1136317.5258471319
STR_001,2024-01-29,601931.1799999999,606514.6159321537,227054.7550188118,833569.3709509654
STR_001,2024-01-30,666510.02,601338.9701644207,227054.7550188118,828393.7251832325
STR_001,2024-01-31,915811.5499999999,762251.7844712533,227054.7550188118,989306.5394900651
STR_001,2024-02-01,881061.78,678060.0832060789,227054.7550188118,905114.8382248906
STR_001,2024-02-02,1046279.01,893778.5540938583,227054.7550188118,1120833.3091126701
STR_001,2024-02-03,1368104.03,1150272.1435135365,227054.7550188118,1377326.8985323482
STR_001,2024-02-04,1103323.4300000002,965459.2230010738,227054.7550188118,1192513.9780198857
STR_001,2024-02-05,392528.15,398035.6806882445,227054.7550188118,625090.4357070563
STR_001,2024-02-06,555545.47,646329.0742630062,227054.7550188118,873383.829281818
STR_001,2024-02-07,698686.26,686892.7927119458,227054.7550188118,913947.5477307576
STR_001,2024-02-08,655465.37,673931.6655076842,227054.7550188118,900986.420526496
STR_001,2024-02-09,845934.56,972471.0339604698,227054.7550188118,1199525.7889792817
STR_001,2024-02-10,1173228.97,1268538.780586441,227054.7550188118,1495593.5356052527
STR_001,2024-02-11,1124887.04,1129866.5496933395,227054.7550188118,1356921.3047121512
STR_001,2024-02-12,629988.08,557038.7826610839,227054.7550188118,784093.5376798956
STR_001,2024-02-13,426228.69,613562.1250870741,227054.7550188118,840616.8801058859
STR_001,2024-02-14,771583.4099999999,665563.3198420927,227054.7550188118,892618.0748609045
STR_001,2024-02-15,1266082.13,974493.2472972773,227054.7550188118,1201548.002316089
STR_001,2024-02-16,938340.88,878681.8384778757,227054.7550188118,1105736.5934966875
STR_001,2024-02-17,1443742.98,1305137.9800455594,227054.7550188118,1532192.735064371
STR_001,2024-02-18,1016506.77,994184.0748764983,227054.7550188118,1221238.82989531
STR_001,2024-02-19,574712.99,539703.3797022923,227054.7550188118,766758.134721104
STR_001,2024-02-20,705922.35,680251.3124015684,227054.7550188118,907306.0674203802
STR_001,2024-02-21,563444.61,706442.820862552,227054.7550188118,933497.5758813638
STR_001,2024-02-22,834390.03,817557.0114861261,227054.7550188118,1044611.7665049379
STR_001,2024-02-23,754347.06,894431.6524783961,227054.7550188118,1121486.4074972079
STR_001,2024-02-24,1194757.83,1133133.807471998,227054.7550188118,1360188.5624908097
STR_001,2024-02-25,1345484.03,1163398.954960963,227054.7550188118,1390453.709979775
STR_001,2024-02-26,663805.49,684806.3637280628,227054.7550188118,911861.1187468746
STR_001,2024-02-27,684735.59,682243.7451797152,227054.7550188118,909298.500198527
STR_001,2024-02-28,575493.84,658114.443348589,227054.7550188118,885169.1983674008
STR_001,2024-02-29,1036293.33,963284.7959227927,227054.7550188118,1190339.5509416047
STR_002,2023-12-01,890489.98,860302.06495092,154149.15438991785,1014451.2193408378
STR_002,2023-12-02,1392767.17,1217332.7473984763,154149.15438991785,1371481.9017883942
STR_002,2023-12-03,970228.47,1146198.6056401674,154149.15438991785,1300347.7600300852
STR_002,2023-12-04,421107.44,823326.247184178,154149.15438991785,977475.4015740958
STR_002,2023-12-05,772831.87,810587.6230102453,154149.15438991785,964736.7774001631
STR_002,2023-12-06,625467.39,658304.7133743669,154149.15438991785,812453.8677642847
STR_002,2023-12-07,854702.32,844208.7939813099,154149.15438991785,998357.9483712277
STR_002,2023-12-08,841642.11,948172.0825908153,154149.15438991785,1102321.236980733
STR_002,2023-12-09,1487760.05,1229504.7009811592,154149.15438991785,1383653.855371077
STR_002,2023-12-10,1502407.53,1164716.322089773,154149.15438991785,1318865.4764796908
STR_002,2023-12-11,539543.64,625720.355185223,154149.15438991785,779869.5095751409
STR_002,2023-12-12,1073084.52,1055364.771907323,154149.15438991785,1209513.926297241
STR_002,2023-12-13,826033.8200000001,731627.9239611325,154149.15438991785,885777.0783510504
STR_002,2023-12-14,931706.95,810798.2002451132,154149.15438991785,964947.3546350311
STR_002,2023-12-15,1703992.55,1243297.8900270958,154149.15438991785,1397447.0444170136
STR_002,2023-12-16,2037913.2799999998,1319063.2796089167,154149.15438991785,1473212.4339988346
STR_002,2023-12-17,1459442.14,1275031.198077033,154149.15438991785,1429180.352466951
STR_002,2023-12-18,778614.0599999999,795628.7536623451,154149.15438991785,949777.908052263
STR_002,2023-12-19,978600.38,966418.112496104,154149.15438991785,1120567.266886022
STR_002,2023-12-20,955863.9299999999,842606.1182546773,154149.15438991785,996755.2726445951
STR_002,2023-12-21,1115870.47,1094105.2200489256,154149.15438991785,1248254.3744388435
STR_002,2023-12-22,1151294.23,1206623.8608098328,154149.15438991785,1360773.0151997507
STR_002,2023-12-23,1601325.79,1305883.4960282042,154149.15438991785,1460032.650418122
STR_002,2023-12-24,3502026.39,1233893.9251206517,154149.15438991785,1388043.0795105696
STR_002,2023-12-25,1288548.86,1073615.2003699655,154149.15438991785,1227764.3547598834
STR_002,2023-12-26,872439.3999999999,996555.125551436,154149.15438991785,1150704.279941354
STR_002,2023-12-27,873470.8099999999,812799.9747394595,154149.15438991785,966949.1291293773
STR_002,2023-12-28,922042.75,1004483.0800165497,154149.15438991785,1158632.2344064675
STR_002,2023-12-29,1248305.33,1233196.2717682167,154149.15438991785,1387345.4261581346
STR_002,2023-12-30,1446777.02,1324824.5842713842,154149.15438991785,1478973.738661302
STR_002,2023-12-31,3522672.9,1401703.4607373695,154149.15438991785,1555852.6151272873
STR_002,2024-01-01,206587.77,237213.7059633088,154149.15438991785,391362.86035322666
STR_002,2024-01-02,459192.04000000004,550893.0687067223,154149.15438991785,705042.2230966402
STR_002,2024-01-03,620171.48,632228.4818491059,154149.15438991785,786377.6362390238
STR_002,2024-01-04,579757.34,608134.9480959458,154149.15438991785,762284.1024858636
STR_002,2024-01-05,761277.89,741390.3931506915,154149.15438991785,895539.5475406094
STR_002,2024-01-06,683918.85,1013501.3203377926,154149.15438991785,1167650.4747277105
STR_002,2024-01-07,773890.1,833197.634513062,154149.15438991785,987346.7889029798
STR_002,2024-01-08,477850.96,470505.7892186511,154149.15438991785,624654.943608569
STR_002,2024-01-09,426844.19,435172.3090300779,154149.15438991785,589321.4634199957
STR_002,2024-01-10,492087.81999999995,509119.74949364096,154149.15438991785,663268.9038835588
STR_002,2024-01-11,525194.13,538301.5707615277,154149.15438991785,692450.7251514456
STR_002,2024-01-12,520649.56,678975.074281539,154149.15438991785,833124.2286714568
STR_002,2024-01-13,927816.61,877295.4074821186,154149.15438991785,1031444.5618720364
STR_002,2024-01-14,875422.12,729805.2226947385,154149.15438991785,883954.3770846564
STR_002,2024-01-15,603422.04,557565.3074014996,154149.15438991785,711714.4617914174
STR_002,2024-01-16,408905.02,445209.97947521106,154149.15438991785,599359.133865129
STR_002,2024-01-17,415893.47,450386.0256439566,154149.15438991785,604535.1800338745
STR_002,2024-01-18,543959.5,533933.8473499161,154149.15438991785,688083.001739834
STR_002,2024-01-19,637162.0499999999,674229.8119589546,154149.15438991785,828378.9663488724
STR_002,2024-01-20,906668.43,785036.121526067,154149.15438991785,939185.2759159849
STR_002,2024-01-21,619048.5599999999,706146.8661064461,154149.15438991785,860296.020496364
STR_002,2024-01-22,400922.9,439782.27875920554,154149.15438991785,593931.4331491233
STR_002,2024-01-23,483913.0,477810.5037928933,154149.15438991785,631959.6581828112
STR_002,2024-01-24,341986.14,398027.7179616333,154149.15438991785,552176.8723515512
STR_002,2024-01-25,429729.54,455503.4935101799,154149.15438991785,609652.6479000978
STR_002,2024-01-26,520750.77,611270.3120719651,154149.15438991785,765419.4664618829
STR_002,2024-01-27,960413.6,860706.6999773993,154149.15438991785,1014855.8543673172
STR_002,2024-01-28,619386.0,660312.9139697842,154149.15438991785,814462.068359702
STR_002,2024-01-29,416453.08,376993.9478115867,154149.15438991785,531143.1022015046
STR_002,2024-01-30,449983.62,489793.01852837624,154149.15438991785,643942.1729182941
STR_002,2024-01-31,692629.97,633489.7133994395,154149.15438991785,787638.8677893573
STR_002,2024-02-01,408320.05000000005,492817.1674294417,154149.15438991785,646966.3218193596
STR_002,2024-02-02,679235.5700000001,676565.2600920562,154149.15438991785,830714.4144819741
STR_002,2024-02-03,895657.16,828250.7763172911,154149.15438991785,982399.9307072089
STR_002,2024-02-04,784057.65,661548.0871527969,154149.15438991785,815697.2415427148
STR_002,2024-02-05,291740.36,301508.6323575641,154149.15438991785,455657.78674748196
STR_002,2024-02-06,529215.6,465072.7374471139,154149.15438991785,619221.8918370318
STR_002,2024-02-07,437928.9,428769.73460695054,154149.15438991785,582918.8889968684
STR_002,2024-02-08,559916.75,575904.6419689847,154149.15438991785,730053.7963589026
STR_002,2024-02-09,556883.6799999999,617683.0888018999,154149.15438991785,771832.2431918178
STR_002,2024-02-10,910523.5599999999,826611.8121550011,154149.15438991785,980760.966544919
STR_002,2024-02-11,723351.6799999999,695335.1095925454,154149.15438991785,849484.2639824633
STR_002,2024-02-12,363258.71,382612.93310115655,154149.15438991785,536762.0874910743
STR_002,2024-02-13,317988.35,457652.94418491353,154149.15438991785,611802.0985748314
STR_002,2024-02-14,434472.87,461831.51651986584,154149.15438991785,615980.6709097837
STR_002,2024-02-15,573102.68,648649.9852588313,154149.15438991785,802799.1396487491
STR_002,2024-02-16,514853.11,580109.6618955297,154149.15438991785,734258.8162854476
STR_002,2024-02-17,967937.1,832162.998341686,154149.15438991785,986312.1527316038
STR_002,2024-02-18,721415.14,682341.7763616844,154149.15438991785,836490.9307516023
STR_002,2024-02-19,442355.1,381794.96869811416,154149.15438991785,535944.123088032
STR_002,2024-02-20,540445.53,455218.76049877977,154149.15438991785,609367.9148886977
STR_002,2024-02-21,518962.5,476728.63611743576,154149.15438991785,630877.7905073536
STR_002,2024-02-22,253245.13,518130.3225561953,154149.15438991785,672279.4769461132
STR_002,2024-02-23,619617.12,666158.65034314,154149.15438991785,820307.8047330579
STR_002,2024-02-24,766989.44,801527.7518289881,154149.15438991785,955676.9062189059
STR_002,2024-02-25,728751.28,648943.7068595607,154149.15438991785,803092.8612494785
STR_002,2024-02-26,465772.20999999996,417668.31011141493,154149.15438991785,571817.4645013327
STR_002,2024-02-27,435119.08999999997,491636.99266705796,154149.15438991785,645786.1470569759
STR_002,2024-02-28,496280.78,468092.8238342497,154149.15438991785,622241.9782241676
STR_002,2024-02-29,474623.77999999997,605556.5505163464,154149.15438991785,759705.7049062642
STR_003,2023-12-01,956355.1599999999,1036521.1787367432,193577.73467013042,1230098.9134068736
STR_003,2023-12-02,1486537.4100000001,1116270.7496259909,193577.73467013042,1309848.4842961212
STR_003,2023-12-03,1247823.88,1114614.5007412212,193577.73467013042,1308192.2354113515
STR_003,2023-12-04,763219.97,843964.9329558999,193577.73467013042,1037542.6676260303
STR_003,2023-12-05,962764.54,782525.1801924672,193577.73467013042,976102.9148625976
STR_003,2023-12-06,789215.0,784361.5289815121,193577.73467013042,977939.2636516425
STR_003,2023-12-07,771173.73,837785.3299605043,193577.73467013042,1031363.0646306347
STR_003,2023-12-08,873596.22,1071023.1654481324,193577.73467013042,1264600.900118263
STR_003,2023-12-09,1402713.15,1193372.028700002,193577.73467013042,1386949.7633701325
STR_003,2023-12-10,1173328.29,1126471.961278369,193577.73467013042,1320049.6959484993
STR_003,2023-12-11,944947.78,748273.1840745619,193577.73467013042,941850.9187446923
STR_003,2023-12-12,931125.95,1007812.6897458492,193577.73467013042,1201390.4244159795
STR_003,2023-12-13,799729.22,696582.868379086,193577.73467013042,890160.6030492164
STR_003,2023-12-14,793081.37,888616.8345272653,193577.73467013042,1082194.5691973958
STR_003,2023-12-15,1522685.92,1174595.4846463664,193577.73467013042,1368173.219316497
STR_003,2023-12-16,1688594.97,1268907.177887572,193577.73467013042,1462484.9125577025
STR_003,2023-12-17,1489656.96,1218240.955482694,193577.73467013042,1411818.6901528244
STR_003,2023-12-18,907350.4199999999,719354.6577073974,193577.73467013042,912932.3923775278
STR_003,2023-12-19,880841.4199999999,807741.8928543173,193577.73467013042,1001319.6275244477
STR_003,2023-12-20,979020.99,851756.2037410996,193577.73467013042,1045333.93841123
STR_003,2023-12-21,804790.4099999999,1007213.7515711121,193577.73467013042,1200791.4862412424
STR_003,2023-12-22,1038624.0700000001,1139589.5217443507,193577.73467013042,1333167.256414481
STR_003,2023-12-23,1637251.36,1171632.72025621,193577.73467013042,1365210.4549263404
STR_003,2023-12-24,4152634.47,1179770.0813226383,193577.73467013042,1373347.8159927689
STR_003,2023-12-25,1132690.48,1048205.2183424982,193577.73467013042,1241782.9530126285
STR_003,2023-12-26,855326.94,941488.5769894725,193577.73467013042,1135066.311659603
STR_003,2023-12-27,1108149.8,1103087.3481333542,193577.73467013042,1296665.0828034845
STR_003,2023-12-28,1085140.17,1084106.626606237,193577.73467013042,1277684.3612763672
STR_003,2023-12-29,1295249.52,1187621.9166758503,193577.73467013042,1381199.6513459808
STR_003,2023-12-30,1612444.57,1268907.177887572,193577.73467013042,1462484.9125577025
STR_003,2023-12-31,2807812.95,1363749.424938919,193577.73467013042,1557327.1596090496
STR_003,2024-01-01,169322.79,242608.82173579044,193577.73467013042,436186.5564059209
STR_003,2024-01-02,486245.41,643511.1147841484,193577.73467013042,837088.8494542788
STR_003,2024-01-03,517835.26,616867.7879980208,193577.73467013042,810445.5226681512
STR_003,2024-01-04,465242.13,610734.9214068986,193577.73467013042,804312.6560770291
STR_003,2024-01-05,647706.52,884659.5128026507,193577.73467013042,1078237.2474727812
STR_003,2024-01-06,954324.52,1017033.9474764403,193577.73467013042,1210611.6821465706
STR_003,2024-01-07,781125.05,858550.7728495033,193577.73467013042,1052128.5075196337
STR_003,2024-01-08,427578.80000000005,423734.35177708894,193577.73467013042,617312.0864472194
STR_003,2024-01-09,465294.17,445724.23386084224,193577.73467013042,639301.9685309727
STR_003,2024-01-10,510767.43,468305.3463412731,193577.73467013042,661883.0810114036
STR_003,2024-01-11,585162.99,556369.3761503418,193577.73467013042,749947.1108204722
STR_003,2024-01-12,582200.68,633097.2233582806,193577.73467013042,826674.958028411
STR_003,2024-01-13,664323.29,829291.8268309378,193577.73467013042,1022869.5615010682
STR_003,2024-01-14,770909.16,761342.6015563095,193577.73467013042,954920.3362264399
STR_003,2024-01-15,608732.01,546486.2376571746,193577.73467013042,740063.972327305
STR_003,2024-01-16,421885.05,442163.71995493496,193577.73467013042,635741.4546250654
STR_003,2024-01-17,487766.64,462142.09398535517,193577.73467013042,655719.8286554855
STR_003,2024-01-18,470690.69,504607.4538640643,193577.73467013042,698185.1885341947
STR_003,2024-01-19,533518.5800000001,706450.2135782618,193577.73467013042,900027.9482483922
STR_003,2024-01-20,1006699.11,793541.6311130525,193577.73467013042,987119.3657831829
STR_003,2024-01-21,718328.6599999999,717182.5107360334,193577.73467013042,910760.2454061639
STR_003,2024-01-22,412668.07,433489.6847903995,193577.73467013042,627067.4194605299
STR_003,2024-01-23,524878.14,482371.9428658116,193577.73467013042,675949.677535942
STR_003,2024-01-24,415996.77,502505.57487625343,193577.73467013042,696083.3095463838
STR_003,2024-01-25,427502.91000000003,448442.11345664423,193577.73467013042,642019.8481267747
STR_003,2024-01-26,437093.72,564846.4935437007,193577.73467013042,758424.2282138311
STR_003,2024-01-27,816843.74,894533.4191823106,193577.73467013042,1088111.1538524409
STR_003,2024-01-28,648518.24,688894.018189212,193577.73467013042,882471.7528593424
STR_003,2024-01-29,529870.51,479909.67436480965,193577.73467013042,673487.4090349401
STR_003,2024-01-30,502308.15,489533.08142874873,193577.73467013042,683110.8160988791
STR_003,2024-01-31,714874.5,550169.2345222572,193577.73467013042,743746.9691923877
STR_003,2024-02-01,603044.83,492759.054715879,193577.73467013042,686336.7893860094
STR_003,2024-02-02,581886.79,569861.4923199763,193577.73467013042,763439.2269901067
STR_003,2024-02-03,766783.76,752436.7846860089,193577.73467013042,946014.5193561394
STR_003,2024-02-04,815483.5499999999,736284.0589798117,193577.73467013042,929861.7936499421
STR_003,2024-02-05,196833.88,273168.7802778675,193577.73467013042,466746.51494799793
STR_003,2024-02-06,444506.13,422692.4167508006,193577.73467013042,616270.1514209311
STR_003,2024-02-07,460524.54,442816.56108550116,193577.73467013042,636394.2957556315
STR_003,2024-02-08,371343.6,513037.6995948312,193577.73467013042,706615.4342649616
STR_003,2024-02-09,667016.6,573209.8386329972,193577.73467013042,766787.5733031277
STR_003,2024-02-10,466090.69,772608.9945876086,193577.73467013042,966186.729257739
STR_003,2024-02-11,654633.21,695165.5800935777,193577.73467013042,888743.3147637082
STR_003,2024-02-12,478995.51,455206.1729890736,193577.73467013042,648783.907659204
STR_003,2024-02-13,520920.7,424590.4898823777,193577.73467013042,618168.2245525081
STR_003,2024-02-14,628534.61,516014.9442952469,193577.73467013042,709592.6789653774
STR_003,2024-02-15,559619.89,606989.5166365533,193577.73467013042,800567.2513066838
STR_003,2024-02-16,534369.09,567615.1353446372,193577.73467013042,761192.8700147676
STR_003,2024-02-17,750624.75,800094.0735414466,193577.73467013042,993671.808211577
STR_003,2024-02-18,749982.45,618135.2919054285,193577.73467013042,811713.0265755589
STR_003,2024-02-19,396800.84,466494.886397741,193577.73467013042,660072.6210678713
STR_003,2024-02-20,518903.03,494613.68947280594,193577.73467013042,688191.4241429364
STR_003,2024-02-21,347701.27,451072.36893673317,193577.73467013042,644650.1036068636
STR_003,2024-02-22,589014.47,498716.78377163433,193577.73467013042,692294.5184417648
STR_003,2024-02-23,581042.54,634731.531834593,193577.73467013042,828309.2665047235
STR_003,2024-02-24,748099.18,725568.626519593,193577.73467013042,919146.3611897234
STR_003,2024-02-25,764919.59,762964.4808297983,193577.73467013042,956542.2154999287
STR_003,2024-02-26,472508.0,476280.3163772699,193577.73467013042,669858.0510474003
STR_003,2024-02-27,500761.51,487536.48839578853,193577.73467013042,681114.223065919
STR_003,2024-02-28,571715.06,524227.6717879032,193577.73467013042,717805.4064580336
STR_003,2024-02-29,633050.03,651627.9375484702,193577.73467013042,845205.6722186006
STR_004,2023-12-01,1264758.4100000001,983999.9706807017,200612.21606368583,1184612.1867443875
STR_004,2023-12-02,911936.38,1204923.1048123315,200612.21606368583,1405535.3208760172
STR_004,2023-12-03,951836.07,1008530.9114065935,200612.21606368583,1209143.1274702793
STR_004,2023-12-04,750895.6699999999,671745.9507113403,200612.21606368583,872358.1667750261
STR_004,2023-12-05,552500.3200000001,648100.8456860791,200612.21606368583,848713.061749765
STR_004,2023-12-06,822701.54,746529.7387397717,200612.21606368583,947141.9548034575
STR_004,2023-12-07,840485.8200000001,853954.6185947094,200612.21606368583,1054566.8346583953
STR_004,2023-12-08,1149355.37,978527.2593601745,200612.21606368583,1179139.4754238604
STR_004,2023-12-09,1370406.07,1186472.6737171044,200612.21606368583,1387084.88978079
STR_004,2023-12-10,897055.6,1003703.4992051282,200612.21606368583,1204315.715268814
STR_004,2023-12-11,762037.18,721398.3899321686,200612.21606368583,922010.6059958545
STR_004,2023-12-12,1176231.54,926682.82996615,200612.21606368583,1127295.046029836
STR_004,2023-12-13,765513.43,753920.1682815186,200612.21606368583,954532.3843452045
STR_004,2023-12-14,757481.23,852793.9993712914,200612.21606368583,1053406.2154349773
STR_004,2023-12-15,1681055.75,1338233.497637372,200612.21606368583,1538845.7137010577
STR_004,2023-12-16,1144127.46,1315001.3017850243,200612.21606368583,1515613.51784871
STR_004,2023-12-17,1386175.87,1193235.4392229563,200612.21606368583,1393847.6552866423
STR_004,2023-12-18,798174.63,767175.7263306476,200612.21606368583,967787.9423943334
STR_004,2023-12-19,881901.31,934243.3675552801,200612.21606368583,1134855.583618966
STR_004,2023-12-20,1002223.4,809249.6423092714,200612.21606368583,1009861.8583729572
STR_004,2023-12-21,921161.08,860870.2677514354,200612.21606368583,1061482.4838151212
STR_004,2023-12-22,1148752.2,1183713.3383585187,200612.21606368583,1384325.5544222044
STR_004,2023-12-23,1485004.11,1298015.9442508041,200612.21606368583,1498628.16031449
STR_004,2023-12-24,2760692.74,1256451.0940757422,200612.21606368583,1457063.310139428
STR_004,2023-12-25,2043635.35,1126409.5756786116,200612.21606368583,1327021.7917422974
STR_004,2023-12-26,1023844.14,1014862.3774924022,200612.21606368583,1215474.593556088
STR_004,2023-12-27,932297.94,990769.6751100317,200612.21606368583,1191381.8911737176
STR_004,2023-12-28,1167495.5,984868.3440798093,200612.21606368583,1185480.560143495
STR_004,2023-12-29,1359029.79,1275559.736072071,200612.21606368583,1476171.9521357566
STR_004,2023-12-30,1655003.0,1294943.8581918958,200612.21606368583,1495556.0742555815
STR_004,2023-12-31,3615272.68,1403389.4330821452,200612.21606368583,1604001.649145831
STR_004,2024-01-01,177853.38,238502.272813276,200612.21606368583,439114.48887696187
STR_004,2024-01-02,212343.75,559290.598233823,200612.21606368583,759902.8142975088
STR_004,2024-01-03,510420.56,649792.4576550942,200612.21606368583,850404.67371878
STR_004,2024-01-04,288330.03,614673.9302468408,200612.21606368583,815286.1463105266
STR_004,2024-01-05,745676.9299999999,1022769.0451749392,200612.21606368583,1223381.261238625
STR_004,2024-01-06,832357.12,1113664.1752049725,200612.21606368583,1314276.3912686585
STR_004,2024-01-07,776349.65,875322.1180144377,200612.21606368583,1075934.3340781236
STR_004,2024-01-08,420967.41000000003,477781.479517424,200612.21606368583,678393.6955811098
STR_004,2024-01-09,387820.13,486702.34566199925,200612.21606368583,687314.5617256851
STR_004,2024-01-10,532809.98,538930.3282040674,200612.21606368583,739542.5442677533
STR_004,2024-01-11,542503.5900000001,519946.9330917562,200612.21606368583,720559.149155442
STR_004,2024-01-12,649085.17,751927.6589434928,200612.21606368583,952539.8750071786
STR_004,2024-01-13,807845.23,872087.7429845774,200612.21606368583,1072699.9590482633
STR_004,2024-01-14,681737.21,746930.4091708541,200612.21606368583,947542.62523454
STR_004,2024-01-15,627078.6,642883.5983758628,200612.21606368583,843495.8144395486
STR_004,2024-01-16,418573.28,406695.57178342046,200612.21606368583,607307.7878471063
STR_004,2024-01-17,521279.1,475469.86967745033,200612.21606368583,676082.0857411362
STR_004,2024-01-18,368461.69,488786.8257997496,200612.21606368583,689399.0418634354
STR_004,2024-01-19,555776.91,613525.3179324024,200612.21606368583,814137.5339960882
STR_004,2024-01-20,753027.49,834148.1715935693,200612.21606368583,1034760.3876572552
STR_004,2024-01-21,703244.86,690800.483127762,200612.21606368583,891412.6991914478
STR_004,2024-01-22,398049.74,402702.9390524313,200612.21606368583,603315.1551161171
STR_004,2024-01-23,356403.22,394114.84039987536,200612.21606368583,594727.0564635613
STR_004,2024-01-24,441823.64,482268.231147651,200612.21606368583,682880.4472113368
STR_004,2024-01-25,576946.9400000001,495620.31032272585,200612.21606368583,696232.5263864116
STR_004,2024-01-26,612465.93,683698.7794094416,200612.21606368583,884310.9954731275
STR_004,2024-01-27,821748.13,819189.4786111406,200612.21606368583,1019801.6946748265
STR_004,2024-01-28,615628.8200000001,753149.7439475443,200612.21606368583,953761.9600112301
STR_004,2024-01-29,485779.89999999997,452049.3006777951,200612.21606368583,652661.5167414809
STR_004,2024-01-30,463666.35,441606.40986470866,200612.21606368583,642218.6259283945
STR_004,2024-01-31,562477.52,568355.1775943706,200612.21606368583,768967.3936580564
STR_004,2024-02-01,389852.86,505601.15341411973,200612.21606368583,706213.3694778056
STR_004,2024-02-02,650582.88,610046.2803976511,200612.21606368583,810658.496461337
STR_004,2024-02-03,606534.04,770629.3148534165,200612.21606368583,971241.5309171024
STR_004,2024-02-04,451221.49,677969.6138089814,200612.21606368583,878581.8298726672
STR_004,2024-02-05,294444.73,324658.2948788862,200612.21606368583,525270.510942572
STR_004,2024-02-06,466154.88,505445.6570063889,200612.21606368583,706057.8730700747
STR_004,2024-02-07,504158.37,516101.2551632746,200612.21606368583,716713.4712269604
STR_004,2024-02-08,556087.72,550475.0814345483,200612.21606368583,751087.2974982341
STR_004,2024-02-09,816152.58,657673.6115195252,200612.21606368583,858285.827583211
STR_004,2024-02-10,694957.31,819370.1356469175,200612.21606368583,1019982.3517106033
STR_004,2024-02-11,801935.1699999999,851074.8343278526,200612.21606368583,1051687.0503915385
STR_004,2024-02-12,486578.89,459958.7457546956,200612.21606368583,660570.9618183814
STR_004,2024-02-13,502173.95,494327.5110602426,200612.21606368583,694939.7271239285
STR_004,2024-02-14,324132.82999999996,441664.2974070756,200612.21606368583,642276.5134707615
STR_004,2024-02-15,696640.22,616624.3722628993,200612.21606368583,817236.5883265851
STR_004,2024-02-16,444621.29,730184.7473781904,200612.21606368583,930796.9634418762
STR_004,2024-02-17,761406.8200000001,865288.1830776111,200612.21606368583,1065900.399141297
STR_004,2024-02-18,864224.27,717662.5648345635,200612.21606368583,918274.7808982494
STR_004,2024-02-19,499305.71,412577.7408204869,200612.21606368583,613189.9568841727
STR_004,2024-02-20,509789.91000000003,457271.6438161338,200612.21606368583,657883.8598798197
STR_004,2024-02-21,418168.45,427835.7579752106,200612.21606368583,628447.9740388964
STR_004,2024-02-22,465761.99,508028.97124230635,200612.21606368583,708641.1873059922
STR_004,2024-02-23,695815.0,632528.0004351635,200612.21606368583,833140.2164988493
STR_004,2024-02-24,857560.97,767014.7370647303,200612.21606368583,967626.9531284161
STR_004,2024-02-25,742399.72,691937.190674435,200612.21606368583,892549.4067381208
STR_004,2024-02-26,310624.02,386885.60263668327,200612.21606368583,587497.8187003691
STR_004,2024-02-27,437997.26,430585.8935671868,200612.21606368583,631198.1096308726
STR_004,2024-02-28,558399.65,495695.23128462804,200612.21606368583,696307.4473483139
STR_004,2024-02-29,859060.88,734733.4415333088,200612.21606368583,935345.6575969947
STR_005,2023-12-01,910994.01,814256.757432097,158499.68965147494,972756.4470835719
STR_005,2023-12-02,755488.8999999999,1035933.0189010736,158499.68965147494,1194432.7085525487
STR_005,2023-12-03,773086.95,885299.8262803068,158499.68965147494,1043799.5159317817
STR_005,2023-12-04,536718.46,520072.78731106635,158499.68965147494,678572.4769625412
STR_005,2023-12-05,550312.5,552318.9284186474,158499.68965147494,710818.6180701223
STR_005,2023-12-06,468257.02,681232.6597336954,158499.68965147494,839732.3493851704
STR_005,2023-12-07,597865.86,585550.2742639285,158499.68965147494,744049.9639154035
STR_005,2023-12-08,671972.4,702887.0224987622,158499.68965147494,861386.7121502372
STR_005,2023-12-09,1137133.55,1073530.1214025223,158499.68965147494,1232029.8110539974
STR_005,2023-12-10,895326.6,892112.2579364809,158499.68965147494,1050611.9475879557
STR_005,2023-12-11,571604.39,518343.8931857867,158499.68965147494,676843.5828372617
STR_005,2023-12-12,846270.24,824944.1008182946,158499.68965147494,983443.7904697695
STR_005,2023-12-13,643012.72,644238.7943428612,158499.68965147494,802738.4839943361
STR_005,2023-12-14,530122.35,691836.8602410206,158499.68965147494,850336.5498924955
STR_005,2023-12-15,1373279.27,1165480.6544587018,158499.68965147494,1323980.344110177
STR_005,2023-12-16,1289328.54,1159808.661986734,158499.68965147494,1318308.351638209
STR_005,2023-12-17,866565.05,1055951.0124301675,158499.68965147494,1214450.7020816426
STR_005,2023-12-18,668800.28,638411.1606977317,158499.68965147494,796910.8503492066
STR_005,2023-12-19,822506.71,684463.8568567347,158499.68965147494,842963.5465082097
STR_005,2023-12-20,688704.48,609553.9070098163,158499.68965147494,768053.5966612912
STR_005,2023-12-21,744778.44,723415.8226328391,158499.68965147494,881915.512284314
STR_005,2023-12-22,697143.29,906109.1316627193,158499.68965147494,1064608.8213141942
STR_005,2023-12-23,968810.38,1076809.6670731502,158499.68965147494,1235309.356724625
STR_005,2023-12-24,1545737.03,1020216.7799840904,158499.68965147494,1178716.4696355653
STR_005,2023-12-25,1424021.23,998695.09920289,158499.68965147494,1157194.7888543648
STR_005,2023-12-26,690606.34,610857.7907487116,158499.68965147494,769357.4804001865
STR_005,2023-12-27,702052.83,683273.9260690691,158499.68965147494,841773.615720544
STR_005,2023-12-28,779305.79,788002.6488152386,158499.68965147494,946502.3384667136
STR_005,2023-12-29,243531.64,929090.2786126572,158499.68965147494,1087589.9682641323
STR_005,2023-12-30,1320705.34,1095510.6268023213,158499.68965147494,1254010.3164537963
STR_005,2023-12-31,1809714.1300000001,1267966.1796104861,158499.68965147494,1426465.869261961
STR_005,2024-01-01,143013.41,222186.3426709713,158499.68965147494,380686.03232244623
STR_005,2024-01-02,257928.15000000002,433835.3917832468,158499.68965147494,592335.0814347218
STR_005,2024-01-03,407484.53,424936.7450926421,158499.68965147494,583436.4347441171
STR_005,2024-01-04,271871.48,491696.6688579893,158499.68965147494,650196.3585094642
STR_005,2024-01-05,582853.65,615635.2208890654,158499.68965147494,774134.9105405404
STR_005,2024-01-06,690011.4199999999,803925.1793114109,158499.68965147494,962424.8689628858
STR_005,2024-01-07,607472.13,604521.4193593835,158499.68965147494,763021.1090108585
STR_005,2024-01-08,338135.85,341657.7612836881,158499.68965147494,500157.450935163
STR_005,2024-01-09,303797.09,318496.87583496625,158499.68965147494,476996.5654864412
STR_005,2024-01-10,370531.51,431953.65156611544,158499.68965147494,590453.3412175904
STR_005,2024-01-11,411871.7,417567.8102515311,158499.68965147494,576067.499903006
STR_005,2024-01-12,510252.15,474530.16973218886,158499.68965147494,633029.8593836639
STR_005,2024-01-13,455237.07,586456.7415613321,158499.68965147494,744956.4312128071
STR_005,2024-01-14,571647.91,551706.8530371685,158499.68965147494,710206.5426886434
STR_005,2024-01-15,382730.97000000003,374876.67222590215,158499.68965147494,533376.3618773771
STR_005,2024-01-16,250833.12,338134.91218901303,158499.68965147494,496634.601840488
STR_005,2024-01-17,334677.24,330639.3502491735,158499.68965147494,489139.03990064847
STR_005,2024-01-18,482661.34,431139.2950103703,158499.68965147494,589638.9846618453
STR_005,2024-01-19,494737.36,489781.8478186048,158499.68965147494,648281.5374700797
STR_005,2024-01-20,472424.75,700320.9084744471,158499.68965147494,858820.598125922
STR_005,2024-01-21,459564.47,525156.6131417564,158499.68965147494,683656.3027932313
STR_005,2024-01-22,258454.59,289684.51974929404,158499.68965147494,448184.209400769
STR_005,2024-01-23,319537.32,339029.65072773246,158499.68965147494,497529.3403792074
STR_005,2024-01-24,257306.08,392687.14638385957,158499.68965147494,551186.8360353345
STR_005,2024-01-25,387630.1,375058.6059084201,158499.68965147494,533558.295559895
STR_005,2024-01-26,452291.22,437051.7410823267,158499.68965147494,595551.4307338016
STR_005,2024-01-27,721548.41,654604.4734446503,158499.68965147494,813104.1630961252
STR_005,2024-01-28,510980.6,458129.48406672105,158499.68965147494,616629.173718196
STR_005,2024-01-29,353033.6,318398.43894279347,158499.68965147494,476898.1285942684
STR_005,2024-01-30,313929.28,316259.8499947031,158499.68965147494,474759.539646178
STR_005,2024-01-31,523917.63,476825.70883673726,158499.68965147494,635325.3984882121
STR_005,2024-02-01,391119.34,405371.4210452151,158499.68965147494,563871.11069669
STR_005,2024-02-02,460157.19,445240.11574599234,158499.68965147494,603739.8053974672
STR_005,2024-02-03,597632.97,630051.6549456206,158499.68965147494,788551.3445970955
STR_005,2024-02-04,669919.4199999999,546631.1950817535,158499.68965147494,705130.8847332285
STR_005,2024-02-05,214056.05,205268.61375338715,158499.68965147494,363768.30340486206
STR_005,2024-02-06,362004.41000000003,316712.37506175786,158499.68965147494,475212.0647132328
STR_005,2024-02-07,406515.66000000003,383434.4536797319,158499.68965147494,541934.1433312069
STR_005,2024-02-08,404305.08999999997,365636.96794160677,158499.68965147494,524136.6575930817
STR_005,2024-02-09,327209.82,471588.13015224936,158499.68965147494,630087.8198037243
STR_005,2024-02-10,602695.43,654394.3244526376,158499.68965147494,812894.0141041125
STR_005,2024-02-11,669192.52,564154.4935406278,158499.68965147494,722654.1831921027
STR_005,2024-02-12,346443.12,317379.1636581298,158499.68965147494,475878.85330960475
STR_005,2024-02-13,354071.24,315788.87164687936,158499.68965147494,474288.5612983543
STR_005,2024-02-14,268480.99,364906.5068032404,158499.68965147494,523406.19645471533
STR_005,2024-02-15,442517.67000000004,487258.4755127218,158499.68965147494,645758.1651641967
STR_005,2024-02-16,466758.35,464393.7699689637,158499.68965147494,622893.4596204386
STR_005,2024-02-17,631644.64,551875.482519002,158499.68965147494,710375.172170477
STR_005,2024-02-18,570292.41,516438.58668219676,158499.68965147494,674938.2763336718
STR_005,2024-02-19,322163.74,311745.9618146505,158499.68965147494,470245.65146612545
STR_005,2024-02-20,388304.4,362057.1019420498,158499.68965147494,520556.79159352474
STR_005,2024-02-21,362493.14,313505.5454395237,158499.68965147494,472005.23509099864
STR_005,2024-02-22,428880.7,387048.10571668897,158499.68965147494,545547.7953681638
STR_005,2024-02-23,523741.32,473253.98387833504,158499.68965147494,631753.67352981
STR_005,2024-02-24,584759.35,578850.3706353225,158499.68965147494,737350.0602867975
STR_005,2024-02-25,641432.21,538102.5737429046,158499.68965147494,696602.2633943795
STR_005,2024-02-26,348719.6,323042.6259699774,158499.68965147494,481542.31562145235
STR_005,2024-02-27,338285.37,325006.3587279894,158499.68965147494,483506.04837946437
STR_005,2024-02-28,317847.9,367397.2513208246,158499.68965147494,525896.9409722995
STR_005,2024-02-29,364533.03,478016.6231059279,158499.68965147494,636516.3127574029
STR_006,2023-12-01,864256.78,799218.5029953651,128170.11820765195,927388.621203017
STR_006,2023-12-02,961599.6699999999,963052.9693854313,128170.11820765195,1091223.0875930833
STR_006,2023-12-03,668372.6799999999,939425.151367451,128170.11820765195,1067595.269575103
STR_006,2023-12-04,550443.56,497581.6836551578,128170.11820765195,625751.8018628098
STR_006,2023-12-05,619613.85,601303.023983136,128170.11820765195,729473.1421907879
STR_006,2023-12-06,421636.69,504881.0437334255,128170.11820765195,633051.1619410774
STR_006,2023-12-07,647499.01,634080.8389090776,128170.11820765195,762250.9571167296
STR_006,2023-12-08,507707.78,732529.335640721,128170.11820765195,860699.4538483729
STR_006,2023-12-09,783158.3,929787.9460422274,128170.11820765195,1057958.0642498794
STR_006,2023-12-10,883383.5499999999,851143.097139187,128170.11820765195,979313.215346839
STR_006,2023-12-11,391628.69,560883.9178961049,128170.11820765195,689054.0361037569
STR_006,2023-12-12,709048.11,771727.1675647432,128170.11820765195,899897.2857723951
STR_006,2023-12-13,608011.98,566852.8098566638,128170.11820765195,695022.9280643158
STR_006,2023-12-14,584657.69,629847.9542379279,128170.11820765195,758018.0724455798
STR_006,2023-12-15,1375951.6,1135773.1055935055,128170.11820765195,1263943.2238011574
STR_006,2023-12-16,1208641.76,1165335.8886226492,128170.11820765195,1293506.0068303011
STR_006,2023-12-17,923612.69,955117.5143940352,128170.11820765195,1083287.6326016872
STR_006,2023-12-18,705246.48,623617.4581311025,128170.11820765195,751787.5763387545
STR_006,2023-12-19,640127.64,531626.0278756538,128170.11820765195,659796.1460833058
STR_006,2023-12-20,622971.12,593580.7762419069,128170.11820765195,721750.8944495588
STR_006,2023-12-21,610853.44,641730.0777041164,128170.11820765195,769900.1959117684
STR_006,2023-12-22,877568.03,881155.9932731298,128170.11820765195,1009326.1114807818
STR_006,2023-12-23,949548.75,969615.9430040629,128170.11820765195,1097786.0612117148
STR_006,2023-12-24,2850404.24,1061255.0676844036,128170.11820765195,1189425.1858920555
STR_006,2023-12-25,1160054.5,1041744.6544232154,128170.11820765195,1169914.7726308673
STR_006,2023-12-26,737003.29,620737.4735963712,128170.11820765195,748907.5918040231
STR_006,2023-12-27,649565.52,601016.0541890151,128170.11820765195,729186.1723966671
STR_006,2023-12-28,592968.0,628797.634909093,128170.11820765195,756967.753116745
STR_006,2023-12-29,805092.64,968732.9205762584,128170.11820765195,1096903.0387839105
STR_006,2023-12-30,987672.71,1183380.2102876634,128170.11820765195,1311550.3284953153
STR_006,2023-12-31,2813984.95,1302734.0285789515,128170.11820765195,1430904.1467866034
STR_006,2024-01-01,132213.61,197911.2467919443,128170.11820765195,326081.36499959626
STR_006,2024-01-02,349671.18,395338.1441966143,128170.11820765195,523508.2624042662
STR_006,2024-01-03,326889.52999999997,365514.5296680501,128170.11820765195,493684.64787570207
STR_006,2024-01-04,436877.51,430459.7853525063,128170.11820765195,558629.9035601583
STR_006,2024-01-05,545497.7999999999,557680.1245666706,128170.11820765195,685850.2427743226
STR_006,2024-01-06,685523.9299999999,678787.5171483557,128170.11820765195,806957.6353560076
STR_006,2024-01-07,487530.70999999996,697862.0385970226,128170.11820765195,826032.1568046745
STR_006,2024-01-08,315127.86,335522.54293772625,128170.11820765195,463692.6611453782
STR_006,2024-01-09,330156.29000000004,344980.662151049,128170.11820765195,473150.78035870095
STR_006,2024-01-10,361905.1,383796.5443280161,128170.11820765195,511966.66253566806
STR_006,2024-01-11,229440.95,439373.95376641746,128170.11820765195,567544.0719740693
STR_006,2024-01-12,373021.94,445972.206972287,128170.11820765195,574142.3251799389
STR_006,2024-01-13,452278.77,652054.6005284437,128170.11820765195,780224.7187360956
STR_006,2024-01-14,704925.02,665935.167241237,128170.11820765195,794105.285448889
STR_006,2024-01-15,424160.79000000004,391747.5477629458,128170.11820765195,519917.66597059777
STR_006,2024-01-16,321414.45,305323.2362499018,128170.11820765195,433493.35445755377
STR_006,2024-01-17,213371.09,386949.98249968834,128170.11820765195,515120.1007073403
STR_006,2024-01-18,405096.5,392379.8471354108,128170.11820765195,520549.96534306277
STR_006,2024-01-19,445898.57,515762.55498023727,128170.11820765195,643932.6731878892
STR_006,2024-01-20,636155.81,603824.1031334085,128170.11820765195,731994.2213410605
STR_006,2024-01-21,370635.91,499784.7496951256,128170.11820765195,627954.8679027776
STR_006,2024-01-22,319016.07,373631.58045775397,128170.11820765195,501801.6986654059
STR_006,2024-01-23,363175.42,372139.40494083776,128170.11820765195,500309.5231484897
STR_006,2024-01-24,371316.33,338279.86067231256,128170.11820765195,466449.9788799645
STR_006,2024-01-25,393922.12,373480.74773779983,128170.11820765195,501650.8659454518
STR_006,2024-01-26,499983.72,478085.9598221142,128170.11820765195,606256.0780297662
STR_006,2024-01-27,565852.74,601059.6131138463,128170.11820765195,729229.7313214983
STR_006,2024-01-28,621849.27,646976.2981637993,128170.11820765195,775146.4163714512
STR_006,2024-01-29,309817.9,290693.0210141005,128170.11820765195,418863.13922175247
STR_006,2024-01-30,338407.08,319076.9664508898,128170.11820765195,447247.0846585418
STR_006,2024-01-31,439788.33,379971.302654118,128170.11820765195,508141.42086176993
STR_006,2024-02-01,309305.32,352122.7553402494,128170.11820765195,480292.87354790134
STR_006,2024-02-02,415656.03,496420.0018288451,128170.11820765195,624590.120036497
STR_006,2024-02-03,569199.83,636145.856410756,128170.11820765195,764315.9746184079
STR_006,2024-02-04,528328.5,459253.1463112454,128170.11820765195,587423.2645188973
STR_006,2024-02-05,190470.01,183793.680176335,128170.11820765195,311963.7983839869
STR_006,2024-02-06,270379.69,315286.8879179169,128170.11820765195,443457.0061255688
STR_006,2024-02-07,277862.79,325856.0615038182,128170.11820765195,454026.17971147015
STR_006,2024-02-08,367782.75,366908.7391406829,128170.11820765195,495078.85734833486
STR_006,2024-02-09,568438.56,433987.8246306005,128170.11820765195,562157.9428382525
STR_006,2024-02-10,426976.87,584909.2427645752,128170.11820765195,713079.3609722271
STR_006,2024-02-11,575124.03,581431.3236956927,128170.11820765195,709601.4419033446
STR_006,2024-02-12,343260.78,295624.2523090545,128170.11820765195,423794.37051670643
STR_006,2024-02-13,295596.2,281993.9536993183,128170.11820765195,410164.07190697023
STR_006,2024-02-14,319945.08,336295.0834279573,128170.11820765195,464465.20163560926
STR_006,2024-02-15,496371.62,451450.79066273256,128170.11820765195,579620.9088703846
STR_006,2024-02-16,402717.9,463947.8820826848,128170.11820765195,592118.0002903368
STR_006,2024-02-17,561033.79,542765.05424222,128170.11820765195,670935.1724498719
STR_006,2024-02-18,446661.95999999996,536679.9215360781,128170.11820765195,664850.0397437301
STR_006,2024-02-19,283549.95,277661.92759573774,128170.11820765195,405832.0458033897
STR_006,2024-02-20,382409.83,333700.20420553593,128170.11820765195,461870.3224131879
STR_006,2024-02-21,321119.38,336384.25434566,128170.11820765195,464554.3725533119
STR_006,2024-02-22,308987.56,372001.5839464349,128170.11820765195,500171.70215408684
STR_006,2024-02-23,475645.91000000003,423406.6496652505,128170.11820765195,551576.7678729024
STR_006,2024-02-24,689809.67,627130.5450290644,128170.11820765195,755300.6632367163
STR_006,2024-02-25,648993.71,512743.97321419907,128170.11820765195,640914.091421851
STR_006,2024-02-26,269474.32,314615.8155340655,128170.11820765195,442785.9337417174
STR_006,2024-02-27,216602.34,334818.03794063255,128170.11820765195,462988.1561482845
STR_006,2024-02-28,396610.27,310299.42988178367,128170.11820765195,438469.5480894356
STR_006,2024-02-29,507102.17,522936.0588251614,128170.11820765195,651106.1770328134
STR_007,2023-12-01,1054999.04,1137409.1724880035,255145.01344362926,1392554.1859316328
STR_007,2023-12-02,1276648.28,1443772.802311365,255145.01344362926,1698917.8157549943
STR_007,2023-12-03,1059503.97,1301650.753158425,255145.01344362926,1556795.7666020542
STR_007,2023-12-04,842124.0499999999,860237.7702403413,255145.01344362926,1115382.7836839706
STR_007,2023-12-05,634052.34,820037.8533388099,255145.01344362926,1075182.8667824392
STR_007,2023-12-06,1109675.48,1044525.1512112708,255145.01344362926,1299670.1646549
STR_007,2023-12-07,1185440.45,1090073.3658701521,255145.01344362926,1345218.3793137814
STR_007,2023-12-08,839000.04,1111790.8752178,255145.01344362926,1366935.8886614293
STR_007,2023-12-09,1454558.2000000002,1384419.372543498,255145.01344362926,1639564.3859871272
STR_007,2023-12-10,1090218.83,1390566.2446539013,255145.01344362926,1645711.2580975306
STR_007,2023-12-11,950956.02,892444.6541396749,255145.01344362926,1147589.667583304
STR_007,2023-12-12,1430700.88,1078683.9478546458,255145.01344362926,1333828.961298275
STR_007,2023-12-13,906167.1599999999,1015951.7282632514,255145.01344362926,1271096.7417068807
STR_007,2023-12-14,1506873.77,1152986.529277315,255145.01344362926,1408131.5427209442
STR_007,2023-12-15,1508118.8399999999,1380482.0449918236,255145.01344362926,1635627.0584354529
STR_007,2023-12-16,1913177.68,1462707.0917708755,255145.01344362926,1717852.1052145048
STR_007,2023-12-17,1867942.3800000001,1408521.020379394,255145.01344362926,1663666.0338230233
STR_007,2023-12-18,992213.54,956243.2702708213,255145.01344362926,1211388.2837144504
STR_007,2023-12-19,980366.03,1065605.0493591346,255145.01344362926,1320750.062802764
STR_007,2023-12-20,915876.52,971365.3543254165,255145.01344362926,1226510.3677690458
STR_007,2023-12-21,1081753.79,1143010.0903931218,255145.01344362926,1398155.103836751
STR_007,2023-12-22,1401801.2000000002,1367135.3473672487,255145.01344362926,1622280.360810878
STR_007,2023-12-23,1965736.23,1462707.0917708755,255145.01344362926,1717852.1052145048
STR_007,2023-12-24,3859256.84,1417666.0042061172,255145.01344362926,1672811.0176497465
STR_007,2023-12-25,1731386.8900000001,1321718.0101451322,255145.01344362926,1576863.0235887615
STR_007,2023-12-26,1130119.38,1133435.9961200985,255145.01344362926,1388581.0095637278
STR_007,2023-12-27,1386793.76,1131734.5703649614,255145.01344362926,1386879.5838085907
STR_007,2023-12-28,1245474.99,1263793.9999419698,255145.01344362926,1518939.013385599
STR_007,2023-12-29,1551682.9,1380609.2467391654,255145.01344362926,1635754.2601827946
STR_007,2023-12-30,1811463.41,1461372.5549336318,255145.01344362926,1716517.568377261
STR_007,2023-12-31,3596142.55,1506269.3419859598,255145.01344362926,1761414.355429589
STR_007,2024-01-01,206335.84,292061.6876429628,255145.01344362926,547206.701086592
STR_007,2024-01-02,553416.29,607888.9328818579,255145.01344362926,863033.9463254871
STR_007,2024-01-03,643846.23,732379.4995426652,255145.01344362926,987524.5129862945
STR_007,2024-01-04,687233.16,744342.4435231087,255145.01344362926,999487.456966738
STR_007,2024-01-05,815178.63,796731.4143694026,255145.01344362926,1051876.4278130317
STR_007,2024-01-06,954873.24,1085408.432438513,255145.01344362926,1340553.4458821423
STR_007,2024-01-07,914242.38,896599.957723162,255145.01344362926,1151744.9711667914
STR_007,2024-01-08,394374.85,482492.2932361298,255145.01344362926,737637.306679759
STR_007,2024-01-09,714381.14,604740.8182195676,255145.01344362926,859885.8316631969
STR_007,2024-01-10,429365.37,588814.6698623304,255145.01344362926,843959.6833059597
STR_007,2024-01-11,512456.83,620672.5361135083,255145.01344362926,875817.5495571375
STR_007,2024-01-12,723312.19,758016.1159659462,255145.01344362926,1013161.1294095755
STR_007,2024-01-13,1104465.98,1049678.1908925169,255145.01344362926,1304823.2043361461
STR_007,2024-01-14,826389.58,785366.0908406182,255145.01344362926,1040511.1042842475
STR_007,2024-01-15,789951.38,738785.9687212824,255145.01344362926,993930.9821649117
STR_007,2024-01-16,464056.3,462227.72603970993,255145.01344362926,717372.7394833392
STR_007,2024-01-17,565150.39,509425.29929482244,255145.01344362926,764570.3127384516
STR_007,2024-01-18,649521.73,641907.4906268718,255145.01344362926,897052.5040705011
STR_007,2024-01-19,707589.22,785952.5793521845,255145.01344362926,1041097.5927958138
STR_007,2024-01-20,665193.1799999999,873210.1308857774,255145.01344362926,1128355.1443294068
STR_007,2024-01-21,909864.49,943428.8333438397,255145.01344362926,1198573.846787469
STR_007,2024-01-22,348725.11,499939.27559955843,255145.01344362926,755084.2890431876
STR_007,2024-01-23,452345.37,547744.7302008684,255145.01344362926,802889.7436444977
STR_007,2024-01-24,587114.22,557776.0548755961,255145.01344362926,812921.0683192253
STR_007,2024-01-25,640488.29,596395.7151036804,255145.01344362926,851540.7285473096
STR_007,2024-01-26,777804.1900000001,715065.8728239808,255145.01344362926,970210.88626761
STR_007,2024-01-27,785825.92,932031.3089532618,255145.01344362926,1187176.3223968912
STR_007,2024-01-28,928243.81,894025.8482792303,255145.01344362926,1149170.8617228596
STR_007,2024-01-29,540774.34,466360.1436048699,255145.01344362926,721505.1570484992
STR_007,2024-01-30,612781.56,534628.183027647,255145.01344362926,789773.1964712762
STR_007,2024-01-31,710008.73,745049.5775869406,255145.01344362926,1000194.5910305699
STR_007,2024-02-01,615991.31,637599.6546415178,255145.01344362926,892744.668085147
STR_007,2024-02-02,645694.11,728337.2781157256,255145.01344362926,983482.2915593549
STR_007,2024-02-03,695840.51,942311.475744276,255145.01344362926,1197456.489187905
STR_007,2024-02-04,959929.99,872935.7513496188,255145.01344362926,1128080.764793248
STR_007,2024-02-05,348710.48,304170.67253195494,255145.01344362926,559315.6859755842
STR_007,2024-02-06,590389.96,533746.4741288995,255145.01344362926,788891.4875725288
STR_007,2024-02-07,561235.45,528955.2934489632,255145.01344362926,784100.3068925925
STR_007,2024-02-08,605970.24,595320.7654672008,255145.01344362926,850465.77891083
STR_007,2024-02-09,828646.7899999999,751307.6049750062,255145.01344362926,1006452.6184186355
STR_007,2024-02-10,742743.31,956636.6551255672,255145.01344362926,1211781.6685691965
STR_007,2024-02-11,760492.04,768342.833023106,255145.01344362926,1023487.8464667352
STR_007,2024-02-12,536105.32,532018.8955732231,255145.01344362926,787163.9090168524
STR_007,2024-02-13,498663.11,524760.0390392129,255145.01344362926,779905.0524828421
STR_007,2024-02-14,546537.5700000001,551821.2283799759,255145.01344362926,806966.2418236051
STR_007,2024-02-15,943958.45,756582.6522154337,255145.01344362926,1011727.6656590629
STR_007,2024-02-16,735264.41,681722.672700918,255145.01344362926,936867.6861445473
STR_007,2024-02-17,1158458.44,957866.7199979995,255145.01344362926,1213011.7334416287
STR_007,2024-02-18,485506.74,842732.6145693745,255145.01344362926,1097877.6280130036
STR_007,2024-02-19,523232.37,555012.1952738356,255145.01344362926,810157.2087174648
STR_007,2024-02-20,535079.72,535528.4439562382,255145.01344362926,790673.4573998675
STR_007,2024-02-21,379797.44,490365.66398787475,255145.01344362926,745510.677431504
STR_007,2024-02-22,581563.86,657107.5143548907,255145.01344362926,912252.5277985199
STR_007,2024-02-23,690855.67,702223.6680603066,255145.01344362926,957368.6815039358
STR_007,2024-02-24,875233.37,980789.8739704908,255145.01344362926,1235934.8874141201
STR_007,2024-02-25,910363.05,842510.3899445462,255145.01344362926,1097655.4033881754
STR_007,2024-02-26,324538.08999999997,486323.22659605375,255145.01344362926,741468.240039683
STR_007,2024-02-27,540695.54,559489.7886579029,255145.01344362926,814634.8021015321
STR_007,2024-02-28,527861.02,528545.3927467694,255145.01344362926,783690.4061903986
STR_007,2024-02-29,617030.92,654620.0050809567,255145.01344362926,909765.018524586
STR_008,2023-12-01,1266346.72,1273003.058653626,330749.6986602957,1603752.7573139216
STR_008,2023-12-02,1536219.8900000001,1494553.5592118865,330749.6986602957,1825303.2578721822
STR_008,2023-12-03,1418246.55,1323069.7070858032,330749.6986602957,1653819.4057460988
STR_008,2023-12-04,803241.35,779160.5934728503,330749.6986602957,1109910.292133146
STR_008,2023-12-05,748649.12,933567.437534538,330749.6986602957,1264317.1361948336
STR_008,2023-12-06,1158930.08,912632.8704392868,330749.6986602957,1243382.5690995825
STR_008,2023-12-07,1001848.2200000001,939746.0509195364,330749.6986602957,1270495.749579832
STR_008,2023-12-08,1179961.12,1177749.8632359942,330749.6986602957,1508499.56189629
STR_008,2023-12-09,1796718.25,1494819.0937031014,330749.6986602957,1825568.792363397
STR_008,2023-12-10,1140712.54,1410528.465909068,330749.6986602957,1741278.1645693637
STR_008,2023-12-11,855232.72,832000.7880933889,330749.6986602957,1162750.4867536845
STR_008,2023-12-12,1249952.76,963327.4992219674,330749.6986602957,1294077.197882263
STR_008,2023-12-13,885006.46,880586.043479069,330749.6986602957,1211335.7421393646
STR_008,2023-12-14,868460.62,948659.9854100542,330749.6986602957,1279409.68407035
STR_008,2023-12-15,2199613.84,1472319.3459529139,330749.6986602957,1803069.0446132096
STR_008,2023-12-16,1669136.51,1494819.0937031014,330749.6986602957,1825568.792363397
STR_008,2023-12-17,1822259.29,1442250.4536048258,330749.6986602957,1773000.1522651215
STR_008,2023-12-18,1006555.8300000001,874638.4689477581,330749.6986602957,1205388.167608054
STR_008,2023-12-19,1069140.03,1072175.5279057384,330749.6986602957,1402925.2265660341
STR_008,2023-12-20,1103602.56,1011081.6884400948,330749.6986602957,1341831.3871003906
STR_008,2023-12-21,1265981.96,1032309.1435406879,330749.6986602957,1363058.8422009835
STR_008,2023-12-22,993122.17,1412073.874932518,330749.6986602957,1742823.5735928137
STR_008,2023-12-23,1828719.9500000002,1474248.2337628081,330749.6986602957,1804997.9324231038
STR_008,2023-12-24,4396280.51,1442201.09380145,330749.6986602957,1772950.7924617457
STR_008,2023-12-25,2295411.49,1326835.2409006734,330749.6986602957,1657584.9395609691
STR_008,2023-12-26,897689.72,1007775.0068546375,330749.6986602957,1338524.7055149332
STR_008,2023-12-27,1270798.77,1123607.4837347397,330749.6986602957,1454357.1823950354
STR_008,2023-12-28,1177158.33,1199621.3231718969,330749.6986602957,1530371.0218321925
STR_008,2023-12-29,1477041.16,1416907.8890390398,330749.6986602957,1747657.5876993355
STR_008,2023-12-30,1828913.7200000002,1494819.0937031014,330749.6986602957,1825568.792363397
STR_008,2023-12-31,2216617.2,1540885.5941739713,330749.6986602957,1871635.292834267
STR_008,2024-01-01,214635.46,275140.0251832861,330749.6986602957,605889.7238435817
STR_008,2024-01-02,503848.53,642501.9208923677,330749.6986602957,973251.6195526634
STR_008,2024-01-03,630287.8300000001,668572.6249314541,330749.6986602957,999322.3235917498
STR_008,2024-01-04,613981.22,692993.0995359326,330749.6986602957,1023742.7981962283
STR_008,2024-01-05,838988.65,844631.0728123058,330749.6986602957,1175380.7714726015
STR_008,2024-01-06,674907.52,1091298.8439015977,330749.6986602957,1422048.5425618934
STR_008,2024-01-07,882449.78,919231.5373129792,330749.6986602957,1249981.2359732748
STR_008,2024-01-08,519653.72,473566.8831587386,330749.6986602957,804316.5818190343
STR_008,2024-01-09,519175.72,565628.0753498768,330749.6986602957,896377.7740101725
STR_008,2024-01-10,432349.51,461411.8947360109,330749.6986602957,792161.5933963065
STR_008,2024-01-11,578965.6,588594.7374801892,330749.6986602957,919344.4361404849
STR_008,2024-01-12,714971.25,720306.104642296,330749.6986602957,1051055.8033025917
STR_008,2024-01-13,1043263.9500000001,978995.4905050923,330749.6986602957,1309745.189165388
STR_008,2024-01-14,817483.0800000001,744309.7377638686,330749.6986602957,1075059.4364241643
STR_008,2024-01-15,640388.5700000001,683860.4467833007,330749.6986602957,1014610.1454435964
STR_008,2024-01-16,554168.79,546041.9336209485,330749.6986602957,876791.6322812442
STR_008,2024-01-17,616986.89,588437.0318276441,330749.6986602957,919186.7304879398
STR_008,2024-01-18,593020.74,656061.1346238187,330749.6986602957,986810.8332841144
STR_008,2024-01-19,823678.21,736443.7353014385,330749.6986602957,1067193.4339617342
STR_008,2024-01-20,873983.49,867591.2395098524,330749.6986602957,1198340.938170148
STR_008,2024-01-21,914109.63,795509.9338082835,330749.6986602957,1126259.6324685793
STR_008,2024-01-22,477650.88,523503.78044339584,330749.6986602957,854253.4791036915
STR_008,2024-01-23,513250.98,573434.2498023282,330749.6986602957,904183.9484626239
STR_008,2024-01-24,513647.55,576012.5313772077,330749.6986602957,906762.2300375034
STR_008,2024-01-25,612084.14,604294.7730579039,330749.6986602957,935044.4717181996
STR_008,2024-01-26,498468.65,589941.0653711361,330749.6986602957,920690.7640314318
STR_008,2024-01-27,1061077.44,910595.2683869759,330749.6986602957,1241344.9670472716
STR_008,2024-01-28,939033.51,826565.1055065347,330749.6986602957,1157314.8041668304
STR_008,2024-01-29,551571.15,438852.7433569097,330749.6986602957,769602.4420172054
STR_008,2024-01-30,474403.95,485130.05145321,330749.6986602957,815879.7501135056
STR_008,2024-01-31,658378.28,601925.1337804839,330749.6986602957,932674.8324407795
STR_008,2024-02-01,574219.17,542098.6716889327,330749.6986602957,872848.3703492284
STR_008,2024-02-02,780677.93,714628.6739283827,330749.6986602957,1045378.3725886784
STR_008,2024-02-03,782915.44,930629.6355405964,330749.6986602957,1261379.3342008921
STR_008,2024-02-04,920595.49,812567.5287880625,330749.6986602957,1143317.2274483582
STR_008,2024-02-05,288784.32,322772.66639529524,330749.6986602957,653522.3650555909
STR_008,2024-02-06,519715.44,474205.63234945986,330749.6986602957,804955.3310097556
STR_008,2024-02-07,535177.84,513496.74346289935,330749.6986602957,844246.442123195
STR_008,2024-02-08,645039.65,598939.0795250968,330749.6986602957,929688.7781853925
STR_008,2024-02-09,646188.0,666432.9353342061,330749.6986602957,997182.6339945018
STR_008,2024-02-10,821626.65,978849.7283039489,330749.6986602957,1309599.4269642446
STR_008,2024-02-11,724112.06,670209.625440863,330749.6986602957,1000959.3241011587
STR_008,2024-02-12,522540.76,519124.1956055946,330749.6986602957,849873.8942658904
STR_008,2024-02-13,425357.51,533942.7066016495,330749.6986602957,864692.4052619452
STR_008,2024-02-14,677757.33,590202.0233322529,330749.6986602957,920951.7219925486
STR_008,2024-02-15,821537.5,779906.7809384881,330749.6986602957,1110656.479598784
STR_008,2024-02-16,702712.45,737779.3075219089,330749.6986602957,1068529.0061822045
STR_008,2024-02-17,1112765.6,962620.711971452,330749.6986602957,1293370.4106317477
STR_008,2024-02-18,799213.37,839731.3507358123,330749.6986602957,1170481.049396108
STR_008,2024-02-19,577546.36,485957.0660678306,330749.6986602957,816706.7647281263
STR_008,2024-02-20,282072.02,543848.1508532698,330749.6986602957,874597.8495135655
STR_008,2024-02-21,592260.53,611636.3033035501,330749.6986602957,942386.0019638458
STR_008,2024-02-22,554779.39,535614.1160344875,330749.6986602957,866363.8146947832
STR_008,2024-02-23,626573.96,656952.1847689479,330749.6986602957,987701.8834292436
STR_008,2024-02-24,953252.6699999999,893988.9490457367,330749.6986602957,1224738.6477060323
STR_008,2024-02-25,895890.1799999999,787992.4728272548,330749.6986602957,1118742.1714875505
STR_008,2024-02-26,585695.88,524179.007833688,330749.6986602957,854928.7064939837
STR_008,2024-02-27,501617.57,583694.4684590147,330749.6986602957,914444.1671193104
STR_008,2024-02-28,387517.64,608582.5134240995,330749.6986602957,939332.2120843952
STR_008,2024-02-29,824118.87,735426.4521319744,330749.6986602957,1066176.15079227
STR_009,2023-12-01,558322.97,797927.8713161214,105226.39435573725,903154.2656718587
STR_009,2023-12-02,919553.64,917547.8489363068,105226.39435573725,1022774.243292044
STR_009,2023-12-03,1025648.1499999999,856450.2698633857,105226.39435573725,961676.664219123
STR_009,2023-12-04,372406.65,523357.23196545814,105226.39435573725,628583.6263211954
STR_009,2023-12-05,583886.91,519120.6509378561,105226.39435573725,624347.0452935933
STR_009,2023-12-06,479440.88,637260.5254631081,105226.39435573725,742486.9198188453
STR_009,2023-12-07,693755.54,670699.2636597734,105226.39435573725,775925.6580155106
STR_009,2023-12-08,812922.22,792711.8951105669,105226.39435573725,897938.2894663041
STR_009,2023-12-09,1031354.89,1078417.4063176066,105226.39435573725,1183643.8006733437
STR_009,2023-12-10,884527.74,856149.3609225011,105226.39435573725,961375.7552782383
STR_009,2023-12-11,529663.87,528016.0866310349,105226.39435573725,633242.4809867721
STR_009,2023-12-12,654440.3300000001,671439.9867251399,105226.39435573725,776666.3810808772
STR_009,2023-12-13,450773.20999999996,525791.8283116216,105226.39435573725,631018.2226673588
STR_009,2023-12-14,628041.1,660350.6976716944,105226.39435573725,765577.0920274317
STR_009,2023-12-15,1375672.24,1093875.8287594086,105226.39435573725,1199102.2231151457
STR_009,2023-12-16,1038852.13,1169726.5076469888,105226.39435573725,1274952.9020027262
STR_009,2023-12-17,1079716.41,861840.8957788462,105226.39435573725,967067.2901345835
STR_009,2023-12-18,636786.22,594464.6445214689,105226.39435573725,699691.0388772062
STR_009,2023-12-19,686197.11,659408.7710178418,105226.39435573725,764635.165373579
STR_009,2023-12-20,485301.92000000004,572311.0133209376,105226.39435573725,677537.4076766749
STR_009,2023-12-21,719168.32,743687.4281489427,105226.39435573725,848913.8225046799
STR_009,2023-12-22,837857.6799999999,1030458.8452343182,105226.39435573725,1135685.2395900553
STR_009,2023-12-23,1150807.09,1077279.5378285719,105226.39435573725,1182505.9321843092
STR_009,2023-12-24,2687379.73,1073381.0119106383,105226.39435573725,1178607.4062663754
STR_009,2023-12-25,1292866.87,985874.6297676117,105226.39435573725,1091101.024123349
STR_009,2023-12-26,680732.51,682675.0157417059,105226.39435573725,787901.4100974431
STR_009,2023-12-27,646090.63,538970.322046345,105226.39435573725,644196.7164020822
STR_009,2023-12-28,469023.76,591141.2259640108,105226.39435573725,696367.6203197481
STR_009,2023-12-29,759216.39,851996.3051576845,105226.39435573725,957222.6995134217
STR_009,2023-12-30,966470.9199999999,1207271.6462085177,105226.39435573725,1312498.0405642549
STR_009,2023-12-31,2402862.66,1323785.6734324573,105226.39435573725,1429012.0677881944
STR_009,2024-01-01,111645.86,200634.8440286411,105226.39435573725,305861.2383843784
STR_009,2024-01-02,433438.82,442038.90556414716,105226.39435573725,547265.2999198844
STR_009,2024-01-03,390625.67,415136.60858531075,105226.39435573725,520363.002941048
STR_009,2024-01-04,427721.11,435336.26347873884,105226.39435573725,540562.6578344761
STR_009,2024-01-05,557267.63,507413.1044101585,105226.39435573725,612639.4987658958
STR_009,2024-01-06,646896.25,689769.2634351655,105226.39435573725,794995.6577909028
STR_009,2024-01-07,502028.45999999996,589222.2245616707,105226.39435573725,694448.6189174079
STR_009,2024-01-08,313834.01,349272.0411216155,105226.39435573725,454498.43547735276
STR_009,2024-01-09,239303.32,349416.30613892456,105226.39435573725,454642.7004946618
STR_009,2024-01-10,336734.79,362921.844278665,105226.39435573725,468148.2386344023
STR_009,2024-01-11,370517.78,398450.1490881738,105226.39435573725,503676.54344391107
STR_009,2024-01-12,403645.35,497820.2028314271,105226.39435573725,603046.5971871644
STR_009,2024-01-13,419245.74,653075.4312129942,105226.39435573725,758301.8255687314
STR_009,2024-01-14,498060.72,562866.0005433823,105226.39435573725,668092.3948991195
STR_009,2024-01-15,284613.34,380543.238215387,105226.39435573725,485769.63257112424
STR_009,2024-01-16,331809.96,356505.723654306,105226.39435573725,461732.1180100433
STR_009,2024-01-17,375575.99,388416.63760591706,105226.39435573725,493643.0319616543
STR_009,2024-01-18,419231.29000000004,421725.2590093449,105226.39435573725,526951.6533650821
STR_009,2024-01-19,436496.43000000005,435613.8715592438,105226.39435573725,540840.265914981
STR_009,2024-01-20,502548.03,636280.3264807841,105226.39435573725,741506.7208365214
STR_009,2024-01-21,527016.0700000001,539044.7717650083,105226.39435573725,644271.1661207456
STR_009,2024-01-22,312352.22,314217.0748751569,105226.39435573725,419443.4692308942
STR_009,2024-01-23,301265.97,322076.9059974242,105226.39435573725,427303.30035316147
STR_009,2024-01-24,362843.72000000003,392693.7039554826,105226.39435573725,497920.09831121983
STR_009,2024-01-25,380028.0,412559.69423968473,105226.39435573725,517786.088595422
STR_009,2024-01-26,400254.7,437359.693522977,105226.39435573725,542586.0878787143
STR_009,2024-01-27,648784.04,656184.8404709069,105226.39435573725,761411.2348266442
STR_009,2024-01-28,414873.31,499305.5700252625,105226.39435573725,604531.9643809998
STR_009,2024-01-29,292249.25,294636.6144362677,105226.39435573725,399863.00879200496
STR_009,2024-01-30,298643.06,320660.41492700164,105226.39435573725,425886.8092827389
STR_009,2024-01-31,567690.56,491140.1705680454,105226.39435573725,596366.5649237826
STR_009,2024-02-01,395093.07,341442.75722695264,105226.39435573725,446669.1515826899
STR_009,2024-02-02,465851.1,447174.3827305147,105226.39435573725,552400.7770862519
STR_009,2024-02-03,587400.15,568036.3262774745,105226.39435573725,673262.7206332118
STR_009,2024-02-04,502696.64,473027.4186836103,105226.39435573725,578253.8130393475
STR_009,2024-02-05,212604.47999999998,197435.50943103,105226.39435573725,302661.9037867673
STR_009,2024-02-06,346525.68,278601.9893375511,105226.39435573725,383828.3836932884
STR_009,2024-02-07,375085.14,339397.53217438323,105226.39435573725,444623.9265301205
STR_009,2024-02-08,317466.62,359949.9284677644,105226.39435573725,465176.32282350166
STR_009,2024-02-09,466109.29000000004,476897.9596249626,105226.39435573725,582124.3539806998
STR_009,2024-02-10,570794.11,546690.685613594,105226.39435573725,651917.0799693313
STR_009,2024-02-11,492509.29000000004,396505.6390429145,105226.39435573725,501732.03339865175
STR_009,2024-02-12,315110.85,287921.84004431777,105226.39435573725,393148.234400055
STR_009,2024-02-13,267700.82,301057.73973287677,105226.39435573725,406284.134088614
STR_009,2024-02-14,284201.52999999997,301312.32285948016,105226.39435573725,406538.7172152174
STR_009,2024-02-15,348578.23,544540.4482321342,105226.39435573725,649766.8425878715
STR_009,2024-02-16,507208.46,484580.5204071275,105226.39435573725,589806.9147628648
STR_009,2024-02-17,540704.16,524787.8528738348,105226.39435573725,630014.247229572
STR_009,2024-02-18,572729.86,507030.31050368526,105226.39435573725,612256.7048594225
STR_009,2024-02-19,252507.84,276596.77885660285,105226.39435573725,381823.1732123401
STR_009,2024-02-20,302013.05,323056.6218783278,105226.39435573725,428283.01623406506
STR_009,2024-02-21,224324.79,332094.90602449165,105226.39435573725,437321.3003802289
STR_009,2024-02-22,400244.22,359266.3076659387,105226.39435573725,464492.70202167594
STR_009,2024-02-23,409225.25,424703.21634731884,105226.39435573725,529929.6107030561
STR_009,2024-02-24,638220.72,566048.2317850835,105226.39435573725,671274.6261408208
STR_009,2024-02-25,562773.42,482478.7007286387,105226.39435573725,587705.0950843759
STR_009,2024-02-26,320845.59,314317.06435643544,105226.39435573725,419543.4587121727
STR_009,2024-02-27,358631.33,353287.1923785271,105226.39435573725,458513.58673426433
STR_009,2024-02-28,327518.84,310606.85172763286,105226.39435573725,415833.2460833701
STR_009,2024-02-29,540469.16,490237.3270861678,105226.39435573725,595463.721441905
STR_010,2023-12-01,818336.13,895150.3574003837,138182.30924925255,1033332.6666496362
STR_010,2023-12-02,1213509.05,1006119.3427913577,138182.30924925255,1144301.65204061
STR_010,2023-12-03,1064241.69,872791.516344185,138182.30924925255,1010973.8255934375
STR_010,2023-12-04,623189.28,523388.37065082364,138182.30924925255,661570.6799000762
STR_010,2023-12-05,569396.1,583494.9095713978,138182.30924925255,721677.2188206504
STR_010,2023-12-06,626535.07,624648.8026742557,138182.30924925255,762831.1119235082
STR_010,2023-12-07,590040.3300000001,645476.0185961213,138182.30924925255,783658.3278453739
STR_010,2023-12-08,639691.74,820379.2649728102,138182.30924925255,958561.5742220627
STR_010,2023-12-09,1131226.02,1061118.0389780833,138182.30924925255,1199300.3482273358
STR_010,2023-12-10,833426.31,795076.595283143,138182.30924925255,933258.9045323955
STR_010,2023-12-11,497691.4,550080.1211544301,138182.30924925255,688262.4304036826
STR_010,2023-12-12,960992.26,849223.4218066471,138182.30924925255,987405.7310558996
STR_010,2023-12-13,509257.93,620969.4181639128,138182.30924925255,759151.7274131654
STR_010,2023-12-14,658041.79,578613.7438233439,138182.30924925255,716796.0530725964
STR_010,2023-12-15,1108866.8,1154558.2033208492,138182.30924925255,1292740.5125701018
STR_010,2023-12-16,1263965.62,1240448.8799702374,138182.30924925255,1378631.18921949
STR_010,2023-12-17,1011671.5599999999,981480.373222247,138182.30924925255,1119662.6824714995
STR_010,2023-12-18,668090.12,662143.9650238288,138182.30924925255,800326.2742730813
STR_010,2023-12-19,675355.14,612676.4875567247,138182.30924925255,750858.7968059772
STR_010,2023-12-20,735188.87,630924.1725541772,138182.30924925255,769106.4818034298
STR_010,2023-12-21,732270.33,709467.7917380016,138182.30924925255,847650.1009872542
STR_010,2023-12-22,903451.53,831992.7110098335,138182.30924925255,970175.020259086
STR_010,2023-12-23,1173744.06,1026726.9340718583,138182.30924925255,1164909.243321111
STR_010,2023-12-24,2786030.21,1136467.7515280233,138182.30924925255,1274650.0607772758
STR_010,2023-12-25,1349765.61,1047390.1974820145,138182.30924925255,1185572.506731267
STR_010,2023-12-26,737206.1799999999,682883.2903040051,138182.30924925255,821065.5995532577
STR_010,2023-12-27,721080.57,654546.7668901376,138182.30924925255,792729.0761393901
STR_010,2023-12-28,841550.1,728439.4477282543,138182.30924925255,866621.7569775068
STR_010,2023-12-29,847393.47,964306.608100479,138182.30924925255,1102488.9173497315
STR_010,2023-12-30,1303354.16,1298882.1265626927,138182.30924925255,1437064.4358119452
STR_010,2023-12-31,1807085.87,1392834.461638228,138182.30924925255,1531016.7708874806
STR_010,2024-01-01,149514.67,209937.16335060267,138182.30924925255,348119.4725998552
STR_010,2024-01-02,223346.97,393126.2240254229,138182.30924925255,531308.5332746755
STR_010,2024-01-03,471301.01,526908.9635706075,138182.30924925255,665091.27281986
STR_010,2024-01-04,436417.23,496945.2742457909,138182.30924925255,635127.5834950435
STR_010,2024-01-05,577241.23,608841.6630064769,138182.30924925255,747023.9722557295
STR_010,2024-01-06,705899.62,794783.2981046323,138182.30924925255,932965.6073538848
STR_010,2024-01-07,415650.57,534900.3982393792,138182.30924925255,673082.7074886317
STR_010,2024-01-08,348501.8,365998.170035068,138182.30924925255,504180.47928432055
STR_010,2024-01-09,345570.26,353113.23283819674,138182.30924925255,491295.5420874493
STR_010,2024-01-10,442388.66000000003,412651.40737602225,138182.30924925255,550833.7166252749
STR_010,2024-01-11,306032.14999999997,390760.51384325273,138182.30924925255,528942.8230925053
STR_010,2024-01-12,371656.62,494510.4617548922,138182.30924925255,632692.7710041448
STR_010,2024-01-13,684617.35,680292.0379973821,138182.30924925255,818474.3472466347
STR_010,2024-01-14,509255.83,501877.9829434217,138182.30924925255,640060.2921926742
STR_010,2024-01-15,274153.73,420312.0792567315,138182.30924925255,558494.3885059841
STR_010,2024-01-16,351232.94,360592.4947971391,138182.30924925255,498774.8040463916
STR_010,2024-01-17,248802.14,357807.7483570825,138182.30924925255,495990.05760633503
STR_010,2024-01-18,412249.33,358723.04857374955,138182.30924925255,496905.3578230021
STR_010,2024-01-19,437936.88,457365.9031904268,138182.30924925255,595548.2124396793
STR_010,2024-01-20,545716.76,603718.858679764,138182.30924925255,741901.1679290165
STR_010,2024-01-21,282995.06,483128.28903462685,138182.30924925255,621310.5982838795
STR_010,2024-01-22,274819.33,359935.10397704603,138182.30924925255,498117.4132262986
STR_010,2024-01-23,340913.38,344548.4796581555,138182.30924925255,482730.7889074081
STR_010,2024-01-24,347952.77999999997,354877.59083726374,138182.30924925255,493059.9000865163
STR_010,2024-01-25,388536.08,367543.29581201903,138182.30924925255,505725.6050612716
STR_010,2024-01-26,422934.85,458611.19908293145,138182.30924925255,596793.508332184
STR_010,2024-01-27,533629.18,544698.957296782,138182.30924925255,682881.2665460346
STR_010,2024-01-28,612248.24,604311.5268898291,138182.30924925255,742493.8361390816
STR_010,2024-01-29,359509.14,309348.02854207135,138182.30924925255,447530.3377913239
STR_010,2024-01-30,356856.68,314006.20546969725,138182.30924925255,452188.5147189498
STR_010,2024-01-31,516567.32,458915.4939558469,138182.30924925255,597097.8032050994
STR_010,2024-02-01,432409.93,392874.4078518379,138182.30924925255,531056.7171010905
STR_010,2024-02-02,511876.86,493294.83145793166,138182.30924925255,631477.1407071842
STR_010,2024-02-03,406273.74,577342.6479683531,138182.30924925255,715524.9572176057
STR_010,2024-02-04,559934.23,512943.8828021343,138182.30924925255,651126.1920513869
STR_010,2024-02-05,203029.38,184947.66728885547,138182.30924925255,323129.976538108
STR_010,2024-02-06,284335.99,293122.9782052511,138182.30924925255,431305.28745450365
STR_010,2024-02-07,444765.33,384530.9352046243,138182.30924925255,522713.24445387686
STR_010,2024-02-08,377898.28,368979.5847825645,138182.30924925255,507161.89403181704
STR_010,2024-02-09,446451.95,438395.58042380266,138182.30924925255,576577.8896730551
STR_010,2024-02-10,536706.1799999999,555527.4194506579,138182.30924925255,693709.7286999105
STR_010,2024-02-11,540440.84,507780.6602874007,138182.30924925255,645962.9695366533
STR_010,2024-02-12,338527.34,346245.7718908232,138182.30924925255,484428.08114007575
STR_010,2024-02-13,394065.39,340589.9965238188,138182.30924925255,478772.30577307136
STR_010,2024-02-14,384897.18,337611.43864245724,138182.30924925255,475793.7478917098
STR_010,2024-02-15,509120.31,510506.6439494,138182.30924925255,648688.9531986525
STR_010,2024-02-16,482667.92000000004,471253.66738884326,138182.30924925255,609435.9766380958
STR_010,2024-02-17,659079.4299999999,589166.2634043951,138182.30924925255,727348.5726536476
STR_010,2024-02-18,534939.06,549464.7419807598,138182.30924925255,687647.0512300123
STR_010,2024-02-19,381435.82,335275.3225693857,138182.30924925255,473457.63181863824
STR_010,2024-02-20,363205.17,366997.1895040299,138182.30924925255,505179.4987532825
STR_010,2024-02-21,430036.23,393921.6965046609,138182.30924925255,532104.0057539134
STR_010,2024-02-22,400562.61,418810.4509988847,138182.30924925255,556992.7602481372
STR_010,2024-02-23,384667.07999999996,438209.2470908202,138182.30924925255,576391.5563400728
STR_010,2024-02-24,703432.92,660493.049802288,138182.30924925255,798675.3590515405
STR_010,2024-02-25,439587.11,542457.2394610018,138182.30924925255,680639.5487102544
STR_010,2024-02-26,255743.26,323286.1288401391,138182.30924925255,461468.4380893916
STR_010,2024-02-27,355367.76,342372.90436454077,138182.30924925255,480555.2136137933
STR_010,2024-02-28,380883.78,393089.58570371737,138182.30924925255,531271.8949529699
STR_010,2024-02-29,501948.35,582691.8153741049,138182.30924925255,720874.1246233574
STR_011,2023-12-01,1033249.6,1407414.2886066602,239261.83055271162,1646676.1191593718
STR_011,2023-12-02,1709143.2,1477546.2278682461,239261.83055271162,1716808.0584209578
STR_011,2023-12-03,1444034.84,1418107.5912377022,239261.83055271162,1657369.4217904138
STR_011,2023-12-04,1017820.66,955080.6538252318,239261.83055271162,1194342.4843779434
STR_011,2023-12-05,1086498.58,878238.3478364003,239261.83055271162,1117500.178389112
STR_011,2023-12-06,889078.24,878152.8579862718,239261.83055271162,1117414.6885389835
STR_011,2023-12-07,1114957.89,1073750.401326408,239261.83055271162,1313012.2318791195
STR_011,2023-12-08,1117061.93,1308997.616516772,239261.83055271162,1548259.4470694836
STR_011,2023-12-09,1828004.1600000001,1492900.6707941208,239261.83055271162,1732162.5013468324
STR_011,2023-12-10,1670311.45,1392270.3366419768,239261.83055271162,1631532.1671946885
STR_011,2023-12-11,1110076.98,914559.7011150136,239261.83055271162,1153821.5316677252
STR_011,2023-12-12,1453740.72,1147782.1656030572,239261.83055271162,1387043.9961557689
STR_011,2023-12-13,847640.76,874342.1857591218,239261.83055271162,1113604.0163118334
STR_011,2023-12-14,1012194.19,1082998.5946681276,239261.83055271162,1322260.4252208392
STR_011,2023-12-15,1995214.01,1476563.6390279238,239261.83055271162,1715825.4695806354
STR_011,2023-12-16,2211137.3,1497476.2871262452,239261.83055271162,1736738.1176789568
STR_011,2023-12-17,1696923.86,1448559.591814074,239261.83055271162,1687821.4223667856
STR_011,2023-12-18,1178454.49,1135620.741423651,239261.83055271162,1374882.5719763627
STR_011,2023-12-19,1218049.8,1177940.150539812,239261.83055271162,1417201.9810925236
STR_011,2023-12-20,1365568.23,1088067.6091194926,239261.83055271162,1327329.4396722042
STR_011,2023-12-21,1295688.06,1272467.7227844268,239261.83055271162,1511729.5533371384
STR_011,2023-12-22,1620111.37,1397490.6749362512,239261.83055271162,1636752.5054889629
STR_011,2023-12-23,2239380.72,1497210.7526350303,239261.83055271162,1736472.583187742
STR_011,2023-12-24,4788408.02,1415932.2128331824,239261.83055271162,1655194.043385894
STR_011,2023-12-25,2184221.65,1356923.5128597515,239261.83055271162,1596185.343412463
STR_011,2023-12-26,1337132.45,1157637.4809035303,239261.83055271162,1396899.3114562419
STR_011,2023-12-27,1193478.42,1173699.2979838033,239261.83055271162,1412961.128536515
STR_011,2023-12-28,1381118.81,1210909.5559350073,239261.83055271162,1450171.386487719
STR_011,2023-12-29,1032306.02,1388581.8536762216,239261.83055271162,1627843.6842289332
STR_011,2023-12-30,1821126.93,1477546.2278682461,239261.83055271162,1716808.0584209578
STR_011,2023-12-31,4215130.68,1531558.1177743056,239261.83055271162,1770819.9483270172
STR_011,2024-01-01,259691.03,256483.1951972827,239261.83055271162,495745.0257499943
STR_011,2024-01-02,602673.48,701597.0323790897,239261.83055271162,940858.8629318014
STR_011,2024-01-03,752772.68,713593.5928450532,239261.83055271162,952855.4233977648
STR_011,2024-01-04,724372.82,770986.7354195571,239261.83055271162,1010248.5659722687
STR_011,2024-01-05,927371.52,1007659.827722569,239261.83055271162,1246921.6582752806
STR_011,2024-01-06,1040790.4,1236488.5752630073,239261.83055271162,1475750.405815719
STR_011,2024-01-07,1135914.5,1124817.361650263,239261.83055271162,1364079.1922029746
STR_011,2024-01-08,486139.4,562631.2970678611,239261.83055271162,801893.1276205727
STR_011,2024-01-09,611788.23,629348.0593427345,239261.83055271162,868609.8898954461
STR_011,2024-01-10,636565.19,700545.8824047586,239261.83055271162,939807.7129574702
STR_011,2024-01-11,643262.89,699153.789305628,239261.83055271162,938415.6198583397
STR_011,2024-01-12,839111.42,869251.6044616819,239261.83055271162,1108513.4350143936
STR_011,2024-01-13,839493.7,896710.8193535344,239261.83055271162,1135972.649906246
STR_011,2024-01-14,963639.79,995381.1419480772,239261.83055271162,1234642.972500789
STR_011,2024-01-15,575054.91,749649.6873055819,239261.83055271162,988911.5178582935
STR_011,2024-01-16,604447.56,659126.4341472462,239261.83055271162,898388.2646999578
STR_011,2024-01-17,612036.9299999999,675268.5390712363,239261.83055271162,914530.3696239479
STR_011,2024-01-18,654007.48,647195.1057885351,239261.83055271162,886456.9363412467
STR_011,2024-01-19,853558.55,784594.4443036888,239261.83055271162,1023856.2748564004
STR_011,2024-01-20,910918.3,1083389.009748477,239261.83055271162,1322650.8403011886
STR_011,2024-01-21,1125072.59,943200.5691288774,239261.83055271162,1182462.399681589
STR_011,2024-01-22,569501.03,577678.1706238047,239261.83055271162,816940.0011765163
STR_011,2024-01-23,705008.01,661902.546628884,239261.83055271162,901164.3771815957
STR_011,2024-01-24,549652.0700000001,683302.5954324227,239261.83055271162,922564.4259851343
STR_011,2024-01-25,564565.45,594341.9169663126,239261.83055271162,833603.7475190242
STR_011,2024-01-26,691405.72,816788.0834514165,239261.83055271162,1056049.914004128
STR_011,2024-01-27,1199286.42,1081695.3773044292,239261.83055271162,1320957.2078571408
STR_011,2024-01-28,995894.56,925319.2930538568,239261.83055271162,1164581.1236065684
STR_011,2024-01-29,416997.73,527339.8877588003,239261.83055271162,766601.7183115119
STR_011,2024-01-30,629512.4,631028.5863200534,239261.83055271162,870290.416872765
STR_011,2024-01-31,905049.14,843996.0258954962,239261.83055271162,1083257.856448208
STR_011,2024-02-01,679195.16,618291.7838144829,239261.83055271162,857553.6143671945
STR_011,2024-02-02,748477.93,782252.3936526732,239261.83055271162,1021514.2242053848
STR_011,2024-02-03,592779.22,1092950.5867418605,239261.83055271162,1332212.417294572
STR_011,2024-02-04,864897.15,959053.5341247764,239261.83055271162,1198315.3646774879
STR_011,2024-02-05,394451.14,342850.3080004087,239261.83055271162,582112.1385531203
STR_011,2024-02-06,693128.35,589647.404269446,239261.83055271162,828909.2348221577
STR_011,2024-02-07,667739.61,653332.389801333,239261.83055271162,892594.2203540446
STR_011,2024-02-08,649892.8999999999,650039.5936812994,239261.83055271162,889301.424234011
STR_011,2024-02-09,673853.64,821187.1438695671,239261.83055271162,1060448.9744222788
STR_011,2024-02-10,1029079.3,890969.2644290897,239261.83055271162,1130231.0949818012
STR_011,2024-02-11,919042.22,886766.6649713742,239261.83055271162,1126028.4955240858
STR_011,2024-02-12,489880.4,486916.32427651586,239261.83055271162,726178.1548292275
STR_011,2024-02-13,350738.4,626455.3928817924,239261.83055271162,865717.223434504
STR_011,2024-02-14,664009.59,660205.9879163606,239261.83055271162,899467.8184690722
STR_011,2024-02-15,1015294.04,879724.2274708413,239261.83055271162,1118986.0580235529
STR_011,2024-02-16,989819.59,865317.4596881889,239261.83055271162,1104579.2902409006
STR_011,2024-02-17,1097286.77,939107.6592193929,239261.83055271162,1178369.4897721047
STR_011,2024-02-18,923979.49,882118.5623019527,239261.83055271162,1121380.3928546645
STR_011,2024-02-19,659756.53,551218.5089907619,239261.83055271162,790480.3395434736
STR_011,2024-02-20,574596.68,597539.8208868481,239261.83055271162,836801.6514395598
STR_011,2024-02-21,740155.92,615383.008671573,239261.83055271162,854644.8392242846
STR_011,2024-02-22,603863.68,636824.0354456659,239261.83055271162,876085.8659983776
STR_011,2024-02-23,970249.59,834907.1639121887,239261.83055271162,1074168.9944649003
STR_011,2024-02-24,1109535.93,1104693.0798795032,239261.83055271162,1343954.9104322148
STR_011,2024-02-25,896511.6499999999,893229.6610174726,239261.83055271162,1132491.4915701842
STR_011,2024-02-26,394873.04,556874.993207018,239261.83055271162,796136.8237597296
STR_011,2024-02-27,675015.18,635490.9806314486,239261.83055271162,874752.8111841602
STR_011,2024-02-28,559376.73,659633.2276768154,239261.83055271162,898895.058229527
STR_011,2024-02-29,835186.27,816311.7344015263,239261.83055271162,1055573.564954238
STR_012,2023-12-01,935220.24,743006.2841591543,190829.5453933105,933835.8295524648
STR_012,2023-12-02,975975.05,1147466.476348449,190829.5453933105,1338296.0217417595
STR_012,2023-12-03,861253.53,838156.4066838862,190829.5453933105,1028985.9520771967
STR_012,2023-12-04,523185.93,493181.7669612045,190829.5453933105,684011.3123545151
STR_012,2023-12-05,555140.77,617226.6985125433,190829.5453933105,808056.2439058538
STR_012,2023-12-06,586811.61,654261.2330228781,190829.5453933105,845090.7784161886
STR_012,2023-12-07,759382.16,682093.2297808147,190829.5453933105,872922.7751741252
STR_012,2023-12-08,513258.19999999995,907878.7886038184,190829.5453933105,1098708.333997129
STR_012,2023-12-09,1059370.28,1005092.9986924587,190829.5453933105,1195922.5440857692
STR_012,2023-12-10,782768.6,789117.2671422662,190829.5453933105,979946.8125355766
STR_012,2023-12-11,606090.99,573959.3947806008,190829.5453933105,764788.9401739113
STR_012,2023-12-12,867587.76,715669.4103625201,190829.5453933105,906498.9557558306
STR_012,2023-12-13,553323.33,665390.4152447035,190829.5453933105,856219.960638014
STR_012,2023-12-14,565169.08,677689.8574313702,190829.5453933105,868519.4028246807
STR_012,2023-12-15,1368378.66,1199791.0989710807,190829.5453933105,1390620.6443643912
STR_012,2023-12-16,1119591.6,1224402.0245599344,190829.5453933105,1415231.5699532449
STR_012,2023-12-17,880847.74,989980.3987820639,190829.5453933105,1180809.9441753742
STR_012,2023-12-18,486089.39,736723.3484732871,190829.5453933105,927552.8938665976
STR_012,2023-12-19,722216.12,743288.4735437417,190829.5453933105,934118.0189370522
STR_012,2023-12-20,663991.56,702610.7695426056,190829.5453933105,893440.3149359161
STR_012,2023-12-21,617072.51,712594.1158804061,190829.5453933105,903423.6612737166
STR_012,2023-12-22,988736.38,963478.5330917917,190829.5453933105,1154308.0784851022
STR_012,2023-12-23,1451248.12,1126054.1114730244,190829.5453933105,1316883.6568663348
STR_012,2023-12-24,2732131.95,1074074.465562324,190829.5453933105,1264904.0109556345
STR_012,2023-12-25,1765155.27,1051163.7047336777,190829.5453933105,1241993.2501269882
STR_012,2023-12-26,791022.86,778710.3026775876,190829.5453933105,969539.8480708981
STR_012,2023-12-27,871117.98,709246.0280046347,190829.5453933105,900075.5733979451
STR_012,2023-12-28,783512.55,703968.814004577,190829.5453933105,894798.3593978875
STR_012,2023-12-29,999355.47,866564.3187237153,190829.5453933105,1057393.8641170259
STR_012,2023-12-30,938492.61,1112441.454503594,190829.5453933105,1303270.9998969045
STR_012,2023-12-31,2653651.89,1365082.280175518,190829.5453933105,1555911.8255688285
STR_012,2024-01-01,127773.42,206018.16015465106,190829.5453933105,396847.7055479615
STR_012,2024-01-02,372361.65,479662.2294744511,190829.5453933105,670491.7748677616
STR_012,2024-01-03,436511.99,448020.8023211612,190829.5453933105,638850.3477144716
STR_012,2024-01-04,335987.17,475737.50505271077,190829.5453933105,666567.0504460213
STR_012,2024-01-05,598153.74,639984.5465789728,190829.5453933105,830814.0919722833
STR_012,2024-01-06,700315.54,744206.5277765841,190829.5453933105,935036.0731698946
STR_012,2024-01-07,508994.65,555041.3423119851,190829.5453933105,745870.8877052956
STR_012,2024-01-08,288805.84,337713.87559118407,190829.5453933105,528543.4209844945
STR_012,2024-01-09,327465.91000000003,349660.0945505633,190829.5453933105,540489.6399438737
STR_012,2024-01-10,363635.66000000003,374863.37206013664,190829.5453933105,565692.9174534471
STR_012,2024-01-11,344172.77,405131.7858223335,190829.5453933105,595961.331215644
STR_012,2024-01-12,392417.86,529843.5578967055,190829.5453933105,720673.103290016
STR_012,2024-01-13,476448.86,637951.1856932888,190829.5453933105,828780.7310865993
STR_012,2024-01-14,596764.4299999999,668104.1904724597,190829.5453933105,858933.7358657701
STR_012,2024-01-15,415856.0,415913.60340486607,190829.5453933105,606743.1487981766
STR_012,2024-01-16,339464.79000000004,349221.16997938784,190829.5453933105,540050.7153726984
STR_012,2024-01-17,352837.38,376411.41502280347,190829.5453933105,567240.960416114
STR_012,2024-01-18,412466.22,398907.2595199486,190829.5453933105,589736.8049132591
STR_012,2024-01-19,422477.45,464802.7548043201,190829.5453933105,655632.3001976307
STR_012,2024-01-20,649075.81,695482.499789081,190829.5453933105,886312.0451823915
STR_012,2024-01-21,494514.81999999995,577811.5555770505,190829.5453933105,768641.100970361
STR_012,2024-01-22,357297.19,364325.2757045908,190829.5453933105,555154.8210979013
STR_012,2024-01-23,402131.64,392005.5230791189,190829.5453933105,582835.0684724294
STR_012,2024-01-24,441034.15,422383.8819567441,190829.5453933105,613213.4273500546
STR_012,2024-01-25,390306.94,396801.2409895986,190829.5453933105,587630.7863829092
STR_012,2024-01-26,506310.41000000003,464612.5344410643,190829.5453933105,655442.0798343748
STR_012,2024-01-27,624616.51,680559.7242095761,190829.5453933105,871389.2696028866
STR_012,2024-01-28,579727.61,620944.0980249298,190829.5453933105,811773.6434182402
STR_012,2024-01-29,346508.69,337707.0637141822,190829.5453933105,528536.6091074927
STR_012,2024-01-30,324626.46,359049.8820098438,190829.5453933105,549879.4274031543
STR_012,2024-01-31,499775.63,453933.7549216167,190829.5453933105,644763.3003149272
STR_012,2024-02-01,398597.01,419672.4683831935,190829.5453933105,610502.013776504
STR_012,2024-02-02,598913.27,496780.8420759964,190829.5453933105,687610.3874693068
STR_012,2024-02-03,619968.26,659400.9213903719,190829.5453933105,850230.4667836824
STR_012,2024-02-04,636263.77,540950.9013067833,190829.5453933105,731780.4467000938
STR_012,2024-02-05,210955.83000000002,218079.12739592174,190829.5453933105,408908.6727892322
STR_012,2024-02-06,361738.5,410377.659304115,190829.5453933105,601207.2046974255
STR_012,2024-02-07,357382.55,383312.23829080106,190829.5453933105,574141.7836841115
STR_012,2024-02-08,326633.88,386620.8101478255,190829.5453933105,577450.355541136
STR_012,2024-02-09,524643.44,473631.33205259644,190829.5453933105,664460.8774459069
STR_012,2024-02-10,697522.11,616006.0335231957,190829.5453933105,806835.5789165061
STR_012,2024-02-11,610348.74,542024.306480897,190829.5453933105,732853.8518742075
STR_012,2024-02-12,413786.54000000004,363147.2632859204,190829.5453933105,553976.8086792309
STR_012,2024-02-13,279984.26,347882.4297937617,190829.5453933105,538711.9751870722
STR_012,2024-02-14,405713.05,362196.1134564623,190829.5453933105,553025.6588497728
STR_012,2024-02-15,594993.25,530700.8353370208,190829.5453933105,721530.3807303313
STR_012,2024-02-16,547582.43,540681.0226799826,190829.5453933105,731510.5680732931
STR_012,2024-02-17,459314.41,646167.0650289719,190829.5453933105,836996.6104222824
STR_012,2024-02-18,681805.88,548808.3866577707,190829.5453933105,739637.9320510812
STR_012,2024-02-19,360510.85,315028.6463520024,190829.5453933105,505858.1917453129
STR_012,2024-02-20,367052.45,364835.5019800971,190829.5453933105,555665.0473734075
STR_012,2024-02-21,372632.06,372964.53894627455,190829.5453933105,563794.084339585
STR_012,2024-02-22,471789.49,435476.06038548937,190829.5453933105,626305.6057787999
STR_012,2024-02-23,525274.1,551323.349943413,190829.5453933105,742152.8953367235
STR_012,2024-02-24,658993.13,618329.6678346419,190829.5453933105,809159.2132279524
STR_012,2024-02-25,558315.0,527075.447102252,190829.5453933105,717904.9924955625
STR_012,2024-02-26,309831.12,329900.76192984806,190829.5453933105,520730.30732315854
STR_012,2024-02-27,359712.03,345050.1375122565,190829.5453933105,535879.682905567
STR_012,2024-02-28,334109.48,349744.5350636888,190829.5453933105,540574.0804569994
STR_012,2024-02-29,543197.22,544901.568554841,190829.5453933105,735731.1139481515
STR_013,2023-12-01,734775.52,741071.3848080105,135959.58820223843,877030.973010249
STR_013,2023-12-02,1097241.3599999999,1051754.9140041955,135959.58820223843,1187714.502206434
STR_013,2023-12-03,873065.5800000001,915161.8809288887,135959.58820223843,1051121.469131127
STR_013,2023-12-04,513006.26,491261.2598298554,135959.58820223843,627220.8480320938
STR_013,2023-12-05,410081.92000000004,557582.1033679819,135959.58820223843,693541.6915702203
STR_013,2023-12-06,389081.28,531127.1606734506,135959.58820223843,667086.748875689
STR_013,2023-12-07,538154.0,582529.4553779133,135959.58820223843,718489.0435801517
STR_013,2023-12-08,682935.8300000001,865389.8021095505,135959.58820223843,1001349.3903117889
STR_013,2023-12-09,878924.54,929767.4295712585,135959.58820223843,1065727.017773497
STR_013,2023-12-10,600468.77,865081.0491418522,135959.58820223843,1001040.6373440906
STR_013,2023-12-11,473295.51,497663.29767201893,135959.58820223843,633622.8858742574
STR_013,2023-12-12,721395.72,764441.2808130087,135959.58820223843,900400.8690152471
STR_013,2023-12-13,596097.8099999999,529136.3719975721,135959.58820223843,665095.9601998106
STR_013,2023-12-14,577122.41,604228.0006241298,135959.58820223843,740187.5888263682
STR_013,2023-12-15,1160159.5,1099385.2717693523,135959.58820223843,1235344.8599715908
STR_013,2023-12-16,1069691.25,1125058.247940507,135959.58820223843,1261017.8361427453
STR_013,2023-12-17,1004130.05,1108879.914241214,135959.58820223843,1244839.5024434524
STR_013,2023-12-18,545626.72,553326.7075550114,135959.58820223843,689286.2957572498
STR_013,2023-12-19,646492.55,673937.1258421304,135959.58820223843,809896.7140443688
STR_013,2023-12-20,640569.22,640270.2169880547,135959.58820223843,776229.8051902931
STR_013,2023-12-21,807641.98,722194.0252269071,135959.58820223843,858153.6134291455
STR_013,2023-12-22,831021.09,880052.8548010449,135959.58820223843,1016012.4430032833
STR_013,2023-12-23,892954.55,1077634.6339558444,135959.58820223843,1213594.2221580828
STR_013,2023-12-24,2352551.69,1036181.9935713867,135959.58820223843,1172141.5817736252
STR_013,2023-12-25,1067952.98,996767.55065307,135959.58820223843,1132727.1388553083
STR_013,2023-12-26,712100.79,699558.7983257301,135959.58820223843,835518.3865279686
STR_013,2023-12-27,629301.95,547853.9996220747,135959.58820223843,683813.5878243131
STR_013,2023-12-28,615370.14,700160.193775477,135959.58820223843,836119.7819777154
STR_013,2023-12-29,1047128.9299999999,1059242.04851573,135959.58820223843,1195201.6367179686
STR_013,2023-12-30,1110739.81,1103037.79866003,135959.58820223843,1238997.3868622682
STR_013,2023-12-31,2333843.85,1319895.4000549105,135959.58820223843,1455854.9882571488
STR_013,2024-01-01,70106.05,206151.87797726452,135959.58820223843,342111.46617950295
STR_013,2024-01-02,280828.71,379695.6464225291,135959.58820223843,515655.23462476756
STR_013,2024-01-03,307150.94,376462.706813458,135959.58820223843,512422.29501569644
STR_013,2024-01-04,351121.46,444431.9695144991,135959.58820223843,580391.5577167375
STR_013,2024-01-05,381929.04,536208.6770355946,135959.58820223843,672168.265237833
STR_013,2024-01-06,635463.38,815930.1602975107,135959.58820223843,951889.7484997491
STR_013,2024-01-07,478096.5,533509.7962405997,135959.58820223843,669469.3844428381
STR_013,2024-01-08,243245.72,351869.0324351406,135959.58820223843,487828.620637379
STR_013,2024-01-09,208096.46,340751.9844184598,135959.58820223843,476711.57262069825
STR_013,2024-01-10,377591.64,390073.4991445066,135959.58820223843,526033.087346745
STR_013,2024-01-11,348646.33,351927.81643303187,135959.58820223843,487887.4046352703
STR_013,2024-01-12,509071.57999999996,481241.9795447483,135959.58820223843,617201.5677469868
STR_013,2024-01-13,551700.32,578436.090179778,135959.58820223843,714395.6783820165
STR_013,2024-01-14,375752.33,492544.8460763994,135959.58820223843,628504.4342786379
STR_013,2024-01-15,401811.21,411623.725746972,135959.58820223843,547583.3139492105
STR_013,2024-01-16,318050.14999999997,341622.7291620033,135959.58820223843,477582.31736424175
STR_013,2024-01-17,245824.09,324754.5498983438,135959.58820223843,460714.13810058223
STR_013,2024-01-18,313497.35,374901.02074421797,135959.58820223843,510860.6089464564
STR_013,2024-01-19,444422.7,414472.7181573305,135959.58820223843,550432.306359569
STR_013,2024-01-20,685355.45,604451.7232492267,135959.58820223843,740411.3114514651
STR_013,2024-01-21,478019.73,512279.5789055226,135959.58820223843,648239.167107761
STR_013,2024-01-22,327413.57,326524.98676675407,135959.58820223843,462484.5749689925
STR_013,2024-01-23,336738.39999999997,327194.69879363617,135959.58820223843,463154.2869958746
STR_013,2024-01-24,375604.23,389633.68561948073,135959.58820223843,525593.2738217192
STR_013,2024-01-25,347886.65,367947.0223840479,135959.58820223843,503906.61058628635
STR_013,2024-01-26,493060.12,509659.1380448,135959.58820223843,645618.7262470385
STR_013,2024-01-27,601205.44,643291.214023797,135959.58820223843,779250.8022260354
STR_013,2024-01-28,360443.29,484122.2342988539,135959.58820223843,620081.8225010923
STR_013,2024-01-29,265459.56,280009.3240450315,135959.58820223843,415968.91224726994
STR_013,2024-01-30,363459.61,327605.93638279464,135959.58820223843,463565.52458503307
STR_013,2024-01-31,513099.31,491752.07233405387,135959.58820223843,627711.6605362922
STR_013,2024-02-01,359534.08,376602.9678838947,135959.58820223843,512562.5560861331
STR_013,2024-02-02,439505.67000000004,471912.13742014626,135959.58820223843,607871.7256223847
STR_013,2024-02-03,643276.86,580061.1686638959,135959.58820223843,716020.7568661344
STR_013,2024-02-04,527664.02,452497.7949287103,135959.58820223843,588457.3831309488
STR_013,2024-02-05,195944.8,202507.1689795199,135959.58820223843,338466.7571817583
STR_013,2024-02-06,358827.62,309831.9334644126,135959.58820223843,445791.521666651
STR_013,2024-02-07,334438.56,339200.03890882514,135959.58820223843,475159.6271110636
STR_013,2024-02-08,450172.83,378405.6634823782,135959.58820223843,514365.2516846166
STR_013,2024-02-09,398671.98,444848.1630404354,135959.58820223843,580807.7512426738
STR_013,2024-02-10,634688.36,535697.2579515234,135959.58820223843,671656.8461537618
STR_013,2024-02-11,521011.51,489690.75420715334,135959.58820223843,625650.3424093918
STR_013,2024-02-12,296712.19,304517.33802133583,135959.58820223843,440476.92622357426
STR_013,2024-02-13,326321.56,325426.6830477405,135959.58820223843,461386.2712499789
STR_013,2024-02-14,317369.52,321767.0704534703,135959.58820223843,457726.6586557087
STR_013,2024-02-15,263735.7,504675.92745128245,135959.58820223843,640635.5156535208
STR_013,2024-02-16,443907.36,493546.07333216554,135959.58820223843,629505.6615344039
STR_013,2024-02-17,583268.38,590906.8670091282,135959.58820223843,726866.4552113666
STR_013,2024-02-18,440786.44,460378.13707532454,135959.58820223843,596337.725277563
STR_013,2024-02-19,315644.08999999997,302263.6248511342,135959.58820223843,438223.21305337263
STR_013,2024-02-20,347828.34,344383.15530166635,135959.58820223843,480342.7435039048
STR_013,2024-02-21,222331.74,319812.70233578177,135959.58820223843,455772.2905380202
STR_013,2024-02-22,285372.85,310701.76098873,135959.58820223843,446661.34919096844
STR_013,2024-02-23,457402.95999999996,462035.4735251819,135959.58820223843,597995.0617274203
STR_013,2024-02-24,576124.42,573820.6825227113,135959.58820223843,709780.2707249498
STR_013,2024-02-25,547247.98,489450.86544234556,135959.58820223843,625410.4536445839
STR_013,2024-02-26,338721.48,273859.58570557396,135959.58820223843,409819.1739078124
STR_013,2024-02-27,409782.86,343387.72165086237,135959.58820223843,479347.3098531008
STR_013,2024-02-28,289698.74,357597.9315811524,135959.58820223843,493557.51978339086
STR_013,2024-02-29,497414.83999999997,480003.27208267816,135959.58820223843,615962.8602849166
STR_014,2023-12-01,1249639.02,1250701.4530531734,274072.9620356816,1524774.415088855
STR_014,2023-12-02,1621678.73,1330946.4401269907,274072.9620356816,1605019.4021626723
STR_014,2023-12-03,1602949.6800000002,1268056.7523348436,274072.9620356816,1542129.7143705252
STR_014,2023-12-04,1091167.03,990668.3860678505,274072.9620356816,1264741.348103532
STR_014,2023-12-05,1180013.06,982835.6020827414,274072.9620356816,1256908.564118423
STR_014,2023-12-06,1013893.61,957102.1659427407,274072.9620356816,1231175.1279784222
STR_014,2023-12-07,805582.65,982328.3091633491,274072.9620356816,1256401.2711990308
STR_014,2023-12-08,1239261.48,1274160.2738511956,274072.9620356816,1548233.2358868772
STR_014,2023-12-09,1789001.88,1316973.4476470146,274072.9620356816,1591046.4096826962
STR_014,2023-12-10,1593725.01,1242248.9290748395,274072.9620356816,1516321.891110521
STR_014,2023-12-11,353624.3,987111.2807588802,274072.9620356816,1261184.2427945617
STR_014,2023-12-12,1439038.16,1227447.1495485755,274072.9620356816,1501520.111584257
STR_014,2023-12-13,802337.05,939135.6546415995,274072.9620356816,1213208.616677281
STR_014,2023-12-14,1159838.03,988607.751232837,274072.9620356816,1262680.7132685184
STR_014,2023-12-15,1938907.04,1338189.8779369674,274072.9620356816,1612262.839972649
STR_014,2023-12-16,1886638.67,1333671.8239484858,274072.9620356816,1607744.7859841674
STR_014,2023-12-17,1514321.35,1269292.4852374806,274072.9620356816,1543365.4472731622
STR_014,2023-12-18,1105604.67,1028810.2001465135,274072.9620356816,1302883.162182195
STR_014,2023-12-19,1283546.18,1213607.8672157715,274072.9620356816,1487680.829251453
STR_014,2023-12-20,1245555.3599999999,1113515.984081313,274072.9620356816,1387588.9461169946
STR_014,2023-12-21,1234335.49,1217621.6074100789,274072.9620356816,1491694.5694457605
STR_014,2023-12-22,1543235.97,1254941.3233007232,274072.9620356816,1529014.2853364048
STR_014,2023-12-23,2054598.95,1317278.4786524975,274072.9620356816,1591351.440688179
STR_014,2023-12-24,4066625.55,1267449.1250718336,274072.9620356816,1541522.0871075152
STR_014,2023-12-25,2030272.45,1201516.8180425095,274072.9620356816,1475589.780078191
STR_014,2023-12-26,989810.74,1094366.576887712,274072.9620356816,1368439.5389233937
STR_014,2023-12-27,1304888.19,1033587.84028179,274072.9620356816,1307660.8023174717
STR_014,2023-12-28,893769.81,1065923.392045749,274072.9620356816,1339996.3540814305
STR_014,2023-12-29,1624047.71,1272007.1465742649,274072.9620356816,1546080.1086099464
STR_014,2023-12-30,2201156.36,1316973.4476470146,274072.9620356816,1591046.4096826962
STR_014,2023-12-31,2662761.54,1412888.517249085,274072.9620356816,1686961.4792847666
STR_014,2024-01-01,281041.04,279061.8960839447,274072.9620356816,553134.8581196263
STR_014,2024-01-02,601453.2,670481.3917118696,274072.9620356816,944554.3537475512
STR_014,2024-01-03,715856.38,746079.6205333434,274072.9620356816,1020152.582569025
STR_014,2024-01-04,727484.47,733375.7962035032,274072.9620356816,1007448.7582391847
STR_014,2024-01-05,892671.19,1030789.4885395627,274072.9620356816,1304862.4505752441
STR_014,2024-01-06,1347955.3,1243964.2097875988,274072.9620356816,1518037.1718232804
STR_014,2024-01-07,1000145.41,1057698.6823237457,274072.9620356816,1331771.6443594273
STR_014,2024-01-08,561932.83,612227.3730909971,274072.9620356816,886300.3351266787
STR_014,2024-01-09,720694.5800000001,609418.5186782569,274072.9620356816,883491.4807139385
STR_014,2024-01-10,505192.81,546230.039037962,274072.9620356816,820303.0010736436
STR_014,2024-01-11,637880.33,709013.1403690729,274072.9620356816,983086.1024047545
STR_014,2024-01-12,851458.94,764157.4180012927,274072.9620356816,1038230.3800369743
STR_014,2024-01-13,1226185.59,1013360.2242809463,274072.9620356816,1287433.186316628
STR_014,2024-01-14,618000.39,910755.0634275929,274072.9620356816,1184828.0254632744
STR_014,2024-01-15,700203.28,696620.7459324315,274072.9620356816,970693.7079681131
STR_014,2024-01-16,494737.28,573026.6517079375,274072.9620356816,847099.6137436191
STR_014,2024-01-17,603888.19,636995.1370649447,274072.9620356816,911068.0991006263
STR_014,2024-01-18,576001.47,650896.4949226612,274072.9620356816,924969.4569583428
STR_014,2024-01-19,700642.48,830556.7281029766,274072.9620356816,1104629.690138658
STR_014,2024-01-20,947789.13,1037561.8663153165,274072.9620356816,1311634.828350998
STR_014,2024-01-21,727359.47,777249.036462467,274072.9620356816,1051321.9984981488
STR_014,2024-01-22,572172.99,532253.180965979,274072.9620356816,806326.1430016606
STR_014,2024-01-23,470299.16000000003,495084.48448903114,274072.9620356816,769157.4465247127
STR_014,2024-01-24,562903.09,592327.5792346381,274072.9620356816,866400.5412703197
STR_014,2024-01-25,539426.22,583791.1303941106,274072.9620356816,857864.0924297922
STR_014,2024-01-26,836992.86,830072.5403566433,274072.9620356816,1104145.5023923249
STR_014,2024-01-27,726776.9500000001,878991.3972023135,274072.9620356816,1153064.359237995
STR_014,2024-01-28,736510.66,793182.0840367924,274072.9620356816,1067255.046072474
STR_014,2024-01-29,537299.52,528236.1258874421,274072.9620356816,802309.0879231237
STR_014,2024-01-30,679952.05,590210.7423508705,274072.9620356816,864283.7043865521
STR_014,2024-01-31,797673.22,774942.8162277299,274072.9620356816,1049015.7782634115
STR_014,2024-02-01,591547.89,587334.6262492081,274072.9620356816,861407.5882848897
STR_014,2024-02-02,700717.29,802157.363741873,274072.9620356816,1076230.3257775544
STR_014,2024-02-03,1111271.36,991830.501036351,274072.9620356816,1265903.4630720327
STR_014,2024-02-04,879102.71,950254.6645678888,274072.9620356816,1224327.6266035703
STR_014,2024-02-05,261404.36000000002,338381.69981175294,274072.9620356816,612454.6618474345
STR_014,2024-02-06,525895.76,548781.4095435186,274072.9620356816,822854.3715792001
STR_014,2024-02-07,664634.83,589495.5165973039,274072.9620356816,863568.4786329855
STR_014,2024-02-08,656547.55,629155.1700996622,274072.9620356816,903228.1321353437
STR_014,2024-02-09,989622.87,801135.7773514711,274072.9620356816,1075208.7393871527
STR_014,2024-02-10,1041642.33,989426.0820698686,274072.9620356816,1263499.0441055503
STR_014,2024-02-11,918528.09,783920.3348997461,274072.9620356816,1057993.2969354277
STR_014,2024-02-12,180446.81,406144.4181596881,274072.9620356816,680217.3801953697
STR_014,2024-02-13,563047.8,651628.5187553711,274072.9620356816,925701.4807910527
STR_014,2024-02-14,622853.15,608857.3942837548,274072.9620356816,882930.3563194363
STR_014,2024-02-15,906317.11,859706.7631188114,274072.9620356816,1133779.725154493
STR_014,2024-02-16,958363.4,863734.6089100181,274072.9620356816,1137807.5709456997
STR_014,2024-02-17,1123075.9,933613.3604337027,274072.9620356816,1207686.3224693844
STR_014,2024-02-18,975079.62,953696.5268972282,274072.9620356816,1227769.48893291
STR_014,2024-02-19,597968.9,563046.5010260179,274072.9620356816,837119.4630616995
STR_014,2024-02-20,595172.49,583108.7940351907,274072.9620356816,857181.7560708723
STR_014,2024-02-21,613467.07,646054.8412945622,274072.9620356816,920127.8033302438
STR_014,2024-02-22,578852.0,606612.2942987937,274072.9620356816,880685.2563344752
STR_014,2024-02-23,802952.44,753150.6246879143,274072.9620356816,1027223.5867235959
STR_014,2024-02-24,1187665.14,995300.6716463403,274072.9620356816,1269373.6336820219
STR_014,2024-02-25,751688.39,829884.6635641163,274072.9620356816,1103957.6255997978
STR_014,2024-02-26,458726.72,555157.5540122057,274072.9620356816,829230.5160478873
STR_014,2024-02-27,587311.0,626227.9497952196,274072.9620356816,900300.9118309012
STR_014,2024-02-28,671789.61,673413.3854352145,274072.9620356816,947486.3474708961
STR_014,2024-02-29,911647.71,836001.5783042404,274072.9620356816,1110074.540339922
STR_015,2023-12-01,1205643.44,1098984.2748704583,343247.2090949557,1442231.483965414
STR_015,2023-12-02,997649.21,1164198.1892218792,343247.2090949557,1507445.398316835
STR_015,2023-12-03,1421888.96,1251801.6508826697,343247.2090949557,1595048.8599776253
STR_015,2023-12-04,801149.47,815970.1296590435,343247.2090949557,1159217.3387539992
STR_015,2023-12-05,949800.8,812987.2004410712,343247.2090949557,1156234.409536027
STR_015,2023-12-06,1000993.07,797297.5083410861,343247.2090949557,1140544.7174360417
STR_015,2023-12-07,879226.0,872819.3739323434,343247.2090949557,1216066.583027299
STR_015,2023-12-08,1404275.3900000001,1094930.2484041085,343247.2090949557,1438177.457499064
STR_015,2023-12-09,1656060.1400000001,1273916.949965191,343247.2090949557,1617164.1590601467
STR_015,2023-12-10,1488419.15,1264507.691296909,343247.2090949557,1607754.9003918646
STR_015,2023-12-11,729072.71,783564.1998010379,343247.2090949557,1126811.4088959936
STR_015,2023-12-12,1079625.4,995772.462564094,343247.2090949557,1339019.6716590496
STR_015,2023-12-13,590534.23,898859.8244462496,343247.2090949557,1242107.0335412053
STR_015,2023-12-14,1175065.0,1028382.855906297,343247.2090949557,1371630.0650012526
STR_015,2023-12-15,1526595.39,1310976.0773708348,343247.2090949557,1654223.2864657906
STR_015,2023-12-16,1733520.02,1327021.263364743,343247.2090949557,1670268.4724596986
STR_015,2023-12-17,1387642.0699999998,1264507.691296909,343247.2090949557,1607754.9003918646
STR_015,2023-12-18,830079.26,1165098.6649283865,343247.2090949557,1508345.874023342
STR_015,2023-12-19,915533.7100000001,995484.0279739951,343247.2090949557,1338731.2370689507
STR_015,2023-12-20,1066097.56,985229.8575857059,343247.2090949557,1328477.0666806616
STR_015,2023-12-21,1345245.08,1196326.1844519959,343247.2090949557,1539573.3935469515
STR_015,2023-12-22,1380477.1099999999,1216538.2642062532,343247.2090949557,1559785.473301209
STR_015,2023-12-23,1969508.43,1289744.9344961806,343247.2090949557,1632992.1435911362
STR_015,2023-12-24,3061788.9,1263900.064033899,343247.2090949557,1607147.2731288546
STR_015,2023-12-25,2442391.85,1135866.384346597,343247.2090949557,1479113.5934415525
STR_015,2023-12-26,1042263.86,1003504.1154424788,343247.2090949557,1346751.3245374346
STR_015,2023-12-27,910902.5,921994.6689617067,343247.2090949557,1265241.8780566624
STR_015,2023-12-28,975535.9600000001,1042844.4466977249,343247.2090949557,1386091.6557926806
STR_015,2023-12-29,1521355.85,1252773.3689828187,343247.2090949557,1596020.5780777745
STR_015,2023-12-30,1439112.57,1286954.694344237,343247.2090949557,1630201.9034391926
STR_015,2023-12-31,3184306.29,1409776.3579997052,343247.2090949557,1753023.5670946608
STR_015,2024-01-01,115406.02,282617.89215890015,343247.2090949557,625865.1012538559
STR_015,2024-01-02,505427.6,601000.3900644972,343247.2090949557,944247.599159453
STR_015,2024-01-03,608429.87,626001.4076104156,343247.2090949557,969248.6167053713
STR_015,2024-01-04,689684.97,662725.5015386991,343247.2090949557,1005972.7106336548
STR_015,2024-01-05,803066.4199999999,939941.46715864,343247.2090949557,1283188.6762535959
STR_015,2024-01-06,1029159.04,1048338.0374741877,343247.2090949557,1391585.2465691434
STR_015,2024-01-07,819690.14,933647.0060017572,343247.2090949557,1276894.215096713
STR_015,2024-01-08,448806.41000000003,441220.98765342013,343247.2090949557,784468.1967483759
STR_015,2024-01-09,478875.14999999997,499469.2006142444,343247.2090949557,842716.4097092
STR_015,2024-01-10,486660.86,533783.505375618,343247.2090949557,877030.7144705737
STR_015,2024-01-11,633551.25,633065.1064955982,343247.2090949557,976312.3155905539
STR_015,2024-01-12,788187.94,756570.552467653,343247.2090949557,1099817.7615626086
STR_015,2024-01-13,1076337.59,1046770.7568783899,343247.2090949557,1390017.9659733456
STR_015,2024-01-14,828245.8,796990.5380181527,343247.2090949557,1140237.7471131084
STR_015,2024-01-15,716824.19,704472.7427036235,343247.2090949557,1047719.9517985792
STR_015,2024-01-16,369267.11,508525.9715843587,343247.2090949557,851773.1806793144
STR_015,2024-01-17,474354.41,557069.3784683564,343247.2090949557,900316.5875633121
STR_015,2024-01-18,421233.56,635253.740495146,343247.2090949557,978500.9495901017
STR_015,2024-01-19,622573.03,629509.8926681927,343247.2090949557,972757.1017631484
STR_015,2024-01-20,671564.52,991040.5954080017,343247.2090949557,1334287.8045029575
STR_015,2024-01-21,720118.56,944027.4830368253,343247.2090949557,1287274.692131781
STR_015,2024-01-22,517317.08999999997,491346.3999526678,343247.2090949557,834593.6090476236
STR_015,2024-01-23,494555.54000000004,443327.3570200025,343247.2090949557,786574.5661149581
STR_015,2024-01-24,380046.49,547254.4911629504,343247.2090949557,890501.7002579061
STR_015,2024-01-25,527332.99,615813.5918326584,343247.2090949557,959060.8009276141
STR_015,2024-01-26,514789.7,625245.0745502756,343247.2090949557,968492.2836452313
STR_015,2024-01-27,777413.74,766944.5820186086,343247.2090949557,1110191.7911135643
STR_015,2024-01-28,860638.9400000001,748315.8771020438,343247.2090949557,1091563.0861969995
STR_015,2024-01-29,507054.98,443684.261463615,343247.2090949557,786931.4705585707
STR_015,2024-01-30,527961.19,500837.7069928034,343247.2090949557,844084.9160877591
STR_015,2024-01-31,650068.29,624674.3066164072,343247.2090949557,967921.5157113629
STR_015,2024-02-01,400729.26,556005.9432093437,343247.2090949557,899253.1523042994
STR_015,2024-02-02,532730.37,675914.0517187071,343247.2090949557,1019161.2608136628
STR_015,2024-02-03,950322.78,885822.7440779168,343247.2090949557,1229069.9531728725
STR_015,2024-02-04,757757.24,790842.4344114705,343247.2090949557,1134089.6435064264
STR_015,2024-02-05,282406.38,261615.5881153227,343247.2090949557,604862.7972102785
STR_015,2024-02-06,445717.52999999997,433078.6955076504,343247.2090949557,776325.9046026061
STR_015,2024-02-07,485730.69,534881.0733012594,343247.2090949557,878128.2823962151
STR_015,2024-02-08,547079.6799999999,505737.44538121304,343247.2090949557,848984.6544761688
STR_015,2024-02-09,530887.85,620745.2268138804,343247.2090949557,963992.4359088361
STR_015,2024-02-10,841332.04,869863.4595500315,343247.2090949557,1213110.668644987
STR_015,2024-02-11,861715.13,794684.2159778987,343247.2090949557,1137931.4250728544
STR_015,2024-02-12,532104.4,501146.2466596769,343247.2090949557,844393.4557546326
STR_015,2024-02-13,621396.7,528854.0529961451,343247.2090949557,872101.2620911008
STR_015,2024-02-14,511112.47,551176.4441808116,343247.2090949557,894423.6532757673
STR_015,2024-02-15,671505.27,708713.6569681368,343247.2090949557,1051960.8660630924
STR_015,2024-02-16,590472.37,587884.9935074922,343247.2090949557,931132.202602448
STR_015,2024-02-17,999256.26,915555.6662675822,343247.2090949557,1258802.8753625378
STR_015,2024-02-18,874116.64,737123.4851251044,343247.2090949557,1080370.69422006
STR_015,2024-02-19,497249.82,458291.3039113576,343247.2090949557,801538.5130063132
STR_015,2024-02-20,516280.64,540218.9062849764,343247.2090949557,883466.1153799321
STR_015,2024-02-21,536129.04,485926.5129899986,343247.2090949557,829173.7220849544
STR_015,2024-02-22,578034.49,607280.27075593,343247.2090949557,950527.4798508857
STR_015,2024-02-23,545754.9400000001,656128.2245646478,343247.2090949557,999375.4336596035
STR_015,2024-02-24,733627.01,937558.8494223141,343247.2090949557,1280806.0585172698
STR_015,2024-02-25,699970.47,787054.5777862818,343247.2090949557,1130301.7868812375
STR_015,2024-02-26,374548.82,475928.43037024315,343247.2090949557,819175.6394651989
STR_015,2024-02-27,597473.6799999999,544589.9507052494,343247.2090949557,887837.1598002051
STR_015,2024-02-28,626354.95,534448.2665396464,343247.2090949557,877695.4756346021
STR_015,2024-02-29,682209.03,677438.5638234877,343247.2090949557,1020685.7729184434
STR_016,2023-12-01,808225.5,827067.4761387378,198171.21367365296,1025238.6898123907
STR_016,2023-12-02,1133549.14,1016072.350703391,198171.21367365296,1214243.5643770439
STR_016,2023-12-03,871472.59,828880.2384625844,198171.21367365296,1027051.4521362374
STR_016,2023-12-04,639596.74,567025.2836366838,198171.21367365296,765196.4973103368
STR_016,2023-12-05,468475.27,553677.9800080231,198171.21367365296,751849.193681676
STR_016,2023-12-06,638112.24,592301.873461843,198171.21367365296,790473.087135496
STR_016,2023-12-07,803198.03,652698.9375615818,198171.21367365296,850870.1512352348
STR_016,2023-12-08,665676.16,784385.5041022887,198171.21367365296,982556.7177759417
STR_016,2023-12-09,924260.8699999999,1012146.8336358927,198171.21367365296,1210318.0473095458
STR_016,2023-12-10,1077037.02,810792.355457761,198171.21367365296,1008963.5691314139
STR_016,2023-12-11,646415.37,572806.4480320525,198171.21367365296,770977.6617057055
STR_016,2023-12-12,737467.03,653420.5554762621,198171.21367365296,851591.7691499151
STR_016,2023-12-13,501214.66000000003,546721.240054326,198171.21367365296,744892.453727979
STR_016,2023-12-14,701016.46,632774.6612594067,198171.21367365296,830945.8749330597
STR_016,2023-12-15,981029.69,987527.2006608627,198171.21367365296,1185698.4143345156
STR_016,2023-12-16,1306628.58,1159765.06449405,198171.21367365296,1357936.2781677032
STR_016,2023-12-17,1248637.3699999999,1185372.1457240777,198171.21367365296,1383543.3593977308
STR_016,2023-12-18,510866.91000000003,660279.1846039321,198171.21367365296,858450.398277585
STR_016,2023-12-19,635833.77,679825.1164120547,198171.21367365296,877996.3300857077
STR_016,2023-12-20,732639.39,634601.598393954,198171.21367365296,832772.812067607
STR_016,2023-12-21,813444.19,752692.8977606153,198171.21367365296,950864.1114342683
STR_016,2023-12-22,919611.27,914627.4831219354,198171.21367365296,1112798.6967955884
STR_016,2023-12-23,1341189.09,1144336.2425277166,198171.21367365296,1342507.4562013694
STR_016,2023-12-24,2808740.9299999997,1131635.3903671363,198171.21367365296,1329806.6040407894
STR_016,2023-12-25,1572231.46,1070746.756877349,198171.21367365296,1268917.9705510018
STR_016,2023-12-26,654128.29,555448.7472628552,198171.21367365296,753619.9609365081
STR_016,2023-12-27,636025.39,731361.8231549979,198171.21367365296,929533.0368286509
STR_016,2023-12-28,764334.55,655569.1293410711,198171.21367365296,853740.3430147241
STR_016,2023-12-29,729610.71,871684.5806553093,198171.21367365296,1069855.7943289622
STR_016,2023-12-30,1307529.1199999999,1295552.708505531,198171.21367365296,1493723.922179184
STR_016,2023-12-31,2184547.15,1375701.3959275521,198171.21367365296,1573872.6096012052
STR_016,2024-01-01,156060.13,186623.8226465379,198171.21367365296,384795.0363201909
STR_016,2024-01-02,432873.0,484476.3291428827,198171.21367365296,682647.5428165357
STR_016,2024-01-03,398845.67,397703.97191370034,198171.21367365296,595875.1855873533
STR_016,2024-01-04,485997.05,535879.7658223738,198171.21367365296,734050.9794960268
STR_016,2024-01-05,437795.1,589215.0812950986,198171.21367365296,787386.2949687516
STR_016,2024-01-06,585401.49,755305.9511985548,198171.21367365296,953477.1648722078
STR_016,2024-01-07,486912.76,653987.1343548456,198171.21367365296,852158.3480284986
STR_016,2024-01-08,333370.77,343736.0306312174,198171.21367365296,541907.2443048704
STR_016,2024-01-09,250725.13,387988.0204370235,198171.21367365296,586159.2341106765
STR_016,2024-01-10,299729.26,353994.1112414949,198171.21367365296,552165.3249151479
STR_016,2024-01-11,352334.84,377684.2318746781,198171.21367365296,575855.4455483311
STR_016,2024-01-12,501853.78,515638.76684386237,198171.21367365296,713809.9805175153
STR_016,2024-01-13,514466.41000000003,542021.898991578,198171.21367365296,740193.112665231
STR_016,2024-01-14,555153.55,589965.428332028,198171.21367365296,788136.642005681
STR_016,2024-01-15,298006.14,431870.4473574218,198171.21367365296,630041.6610310748
STR_016,2024-01-16,362905.55,352355.5838362173,198171.21367365296,550526.7975098703
STR_016,2024-01-17,323432.44999999995,382511.3044274929,198171.21367365296,580682.5181011459
STR_016,2024-01-18,295350.81,336334.98973261425,198171.21367365296,534506.2034062672
STR_016,2024-01-19,486648.63,529816.2368638926,198171.21367365296,727987.4505375456
STR_016,2024-01-20,526574.6799999999,563979.1403441828,198171.21367365296,762150.3540178358
STR_016,2024-01-21,662944.24,599687.0823463587,198171.21367365296,797858.2960200117
STR_016,2024-01-22,344225.55,365952.66471481696,198171.21367365296,564123.8783884699
STR_016,2024-01-23,379632.53,385689.9047088806,198171.21367365296,583861.1183825335
STR_016,2024-01-24,227848.51,349114.2375025806,198171.21367365296,547285.4511762336
STR_016,2024-01-25,392448.88,389795.40868907626,198171.21367365296,587966.6223627292
STR_016,2024-01-26,434602.07,423299.0466906829,198171.21367365296,621470.2603643358
STR_016,2024-01-27,577373.48,634000.6989697752,198171.21367365296,832171.9126434282
STR_016,2024-01-28,304701.24,485172.1840235873,198171.21367365296,683343.3976972403
STR_016,2024-01-29,332837.43,301537.2628199788,198171.21367365296,499708.4764936318
STR_016,2024-01-30,373786.3,331385.5170628667,198171.21367365296,529556.7307365197
STR_016,2024-01-31,391579.66,418138.75968143047,198171.21367365296,616309.9733550835
STR_016,2024-02-01,411466.54000000004,396217.271556232,198171.21367365296,594388.485229885
STR_016,2024-02-02,464416.73,463679.3434148482,198171.21367365296,661850.5570885012
STR_016,2024-02-03,770866.53,638437.1071891532,198171.21367365296,836608.3208628062
STR_016,2024-02-04,497049.58,542530.2062275766,198171.21367365296,740701.4199012296
STR_016,2024-02-05,136792.58,201215.23498390196,198171.21367365296,399386.4486575549
STR_016,2024-02-06,411249.35,353852.63990264473,198171.21367365296,552023.8535762976
STR_016,2024-02-07,339383.77,363296.17240013956,198171.21367365296,561467.3860737926
STR_016,2024-02-08,404029.43,349889.24937613215,198171.21367365296,548060.4630497851
STR_016,2024-02-09,488865.97,426083.44349658233,198171.21367365296,624254.6571702353
STR_016,2024-02-10,435555.2,579455.9445464233,198171.21367365296,777627.1582200762
STR_016,2024-02-11,691954.05,585507.3017326501,198171.21367365296,783678.5154063031
STR_016,2024-02-12,343259.26,316935.9380522125,198171.21367365296,515107.1517258655
STR_016,2024-02-13,362806.75,346903.304056568,198171.21367365296,545074.5177302209
STR_016,2024-02-14,410621.45,368274.2927265109,198171.21367365296,566445.5064001639
STR_016,2024-02-15,598350.65,482020.4517964677,198171.21367365296,680191.6654701207
STR_016,2024-02-16,417640.57,458167.4596256828,198171.21367365296,656338.6732993358
STR_016,2024-02-17,601536.62,614663.4302951472,198171.21367365296,812834.6439688002
STR_016,2024-02-18,556533.4,541203.3280957943,198171.21367365296,739374.5417694473
STR_016,2024-02-19,382916.61,359083.8076969217,198171.21367365296,557255.0213705746
STR_016,2024-02-20,423452.97,370565.2517872011,198171.21367365296,568736.4654608541
STR_016,2024-02-21,363806.16000000003,337590.5285847398,198171.21367365296,535761.7422583927
STR_016,2024-02-22,418115.03,409525.4600862029,198171.21367365296,607696.6737598558
STR_016,2024-02-23,481792.77,506039.60806001304,198171.21367365296,704210.821733666
STR_016,2024-02-24,694882.27,636360.8865695435,198171.21367365296,834532.1002431965
STR_016,2024-02-25,564705.09,510445.00451832276,198171.21367365296,708616.2181919757
STR_016,2024-02-26,333556.54,341205.2708851116,198171.21367365296,539376.4845587646
STR_016,2024-02-27,287876.38,321793.43686970195,198171.21367365296,519964.6505433549
STR_016,2024-02-28,353253.77,374991.73576251743,198171.21367365296,573162.9494361704
STR_016,2024-02-29,641934.14,530823.2738305553,198171.21367365296,728994.4875042082
STR_017,2023-12-01,1459027.58,1487085.3949228595,498500.0371419117,1985585.4320647712
STR_017,2023-12-02,2205376.26,1532927.2404572493,498500.0371419117,2031427.277599161
STR_017,2023-12-03,1766177.32,1480139.8905433381,498500.0371419117,1978639.9276852498
STR_017,2023-12-04,1238085.21,1136818.0424843233,498500.0371419117,1635318.079626235
STR_017,2023-12-05,1372109.06,1266049.7442810307,498500.0371419117,1764549.7814229424
STR_017,2023-12-06,1157643.9,1040280.0379328985,498500.0371419117,1538780.07507481
STR_017,2023-12-07,1079581.25,1311213.911505296,498500.0371419117,1809713.9486472076
STR_017,2023-12-08,1462268.18,1499152.04382805,498500.0371419117,1997652.0809699616
STR_017,2023-12-09,2135355.18,1532927.2404572493,498500.0371419117,2031427.277599161
STR_017,2023-12-10,2085193.92,1480139.8905433381,498500.0371419117,1978639.9276852498
STR_017,2023-12-11,1083790.93,1060145.363041294,498500.0371419117,1558645.4001832057
STR_017,2023-12-12,1079415.6099999999,1353469.26294445,498500.0371419117,1851969.3000863616
STR_017,2023-12-13,1220074.31,1288418.6289495055,498500.0371419117,1786918.6660914172
STR_017,2023-12-14,1443740.45,1444486.9266554662,498500.0371419117,1942986.963797378
STR_017,2023-12-15,2052610.2,1530270.634429509,498500.0371419117,2028770.6715714207
STR_017,2023-12-16,2350793.88,1532927.2404572493,498500.0371419117,2031427.277599161
STR_017,2023-12-17,1514953.48,1483546.3183814296,498500.0371419117,1982046.3555233413
STR_017,2023-12-18,1350657.95,1355363.5890481637,498500.0371419117,1853863.6261900754
STR_017,2023-12-19,1452990.54,1334110.3455397135,498500.0371419117,1832610.3826816252
STR_017,2023-12-20,1546011.4,1419579.7647184841,498500.0371419117,1918079.8018603958
STR_017,2023-12-21,1588290.9,1459487.027150935,498500.0371419117,1957987.0642928467
STR_017,2023-12-22,1806638.45,1487085.3949228595,498500.0371419117,1985585.4320647712
STR_017,2023-12-23,2320936.4699999997,1531897.7346254885,498500.0371419117,2030397.7717674002
STR_017,2023-12-24,6542725.66,1485350.0351279944,498500.0371419117,1983850.072269906
STR_017,2023-12-25,2967429.67,1419061.234374361,498500.0371419117,1917561.2715162728
STR_017,2023-12-26,1190654.64,1257316.9148188229,498500.0371419117,1755816.9519607346
STR_017,2023-12-27,1069308.41,1315817.0637610876,498500.0371419117,1814317.1009029993
STR_017,2023-12-28,1509299.1,1416427.1600794622,498500.0371419117,1914927.197221374
STR_017,2023-12-29,2571712.35,1491236.0885044448,498500.0371419117,1989736.1256463565
STR_017,2023-12-30,2776741.76,1445636.4803957113,498500.0371419117,1944136.517537623
STR_017,2023-12-31,4855107.82,1568135.3248337298,498500.0371419117,2066635.3619756415
STR_017,2024-01-01,336094.88,386801.49511243345,498500.0371419117,885301.5322543451
STR_017,2024-01-02,796948.87,874809.5834473369,498500.0371419117,1373309.6205892486
STR_017,2024-01-03,920300.82,907541.5513917184,498500.0371419117,1406041.5885336301
STR_017,2024-01-04,736340.51,891689.0363516482,498500.0371419117,1390189.0734935598
STR_017,2024-01-05,759496.34,1288392.8713596377,498500.0371419117,1786892.9085015494
STR_017,2024-01-06,1116983.67,1350985.9791363224,498500.0371419117,1849486.016278234
STR_017,2024-01-07,1118493.72,1222729.7775043866,498500.0371419117,1721229.8146462983
STR_017,2024-01-08,575427.91,587780.1056796929,498500.0371419117,1086280.1428216046
STR_017,2024-01-09,650567.42,770522.5051561404,498500.0371419117,1269022.542298052
STR_017,2024-01-10,1062546.17,893079.6339657926,498500.0371419117,1391579.6711077043
STR_017,2024-01-11,932692.38,845902.8272272852,498500.0371419117,1344402.8643691968
STR_017,2024-01-12,981819.59,1023846.049437022,498500.0371419117,1522346.0865789335
STR_017,2024-01-13,1370026.46,1245295.4293828043,498500.0371419117,1743795.466524716
STR_017,2024-01-14,1100920.42,926621.5348789198,498500.0371419117,1425121.5720208315
STR_017,2024-01-15,713883.17,840416.3096561066,498500.0371419117,1338916.3467980183
STR_017,2024-01-16,722970.92,829105.4702085834,498500.0371419117,1327605.507350495
STR_017,2024-01-17,660980.36,703319.061410922,498500.0371419117,1201819.0985528338
STR_017,2024-01-18,798667.05,835452.4212326842,498500.0371419117,1333952.4583745957
STR_017,2024-01-19,1009640.5800000001,942366.4915079904,498500.0371419117,1440866.528649902
STR_017,2024-01-20,1113797.09,1268504.893871537,498500.0371419117,1767004.9310134486
STR_017,2024-01-21,1267950.67,1125557.3246099544,498500.0371419117,1624057.361751866
STR_017,2024-01-22,467647.55,619705.9986175131,498500.0371419117,1118206.0357594248
STR_017,2024-01-23,746554.27,800890.2005579186,498500.0371419117,1299390.2376998304
STR_017,2024-01-24,338744.08999999997,741428.8534436862,498500.0371419117,1239928.8905855978
STR_017,2024-01-25,988554.0700000001,881604.1867833921,498500.0371419117,1380104.2239253037
STR_017,2024-01-26,824925.77,850355.6095132368,498500.0371419117,1348855.6466551484
STR_017,2024-01-27,979743.26,1068582.697784125,498500.0371419117,1567082.7349260368
STR_017,2024-01-28,1042454.8,1006881.6855932738,498500.0371419117,1505381.7227351856
STR_017,2024-01-29,786045.33,701553.9354832203,498500.0371419117,1200053.972625132
STR_017,2024-01-30,735990.98,735757.8045537409,498500.0371419117,1234257.8416956526
STR_017,2024-01-31,937284.61,851647.3525740431,498500.0371419117,1350147.3897159547
STR_017,2024-02-01,741782.72,759196.7692867774,498500.0371419117,1257696.806428689
STR_017,2024-02-02,1152303.17,1075155.3409322128,498500.0371419117,1573655.3780741245
STR_017,2024-02-03,1261238.68,1285420.2641665675,498500.0371419117,1783920.3013084792
STR_017,2024-02-04,1146846.97,1013926.4808295616,498500.0371419117,1512426.5179714733
STR_017,2024-02-05,313600.12,415237.77156684245,498500.0371419117,913737.8087087541
STR_017,2024-02-06,795405.4099999999,726330.0644483054,498500.0371419117,1224830.101590217
STR_017,2024-02-07,926230.77,811627.7200645562,498500.0371419117,1310127.757206468
STR_017,2024-02-08,755161.0399999999,804647.5671789477,498500.0371419117,1303147.6043208595
STR_017,2024-02-09,853468.23,1099642.3171198461,498500.0371419117,1598142.3542617578
STR_017,2024-02-10,1506945.51,1339217.1264838467,498500.0371419117,1837717.1636257584
STR_017,2024-02-11,1122175.5899999999,883416.8185378372,498500.0371419117,1381916.855679749
STR_017,2024-02-12,842411.84,712676.0655069767,498500.0371419117,1211176.1026488882
STR_017,2024-02-13,893890.36,804352.900339695,498500.0371419117,1302852.9374816068
STR_017,2024-02-14,772360.31,725231.8856163813,498500.0371419117,1223731.9227582929
STR_017,2024-02-15,1134601.72,1033161.6594112726,498500.0371419117,1531661.6965531842
STR_017,2024-02-16,1101322.41,1034091.7684305933,498500.0371419117,1532591.805572505
STR_017,2024-02-17,1071282.68,1354971.662602921,498500.0371419117,1853471.6997448327
STR_017,2024-02-18,818898.19,1302873.5208425918,498500.0371419117,1801373.5579845035
STR_017,2024-02-19,770750.78,699943.9495971509,498500.0371419117,1198443.9867390627
STR_017,2024-02-20,798260.63,754318.0804909617,498500.0371419117,1252818.1176328734
STR_017,2024-02-21,844459.45,763574.619832151,498500.0371419117,1262074.6569740628
STR_017,2024-02-22,730832.24,835319.0522776202,498500.0371419117,1333819.0894195319
STR_017,2024-02-23,1010776.0,1132500.4094210037,498500.0371419117,1631000.4465629153
STR_017,2024-02-24,954541.65,1306144.4864416525,498500.0371419117,1804644.5235835642
STR_017,2024-02-25,1284159.4,1263054.7402808266,498500.0371419117,1761554.7774227383
STR_017,2024-02-26,702677.54,697558.9053468397,498500.0371419117,1196058.9424887514
STR_017,2024-02-27,494276.74,719155.5849218975,498500.0371419117,1217655.622063809
STR_017,2024-02-28,743171.77,692953.4243349,498500.0371419117,1191453.4614768117
STR_017,2024-02-29,1294551.15,1139476.0212728684,498500.0371419117,1637976.05841478
STR_018,2023-12-01,908070.82,1014620.2833309498,187349.1528535348,1201969.4361844845
STR_018,2023-12-02,1164191.67,1137044.18838646,187349.1528535348,1324393.3412399949
STR_018,2023-12-03,1322681.12,1037191.5690012613,187349.1528535348,1224540.7218547962
STR_018,2023-12-04,761418.1900000001,660389.8604951672,187349.1528535348,847739.013348702
STR_018,2023-12-05,765836.06,683298.680596154,187349.1528535348,870647.8334496887
STR_018,2023-12-06,722901.19,762309.8255781584,187349.1528535348,949658.9784316932
STR_018,2023-12-07,921396.4299999999,782277.1373408306,187349.1528535348,969626.2901943654
STR_018,2023-12-08,1034838.1,924870.6435400874,187349.1528535348,1112219.7963936222
STR_018,2023-12-09,1200091.44,1382643.2206147374,187349.1528535348,1569992.3734682722
STR_018,2023-12-10,1239373.02,1198204.041162664,187349.1528535348,1385553.1940161989
STR_018,2023-12-11,681993.55,682462.6416753387,187349.1528535348,869811.7945288735
STR_018,2023-12-12,1006757.77,876146.6026440428,187349.1528535348,1063495.7554975776
STR_018,2023-12-13,728147.13,797354.9767168117,187349.1528535348,984704.1295703464
STR_018,2023-12-14,936999.26,808458.9394937594,187349.1528535348,995808.0923472942
STR_018,2023-12-15,1650182.81,1459362.4070369457,187349.1528535348,1646711.5598904805
STR_018,2023-12-16,1474948.51,1490668.8720513477,187349.1528535348,1678018.0249048825
STR_018,2023-12-17,1279521.81,1353701.9055287065,187349.1528535348,1541051.0583822413
STR_018,2023-12-18,932134.74,762504.8977498665,187349.1528535348,949854.0506034013
STR_018,2023-12-19,624551.6,665376.7973127634,187349.1528535348,852725.9501662982
STR_018,2023-12-20,866123.0599999999,776003.3600289307,187349.1528535348,963352.5128824655
STR_018,2023-12-21,998681.22,911955.3288703555,187349.1528535348,1099304.4817238902
STR_018,2023-12-22,1252436.08,1099948.425829035,187349.1528535348,1287297.5786825698
STR_018,2023-12-23,1928429.4200000002,1490961.4928816857,187349.1528535348,1678310.6457352205
STR_018,2023-12-24,3655231.3,1378627.4775884496,187349.1528535348,1565976.6304419844
STR_018,2023-12-25,1978843.6199999999,1262368.7307396468,187349.1528535348,1449717.8835931816
STR_018,2023-12-26,901090.15,780581.5741639727,187349.1528535348,967930.7270175075
STR_018,2023-12-27,780853.8999999999,953960.4480651275,187349.1528535348,1141309.6009186623
STR_018,2023-12-28,1143248.68,1012109.0867008207,187349.1528535348,1199458.2395543554
STR_018,2023-12-29,1247961.8,1137476.4829575662,187349.1528535348,1324825.635811101
STR_018,2023-12-30,2060302.27,1461809.8045975587,187349.1528535348,1649158.9574510935
STR_018,2023-12-31,2388512.9000000004,1536307.4992341076,187349.1528535348,1723656.6520876423
STR_018,2024-01-01,159213.87,264791.7529504238,187349.1528535348,452140.9058039586
STR_018,2024-01-02,561079.06,538632.7209396276,187349.1528535348,725981.8737931624
STR_018,2024-01-03,533234.22,566511.8354026658,187349.1528535348,753860.9882562006
STR_018,2024-01-04,434798.91,623182.2669378854,187349.1528535348,810531.4197914202
STR_018,2024-01-05,718849.95,762816.6187726618,187349.1528535348,950165.7716261966
STR_018,2024-01-06,1020516.06,902209.8938763153,187349.1528535348,1089559.0467298501
STR_018,2024-01-07,665153.1699999999,748171.8377615266,187349.1528535348,935520.9906150614
STR_018,2024-01-08,361478.93,414496.0228691376,187349.1528535348,601845.1757226724
STR_018,2024-01-09,507822.71,472374.78462171054,187349.1528535348,659723.9374752453
STR_018,2024-01-10,402734.04,414379.75474502554,187349.1528535348,601728.9075985603
STR_018,2024-01-11,489109.49,548809.5360508882,187349.1528535348,736158.688904423
STR_018,2024-01-12,639416.19,658360.0002721805,187349.1528535348,845709.1531257153
STR_018,2024-01-13,791773.76,990119.1134310117,187349.1528535348,1177468.2662845463
STR_018,2024-01-14,928565.51,795149.05343662,187349.1528535348,982498.2062901548
STR_018,2024-01-15,408664.11,554568.6693291389,187349.1528535348,741917.8221826737
STR_018,2024-01-16,458375.57,415097.4625923336,187349.1528535348,602446.6154458683
STR_018,2024-01-17,285429.38,425520.3333388187,187349.1528535348,612869.4861923535
STR_018,2024-01-18,365666.95,429554.6625887236,187349.1528535348,616903.8154422584
STR_018,2024-01-19,616524.46,652701.4276139122,187349.1528535348,840050.5804674469
STR_018,2024-01-20,850424.22,868117.2034474412,187349.1528535348,1055466.3563009761
STR_018,2024-01-21,710589.93,743290.7440676938,187349.1528535348,930639.8969212286
STR_018,2024-01-22,435107.2,488846.5984651938,187349.1528535348,676195.7513187286
STR_018,2024-01-23,411150.95999999996,418538.3299651187,187349.1528535348,605887.4828186536
STR_018,2024-01-24,426555.78,429886.333251638,187349.1528535348,617235.4861051728
STR_018,2024-01-25,553407.75,502653.7106107176,187349.1528535348,690002.8634642523
STR_018,2024-01-26,579587.75,580388.1645239018,187349.1528535348,767737.3173774366
STR_018,2024-01-27,878827.71,840080.6460893903,187349.1528535348,1027429.7989429251
STR_018,2024-01-28,498861.1,809323.3858111581,187349.1528535348,996672.5386646929
STR_018,2024-01-29,408882.42,409926.41727261664,187349.1528535348,597275.5701261514
STR_018,2024-01-30,440669.03,433452.72395767283,187349.1528535348,620801.8768112076
STR_018,2024-01-31,619975.41,507881.2237008303,187349.1528535348,695230.376554365
STR_018,2024-02-01,598904.8099999999,537999.7851515434,187349.1528535348,725348.9380050782
STR_018,2024-02-02,581153.36,576696.3860275787,187349.1528535348,764045.5388811135
STR_018,2024-02-03,932503.19,912660.3580250473,187349.1528535348,1100009.510878582
STR_018,2024-02-04,716967.12,657566.1864561792,187349.1528535348,844915.339309714
STR_018,2024-02-05,244963.82,285254.0155588379,187349.1528535348,472603.1684123727
STR_018,2024-02-06,452150.91000000003,427561.7735701888,187349.1528535348,614910.9264237236
STR_018,2024-02-07,471774.18000000005,490526.62376335444,187349.1528535348,677875.7766168893
STR_018,2024-02-08,453726.63,483921.83245536487,187349.1528535348,671270.9853088997
STR_018,2024-02-09,738398.03,685151.9455096378,187349.1528535348,872501.0983631726
STR_018,2024-02-10,611433.47,692993.1899922994,187349.1528535348,880342.3428458342
STR_018,2024-02-11,783503.04,731183.1888941423,187349.1528535348,918532.3417476771
STR_018,2024-02-12,373139.79,403109.2098217207,187349.1528535348,590458.3626752555
STR_018,2024-02-13,527204.41,482428.75464468426,187349.1528535348,669777.907498219
STR_018,2024-02-14,513567.06,489539.014528618,187349.1528535348,676888.1673821528
STR_018,2024-02-15,624205.16,714701.2076260705,187349.1528535348,902050.3604796053
STR_018,2024-02-16,647349.4,632451.2392164249,187349.1528535348,819800.3920699597
STR_018,2024-02-17,850011.55,739820.6296637633,187349.1528535348,927169.7825172981
STR_018,2024-02-18,721370.56,729463.1916363459,187349.1528535348,916812.3444898807
STR_018,2024-02-19,490302.51999999996,430353.69638789934,187349.1528535348,617702.8492414341
STR_018,2024-02-20,472935.44,436737.2494383007,187349.1528535348,624086.4022918355
STR_018,2024-02-21,428379.44,475430.346187299,187349.1528535348,662779.4990408338
STR_018,2024-02-22,599910.66,489415.54610230436,187349.1528535348,676764.6989558392
STR_018,2024-02-23,744078.3200000001,638139.9385901772,187349.1528535348,825489.091443712
STR_018,2024-02-24,883176.1799999999,785219.6638670883,187349.1528535348,972568.816720623
STR_018,2024-02-25,656518.83,668251.5333296766,187349.1528535348,855600.6861832114
STR_018,2024-02-26,336556.14,416606.7822792959,187349.1528535348,603955.9351328306
STR_018,2024-02-27,430129.72,410508.3365402631,187349.1528535348,597857.4893937979
STR_018,2024-02-28,454625.05,496932.93491667963,187349.1528535348,684282.0877702144
STR_018,2024-02-29,618182.0,634900.1111636481,187349.1528535348,822249.2640171829
STR_019,2023-12-01,623412.19,893067.2683078524,166879.23851385457,1059946.506821707
STR_019,2023-12-02,1119838.36,903133.4002085187,166879.23851385457,1070012.6387223732
STR_019,2023-12-03,800702.87,729542.6808416846,166879.23851385457,896421.9193555391
STR_019,2023-12-04,323046.77,464541.83656334603,166879.23851385457,631421.0750772005
STR_019,2023-12-05,546831.29,515377.2517006645,166879.23851385457,682256.4902145191
STR_019,2023-12-06,586857.3300000001,505453.8488443802,166879.23851385457,672333.0873582347
STR_019,2023-12-07,612535.66,630641.8897638205,166879.23851385457,797521.128277675
STR_019,2023-12-08,481817.52,781034.8236257619,166879.23851385457,947914.0621396165
STR_019,2023-12-09,754731.23,948570.0487277873,166879.23851385457,1115449.287241642
STR_019,2023-12-10,992400.46,858848.4184610154,166879.23851385457,1025727.65697487
STR_019,2023-12-11,515145.82999999996,561429.9124724385,166879.23851385457,728309.1509862931
STR_019,2023-12-12,644422.87,672023.3156568714,166879.23851385457,838902.554170726
STR_019,2023-12-13,685175.68,615156.17716301,166879.23851385457,782035.4156768646
STR_019,2023-12-14,668689.0800000001,544036.9169995422,166879.23851385457,710916.1555133967
STR_019,2023-12-15,1263628.3,1057293.226234601,166879.23851385457,1224172.4647484557
STR_019,2023-12-16,1257240.87,1112819.7595510925,166879.23851385457,1279698.998064947
STR_019,2023-12-17,1096172.74,1105428.6929891913,166879.23851385457,1272307.9315030458
STR_019,2023-12-18,567699.14,549896.128682988,166879.23851385457,716775.3671968426
STR_019,2023-12-19,675572.42,749567.7701656286,166879.23851385457,916447.0086794832
STR_019,2023-12-20,467489.5,620799.2411168478,166879.23851385457,787678.4796307024
STR_019,2023-12-21,694391.8200000001,587405.2800250329,166879.23851385457,754284.5185388875
STR_019,2023-12-22,918264.9,1031538.2628553261,166879.23851385457,1198417.5013691806
STR_019,2023-12-23,1098903.3900000001,1030794.4585473461,166879.23851385457,1197673.6970612006
STR_019,2023-12-24,2453568.0300000003,1070338.6449061928,166879.23851385457,1237217.8834200474
STR_019,2023-12-25,1412419.24,988307.1577748758,166879.23851385457,1155186.3962887302
STR_019,2023-12-26,691124.14,639355.4190371318,166879.23851385457,806234.6575509864
STR_019,2023-12-27,616911.84,563594.4051425556,166879.23851385457,730473.6436564102
STR_019,2023-12-28,607128.37,595117.3858398292,166879.23851385457,761996.6243536838
STR_019,2023-12-29,853701.58,899997.3568824669,166879.23851385457,1066876.5953963215
STR_019,2023-12-30,1019214.94,1211788.3837584364,166879.23851385457,1378667.622272291
STR_019,2023-12-31,2468906.72,1264149.8686914442,166879.23851385457,1431029.1072052987
STR_019,2024-01-01,146325.39,208024.7481082621,166879.23851385457,374903.98662211664
STR_019,2024-01-02,448013.15,418475.58169940545,166879.23851385457,585354.82021326
STR_019,2024-01-03,343192.96,417122.8619631831,166879.23851385457,584002.1004770377
STR_019,2024-01-04,387975.48,427354.26197451376,166879.23851385457,594233.5004883683
STR_019,2024-01-05,468417.24,527417.7982766754,166879.23851385457,694297.03679053
STR_019,2024-01-06,718442.53,805192.2869450813,166879.23851385457,972071.5254589359
STR_019,2024-01-07,395801.71,595013.8385790746,166879.23851385457,761893.0770929292
STR_019,2024-01-08,351025.17000000004,314057.99116123136,166879.23851385457,480937.2296750859
STR_019,2024-01-09,320104.29,357463.3870962972,166879.23851385457,524342.6256101518
STR_019,2024-01-10,275018.3,370517.19231876405,166879.23851385457,537396.4308326186
STR_019,2024-01-11,251629.61000000002,335137.4843649656,166879.23851385457,502016.72287882015
STR_019,2024-01-12,519725.63,541573.7897973565,166879.23851385457,708453.028311211
STR_019,2024-01-13,514861.31,609106.664400118,166879.23851385457,775985.9029139726
STR_019,2024-01-14,669614.03,613093.4797813939,166879.23851385457,779972.7182952485
STR_019,2024-01-15,337397.6,387728.4231372067,166879.23851385457,554607.6616510613
STR_019,2024-01-16,361453.83999999997,336809.25408312987,166879.23851385457,503688.49259698443
STR_019,2024-01-17,335730.88,357716.9380972029,166879.23851385457,524596.1766110575
STR_019,2024-01-18,352912.32,387947.64926949004,166879.23851385457,554826.8877833446
STR_019,2024-01-19,483696.94,515654.2277439037,166879.23851385457,682533.4662577582
STR_019,2024-01-20,552880.53,564846.8092249268,166879.23851385457,731726.0477387813
STR_019,2024-01-21,465360.99,511579.3117943765,166879.23851385457,678458.550308231
STR_019,2024-01-22,263585.28,305738.1842019522,166879.23851385457,472617.42271580675
STR_019,2024-01-23,272136.67,337342.0364867293,166879.23851385457,504221.27500058385
STR_019,2024-01-24,364421.83,340682.8664439968,166879.23851385457,507562.10495785135
STR_019,2024-01-25,251316.16999999998,351500.43238562875,166879.23851385457,518379.6708994833
STR_019,2024-01-26,305751.03,477431.5193650289,166879.23851385457,644310.7578788835
STR_019,2024-01-27,521814.83,541331.5152428694,166879.23851385457,708210.753756724
STR_019,2024-01-28,521341.43999999994,472809.16793006554,166879.23851385457,639688.4064439201
STR_019,2024-01-29,330358.53,325302.9561184505,166879.23851385457,492182.19463230507
STR_019,2024-01-30,289758.15,299656.6520038717,166879.23851385457,466535.89051772625
STR_019,2024-01-31,434164.07999999996,387895.53974144836,166879.23851385457,554774.7782553029
STR_019,2024-02-01,361202.41,353448.9873212417,166879.23851385457,520328.22583509627
STR_019,2024-02-02,345425.24,430391.7287436745,166879.23851385457,597270.967257529
STR_019,2024-02-03,554594.49,603368.4857117618,166879.23851385457,770247.7242256163
STR_019,2024-02-04,388099.93,482999.15354774444,166879.23851385457,649878.3920615991
STR_019,2024-02-05,179590.21,206837.71328024557,166879.23851385457,373716.9517941001
STR_019,2024-02-06,332415.70999999996,306538.7579681201,166879.23851385457,473417.99648197467
STR_019,2024-02-07,365520.81,352886.9242307628,166879.23851385457,519766.1627446174
STR_019,2024-02-08,395820.77,301900.1466146174,166879.23851385457,468779.38512847194
STR_019,2024-02-09,377504.07999999996,424167.3759706171,166879.23851385457,591046.6144844717
STR_019,2024-02-10,608059.31,498329.6845273657,166879.23851385457,665208.9230412203
STR_019,2024-02-11,537172.6,485624.02157473285,166879.23851385457,652503.2600885874
STR_019,2024-02-12,340572.98,329184.0010462694,166879.23851385457,496063.23956012394
STR_019,2024-02-13,395320.37,340664.9045807621,166879.23851385457,507544.14309461665
STR_019,2024-02-14,212074.22,327688.8523807028,166879.23851385457,494568.09089455736
STR_019,2024-02-15,640635.37,478447.94949768536,166879.23851385457,645327.1880115399
STR_019,2024-02-16,484975.93,425368.9046835277,166879.23851385457,592248.1431973823
STR_019,2024-02-17,552148.03,510657.28291871666,166879.23851385457,677536.5214325712
STR_019,2024-02-18,512595.37,476488.8004596915,166879.23851385457,643368.0389735461
STR_019,2024-02-19,292522.16000000003,287087.8170652296,166879.23851385457,453967.05557908415
STR_019,2024-02-20,279925.88,295285.0451528964,166879.23851385457,462164.28366675094
STR_019,2024-02-21,310013.0,304482.80049623974,166879.23851385457,471362.0390100943
STR_019,2024-02-22,264910.74,325174.8385201593,166879.23851385457,492054.07703401387
STR_019,2024-02-23,433552.57,419202.58024352515,166879.23851385457,586081.8187573797
STR_019,2024-02-24,576417.24,573253.8302765227,166879.23851385457,740133.0687903772
STR_019,2024-02-25,463359.86,486235.37296148133,166879.23851385457,653114.6114753359
STR_019,2024-02-26,351559.89999999997,304114.3815610122,166879.23851385457,470993.62007486675
STR_019,2024-02-27,361152.68,286026.00875953416,166879.23851385457,452905.2472733887
STR_019,2024-02-28,260427.18,324590.7662705474,166879.23851385457,491470.004784402
STR_019,2024-02-29,389392.42000000004,441222.12966158264,166879.23851385457,608101.3681754372
STR_020,2023-12-01,924024.52,947252.2830003627,179203.14111515426,1126455.424115517
STR_020,2023-12-02,1009780.66,1185505.5436442494,179203.14111515426,1364708.6847594036
STR_020,2023-12-03,1034746.52,973067.8858021096,179203.14111515426,1152271.0269172639
STR_020,2023-12-04,778999.47,663323.6094238088,179203.14111515426,842526.750538963
STR_020,2023-12-05,600164.9,718826.2029710623,179203.14111515426,898029.3440862165
STR_020,2023-12-06,926782.8,752473.9340823524,179203.14111515426,931677.0751975067
STR_020,2023-12-07,695606.6799999999,793599.606271969,179203.14111515426,972802.7473871233
STR_020,2023-12-08,958788.6,839659.8471159552,179203.14111515426,1018862.9882311095
STR_020,2023-12-09,1151575.67,1190523.6704856104,179203.14111515426,1369726.8116007647
STR_020,2023-12-10,1210181.54,1101962.930271231,179203.14111515426,1281166.0713863852
STR_020,2023-12-11,739951.15,685917.2108259016,179203.14111515426,865120.3519410559
STR_020,2023-12-12,894442.4299999999,847351.2058485739,179203.14111515426,1026554.3469637282
STR_020,2023-12-13,555716.11,700073.3591841331,179203.14111515426,879276.5002992874
STR_020,2023-12-14,455687.22000000003,694154.9928675877,179203.14111515426,873358.133982742
STR_020,2023-12-15,1316432.78,1336274.3412461567,179203.14111515426,1515477.482361311
STR_020,2023-12-16,1489114.45,1266602.3293485665,179203.14111515426,1445805.4704637206
STR_020,2023-12-17,1286459.75,1154937.0788697875,179203.14111515426,1334140.2199849417
STR_020,2023-12-18,314190.53,734348.0299746508,179203.14111515426,913551.1710898051
STR_020,2023-12-19,763106.39,746216.6605917135,179203.14111515426,925419.8017068678
STR_020,2023-12-20,872245.39,859673.548707043,179203.14111515426,1038876.6898221973
STR_020,2023-12-21,961172.66,787810.0612871576,179203.14111515426,967013.2024023118
STR_020,2023-12-22,1181524.06,1143866.465812403,179203.14111515426,1323069.6069275574
STR_020,2023-12-23,1272138.45,1474883.6767624586,179203.14111515426,1654086.817877613
STR_020,2023-12-24,3102388.58,1345957.3798987372,179203.14111515426,1525160.5210138913
STR_020,2023-12-25,1460522.94,1191563.3162483538,179203.14111515426,1370766.4573635082
STR_020,2023-12-26,797700.83,737398.2467827471,179203.14111515426,916601.3878979014
STR_020,2023-12-27,746249.22,781646.2623633267,179203.14111515426,960849.403478481
STR_020,2023-12-28,970460.11,929746.6564295513,179203.14111515426,1108949.7975447057
STR_020,2023-12-29,934808.87,1020482.6106211698,179203.14111515426,1199685.751736324
STR_020,2023-12-30,1192983.82,1350515.5358272588,179203.14111515426,1529718.6769424132
STR_020,2023-12-31,3331868.64,1520313.338425531,179203.14111515426,1699516.4795406852
STR_020,2024-01-01,209105.54,225165.5774555419,179203.14111515426,404368.7185706962
STR_020,2024-01-02,464062.5,459486.3127109377,179203.14111515426,638689.453826092
STR_020,2024-01-03,643971.84,540790.7946982321,179203.14111515426,719993.9358133863
STR_020,2024-01-04,456297.26,555388.8062190978,179203.14111515426,734591.9473342521
STR_020,2024-01-05,528114.27,724537.5767353565,179203.14111515426,903740.7178505107
STR_020,2024-01-06,875931.08,834194.5746025252,179203.14111515426,1013397.7157176795
STR_020,2024-01-07,747751.3,749756.8076195907,179203.14111515426,928959.9487347449
STR_020,2024-01-08,367902.06,391253.8154733195,179203.14111515426,570456.9565884738
STR_020,2024-01-09,412533.93,411943.0896312189,179203.14111515426,591146.2307463732
STR_020,2024-01-10,438894.81,440630.96714084025,179203.14111515426,619834.1082559945
STR_020,2024-01-11,462987.44,474415.5544545091,179203.14111515426,653618.6955696633
STR_020,2024-01-12,614199.4500000001,642762.0257344174,179203.14111515426,821965.1668495716
STR_020,2024-01-13,371015.61,720543.7618171315,179203.14111515426,899746.9029322858
STR_020,2024-01-14,707592.48,718704.5794428973,179203.14111515426,897907.7205580516
STR_020,2024-01-15,629443.06,617794.6425684624,179203.14111515426,796997.7836836167
STR_020,2024-01-16,428473.86,402459.26404359954,179203.14111515426,581662.4051587537
STR_020,2024-01-17,364266.11,425055.8923542566,179203.14111515426,604259.0334694108
STR_020,2024-01-18,406152.97,511521.11909740494,179203.14111515426,690724.2602125593
STR_020,2024-01-19,585425.21,561157.6056919674,179203.14111515426,740360.7468071217
STR_020,2024-01-20,458831.39,715681.9823762523,179203.14111515426,894885.1234914066
STR_020,2024-01-21,775597.28,779435.4050759717,179203.14111515426,958638.546191126
STR_020,2024-01-22,428927.18,404643.0103125673,179203.14111515426,583846.1514277216
STR_020,2024-01-23,441562.83,467397.9358366403,179203.14111515426,646601.0769517946
STR_020,2024-01-24,388691.83,430125.17171086214,179203.14111515426,609328.3128260165
STR_020,2024-01-25,366072.54,427161.94378438394,179203.14111515426,606365.0848995382
STR_020,2024-01-26,556557.17,558162.7538999493,179203.14111515426,737365.8950151035
STR_020,2024-01-27,698879.08,704233.025705465,179203.14111515426,883436.1668206193
STR_020,2024-01-28,521863.15,649664.3703455395,179203.14111515426,828867.5114606938
STR_020,2024-01-29,309219.55,337924.1421563651,179203.14111515426,517127.28327151935
STR_020,2024-01-30,428085.24,402978.76811455924,179203.14111515426,582181.9092297135
STR_020,2024-01-31,588673.89,615746.8603088584,179203.14111515426,794950.0014240127
STR_020,2024-02-01,456231.20999999996,406159.0646173657,179203.14111515426,585362.20573252
STR_020,2024-02-02,529517.4,561547.7745181512,179203.14111515426,740750.9156333054
STR_020,2024-02-03,672304.26,653986.8778923554,179203.14111515426,833190.0190075097
STR_020,2024-02-04,643995.99,783416.8661247452,179203.14111515426,962620.0072398995
STR_020,2024-02-05,215437.81,231172.7817314784,179203.14111515426,410375.92284663266
STR_020,2024-02-06,495792.08,419706.0913262581,179203.14111515426,598909.2324414123
STR_020,2024-02-07,408279.23,469822.4001931415,179203.14111515426,649025.5413082957
STR_020,2024-02-08,435460.63,454848.8453732784,179203.14111515426,634051.9864884326
STR_020,2024-02-09,475074.93,471215.5632335852,179203.14111515426,650418.7043487395
STR_020,2024-02-10,907199.4500000001,725984.840530042,179203.14111515426,905187.9816451962
STR_020,2024-02-11,551075.34,568990.5726785711,179203.14111515426,748193.7137937254
STR_020,2024-02-12,369524.46,343025.5182861171,179203.14111515426,522228.6594012714
STR_020,2024-02-13,410757.49,469502.0816742423,179203.14111515426,648705.2227893965
STR_020,2024-02-14,424406.62,393849.233841602,179203.14111515426,573052.3749567562
STR_020,2024-02-15,578726.31,540683.5522124303,179203.14111515426,719886.6933275845
STR_020,2024-02-16,674653.12,640797.0493736273,179203.14111515426,820000.1904887815
STR_020,2024-02-17,686591.8,658172.343887171,179203.14111515426,837375.4850023253
STR_020,2024-02-18,545576.81,636541.7270763606,179203.14111515426,815744.8681915149
STR_020,2024-02-19,417399.07,375498.2411795612,179203.14111515426,554701.3822947154
STR_020,2024-02-20,456052.16000000003,428490.1262009113,179203.14111515426,607693.2673160655
STR_020,2024-02-21,478176.02,409265.9715011674,179203.14111515426,588469.1126163217
STR_020,2024-02-22,441708.4,492085.2849581887,179203.14111515426,671288.426073343
STR_020,2024-02-23,605300.71,517888.90930478973,179203.14111515426,697092.050419944
STR_020,2024-02-24,810328.98,787198.0729061933,179203.14111515426,966401.2140213476
STR_020,2024-02-25,515170.21,650760.9465822928,179203.14111515426,829964.087697447
STR_020,2024-02-26,421077.9,400587.6543295828,179203.14111515426,579790.7954447371
STR_020,2024-02-27,412131.27,408586.40398179035,179203.14111515426,587789.5450969446
STR_020,2024-02-28,354775.27,388880.33948322205,179203.14111515426,568083.4805983764
STR_020,2024-02-29,537816.62,589679.3892861517,179203.14111515426,768882.530401306
STR_021,2023-12-01,757070.53,798412.7940798457,223555.3450216574,1021968.1391015031
STR_021,2023-12-02,602740.33,1165557.7030093367,223555.3450216574,1389113.0480309941
STR_021,2023-12-03,899859.19,894475.2648472982,223555.3450216574,1118030.6098689556
STR_021,2023-12-04,613110.81,610822.4600036294,223555.3450216574,834377.8050252869
STR_021,2023-12-05,603563.5,609751.4043336761,223555.3450216574,833306.7493553335
STR_021,2023-12-06,783586.21,666114.3515979833,223555.3450216574,889669.6966196407
STR_021,2023-12-07,687532.61,741695.7593644616,223555.3450216574,965251.104386119
STR_021,2023-12-08,913739.6599999999,952765.9509318764,223555.3450216574,1176321.2959535338
STR_021,2023-12-09,839962.87,920378.7123852083,223555.3450216574,1143934.0574068658
STR_021,2023-12-10,687932.61,725486.0414678912,223555.3450216574,949041.3864895486
STR_021,2023-12-11,492323.98,578856.8540883384,223555.3450216574,802412.1991099959
STR_021,2023-12-12,737306.19,791752.0169905653,223555.3450216574,1015307.3620122228
STR_021,2023-12-13,575683.26,635244.6407952006,223555.3450216574,858799.985816858
STR_021,2023-12-14,695218.49,670240.4785165206,223555.3450216574,893795.823538178
STR_021,2023-12-15,1085941.97,1025532.156149433,223555.3450216574,1249087.5011710904
STR_021,2023-12-16,847068.8500000001,1025164.737997601,223555.3450216574,1248720.0830192585
STR_021,2023-12-17,912156.31,829401.5946100287,223555.3450216574,1052956.939631686
STR_021,2023-12-18,672672.69,604621.9675396979,223555.3450216574,828177.3125613553
STR_021,2023-12-19,747436.8,658271.9492112516,223555.3450216574,881827.294232909
STR_021,2023-12-20,642973.77,547784.4925632484,223555.3450216574,771339.8375849058
STR_021,2023-12-21,664850.61,662340.3151670843,223555.3450216574,885895.6601887417
STR_021,2023-12-22,775496.09,851012.5102825459,223555.3450216574,1074567.8553042035
STR_021,2023-12-23,1275426.35,966474.1312763263,223555.3450216574,1190029.4762979837
STR_021,2023-12-24,2014457.95,1069119.8000162418,223555.3450216574,1292675.1450378993
STR_021,2023-12-25,1286549.45,1049781.4281444447,223555.3450216574,1273336.7731661021
STR_021,2023-12-26,607953.8200000001,633695.3792167387,223555.3450216574,857250.7242383962
STR_021,2023-12-27,620009.23,627681.5698462733,223555.3450216574,851236.9148679307
STR_021,2023-12-28,572666.8,729104.758005915,223555.3450216574,952660.1030275724
STR_021,2023-12-29,977370.42,913021.273677115,223555.3450216574,1136576.6186987725
STR_021,2023-12-30,988809.55,1055558.595041125,223555.3450216574,1279113.9400627825
STR_021,2023-12-31,2342162.38,1381256.987547974,223555.3450216574,1604812.3325696315
STR_021,2024-01-01,119899.66,190702.08026311238,223555.3450216574,414257.4252847698
STR_021,2024-01-02,289680.0,334708.85288933426,223555.3450216574,558264.1979109917
STR_021,2024-01-03,324169.13,382449.1675414007,223555.3450216574,606004.5125630582
STR_021,2024-01-04,376044.63,496052.0188097967,223555.3450216574,719607.3638314542
STR_021,2024-01-05,414177.89,441147.12354803656,223555.3450216574,664702.468569694
STR_021,2024-01-06,559775.6599999999,658337.5652515496,223555.3450216574,881892.910273207
STR_021,2024-01-07,527102.66,572729.4746690355,223555.3450216574,796284.8196906929
STR_021,2024-01-08,359675.88,349154.23393613606,223555.3450216574,572709.5789577935
STR_021,2024-01-09,353763.39,358931.58508244273,223555.3450216574,582486.9301041001
STR_021,2024-01-10,408854.86,384006.41071387596,223555.3450216574,607561.7557355333
STR_021,2024-01-11,383306.67,360715.2663885844,223555.3450216574,584270.6114102418
STR_021,2024-01-12,491287.79000000004,496674.6876560161,223555.3450216574,720230.0326776735
STR_021,2024-01-13,587606.19,669144.0013198929,223555.3450216574,892699.3463415504
STR_021,2024-01-14,531659.95,493812.437445323,223555.3450216574,717367.7824669804
STR_021,2024-01-15,221525.58000000002,400279.1213757227,223555.3450216574,623834.4663973801
STR_021,2024-01-16,280526.48,337633.77587057144,223555.3450216574,561189.1208922288
STR_021,2024-01-17,306165.7,384295.6898496605,223555.3450216574,607851.0348713179
STR_021,2024-01-18,448529.06,399272.2876847613,223555.3450216574,622827.6327064186
STR_021,2024-01-19,534915.34,505567.8590193488,223555.3450216574,729123.2040410063
STR_021,2024-01-20,737645.31,690461.0431584896,223555.3450216574,914016.388180147
STR_021,2024-01-21,599225.88,622089.4705251994,223555.3450216574,845644.8155468568
STR_021,2024-01-22,371707.08,364813.5289363762,223555.3450216574,588368.8739580336
STR_021,2024-01-23,396114.3,367632.06855500554,223555.3450216574,591187.413576663
STR_021,2024-01-24,193657.99,373090.7476645827,223555.3450216574,596646.0926862401
STR_021,2024-01-25,370384.15,425768.2475814516,223555.3450216574,649323.5926031091
STR_021,2024-01-26,446306.70999999996,528809.1348265503,223555.3450216574,752364.4798482077
STR_021,2024-01-27,671332.22,709366.9578053199,223555.3450216574,932922.3028269773
STR_021,2024-01-28,549531.29,519498.47681323916,223555.3450216574,743053.8218348966
STR_021,2024-01-29,311133.08,301189.676093672,223555.3450216574,524745.0211153293
STR_021,2024-01-30,343329.45999999996,353872.67541376496,223555.3450216574,577428.0204354224
STR_021,2024-01-31,489709.92,420588.60479899653,223555.3450216574,644143.949820654
STR_021,2024-02-01,486805.31,411431.29529685515,223555.3450216574,634986.6403185126
STR_021,2024-02-02,577685.61,504464.6156012861,223555.3450216574,728019.9606229435
STR_021,2024-02-03,692279.0,726642.2165612973,223555.3450216574,950197.5615829547
STR_021,2024-02-04,591738.11,552372.3401039776,223555.3450216574,775927.685125635
STR_021,2024-02-05,223411.46000000002,209904.80287921272,223555.3450216574,433460.1479008701
STR_021,2024-02-06,412936.92000000004,367823.74405727955,223555.3450216574,591379.089078937
STR_021,2024-02-07,383476.31,400586.14503970376,223555.3450216574,624141.4900613611
STR_021,2024-02-08,393892.46,391205.0509368859,223555.3450216574,614760.3959585433
STR_021,2024-02-09,335563.93,501213.2126002207,223555.3450216574,724768.5576218781
STR_021,2024-02-10,662874.47,652239.2081879545,223555.3450216574,875794.5532096119
STR_021,2024-02-11,637183.05,553083.0954534825,223555.3450216574,776638.4404751399
STR_021,2024-02-12,333487.26,338463.9769625679,223555.3450216574,562019.3219842253
STR_021,2024-02-13,329728.91000000003,318011.91432356916,223555.3450216574,541567.2593452266
STR_021,2024-02-14,443686.64999999997,379119.6581919426,223555.3450216574,602675.0032136
STR_021,2024-02-15,534227.56,552588.7792152098,223555.3450216574,776144.1242368672
STR_021,2024-02-16,537698.97,485820.5215385792,223555.3450216574,709375.8665602366
STR_021,2024-02-17,696182.74,639922.0669575507,223555.3450216574,863477.4119792081
STR_021,2024-02-18,608419.38,609100.5985061637,223555.3450216574,832655.9435278211
STR_021,2024-02-19,422759.06,358667.6144580543,223555.3450216574,582222.9594797117
STR_021,2024-02-20,337282.18,361527.09094522137,223555.3450216574,585082.4359668788
STR_021,2024-02-21,346852.08999999997,365502.4956677639,223555.3450216574,589057.8406894214
STR_021,2024-02-22,315366.58,398177.4649044409,223555.3450216574,621732.8099260983
STR_021,2024-02-23,461037.43,576006.6713525362,223555.3450216574,799562.0163741936
STR_021,2024-02-24,660693.0,662867.7306766183,223555.3450216574,886423.0756982757
STR_021,2024-02-25,648001.42,552036.287110789,223555.3450216574,775591.6321324464
STR_021,2024-02-26,380506.68,368286.1859636146,223555.3450216574,591841.530985272
STR_021,2024-02-27,329560.2,365913.4783870252,223555.3450216574,589468.8234086826
STR_021,2024-02-28,393277.62,367274.745374834,223555.3450216574,590830.0903964913
STR_021,2024-02-29,556721.12,478385.8665686631,223555.3450216574,701941.2115903206
STR_022,2023-12-01,540096.73,519625.77302460524,117824.95914586185,637450.732170467
STR_022,2023-12-02,748209.26,800356.8528131052,117824.95914586185,918181.811958967
STR_022,2023-12-03,697825.73,697372.7286751305,117824.95914586185,815197.6878209924
STR_022,2023-12-04,419736.5,378028.0189553117,117824.95914586185,495852.97810117353
STR_022,2023-12-05,514600.8,451769.418117681,117824.95914586185,569594.3772635428
STR_022,2023-12-06,432833.85,439405.5049028311,117824.95914586185,557230.464048693
STR_022,2023-12-07,525312.56,467932.3999177812,117824.95914586185,585757.359063643
STR_022,2023-12-08,654167.9299999999,517474.0619788543,117824.95914586185,635299.0211247161
STR_022,2023-12-09,596337.02,724467.1639414123,117824.95914586185,842292.1230872741
STR_022,2023-12-10,613596.51,625791.440405045,117824.95914586185,743616.3995509068
STR_022,2023-12-11,385491.96,383937.83872924396,117824.95914586185,501762.7978751058
STR_022,2023-12-12,380085.62,475573.7035917275,117824.95914586185,593398.6627375893
STR_022,2023-12-13,414216.08,412878.6108542232,117824.95914586185,530703.570000085
STR_022,2023-12-14,403068.25,442092.6115523232,117824.95914586185,559917.5706981851
STR_022,2023-12-15,859837.1799999999,871762.6996631514,117824.95914586185,989587.6588090132
STR_022,2023-12-16,705999.8400000001,753220.2631232108,117824.95914586185,871045.2222690727
STR_022,2023-12-17,745643.41,646857.4049559407,117824.95914586185,764682.3641018025
STR_022,2023-12-18,210372.62,390374.6440288089,117824.95914586185,508199.6031746708
STR_022,2023-12-19,435507.08999999997,400552.0303643587,117824.95914586185,518376.98951022053
STR_022,2023-12-20,282007.09,420244.49640287174,117824.95914586185,538069.4555487336
STR_022,2023-12-21,414724.43,469510.2823916544,117824.95914586185,587335.2415375162
STR_022,2023-12-22,688126.47,580860.2003810508,117824.95914586185,698685.1595269127
STR_022,2023-12-23,785257.3200000001,697260.9601921464,117824.95914586185,815085.9193380082
STR_022,2023-12-24,1621359.28,941157.15545902,117824.95914586185,1058982.114604882
STR_022,2023-12-25,828664.4,837582.457440799,117824.95914586185,955407.4165866608
STR_022,2023-12-26,419150.49,430600.8885921006,117824.95914586185,548425.8477379624
STR_022,2023-12-27,387928.19,417385.1271093424,117824.95914586185,535210.0862552042
STR_022,2023-12-28,479391.20999999996,448427.5908713189,117824.95914586185,566252.5500171807
STR_022,2023-12-29,484090.4,537587.7020531764,117824.95914586185,655412.6611990381
STR_022,2023-12-30,819056.24,750127.4375803119,117824.95914586185,867952.3967261738
STR_022,2023-12-31,1697987.1600000001,1170096.3688047002,117824.95914586185,1287921.3279505621
STR_022,2024-01-01,78644.38,148313.39497428303,117824.95914586185,266138.35412014485
STR_022,2024-01-02,235803.83000000002,286957.4231125801,117824.95914586185,404782.38225844194
STR_022,2024-01-03,242959.1,273107.8871244645,117824.95914586185,390932.84627032635
STR_022,2024-01-04,333168.03,323993.4502694858,117824.95914586185,441818.4094153477
STR_022,2024-01-05,366082.28,375905.9761568135,117824.95914586185,493730.93530267535
STR_022,2024-01-06,445521.2,492175.8543908033,117824.95914586185,610000.8135366652
STR_022,2024-01-07,243771.11,465526.2117351416,117824.95914586185,583351.1708810034
STR_022,2024-01-08,208724.04,279335.33803441405,117824.95914586185,397160.2971802759
STR_022,2024-01-09,227433.26,266993.39701743895,117824.95914586185,384818.3561633008
STR_022,2024-01-10,191519.43,248010.23520662592,117824.95914586185,365835.1943524878
STR_022,2024-01-11,198499.66,289182.2395930456,117824.95914586185,407007.19873890746
STR_022,2024-01-12,398664.54000000004,348236.03011982207,117824.95914586185,466060.9892656839
STR_022,2024-01-13,450346.77,498780.0712387601,117824.95914586185,616605.0303846219
STR_022,2024-01-14,383916.61,353459.9037057435,117824.95914586185,471284.86285160534
STR_022,2024-01-15,234722.69,310659.549341548,117824.95914586185,428484.50848740985
STR_022,2024-01-16,192539.06,264050.85539464426,117824.95914586185,381875.8145405061
STR_022,2024-01-17,171127.3,247806.81385592034,117824.95914586185,365631.7730017822
STR_022,2024-01-18,268117.17,263449.60504573246,117824.95914586185,381274.5641915943
STR_022,2024-01-19,325571.69,374271.28522830724,117824.95914586185,492096.2443741691
STR_022,2024-01-20,489255.31,458108.10808229144,117824.95914586185,575933.0672281533
STR_022,2024-01-21,398251.76,381496.7888069704,117824.95914586185,499321.74795283226
STR_022,2024-01-22,265587.3,273112.85045331554,117824.95914586185,390937.8095991774
STR_022,2024-01-23,167416.66,267336.58512512426,117824.95914586185,385161.5442709861
STR_022,2024-01-24,265515.65,263620.77017876424,117824.95914586185,381445.7293246261
STR_022,2024-01-25,274231.96,274370.7495100323,117824.95914586185,392195.70865589415
STR_022,2024-01-26,322869.18,314601.6179644137,117824.95914586185,432426.57711027557
STR_022,2024-01-27,359050.80000000005,405202.5296789963,117824.95914586185,523027.48882485816
STR_022,2024-01-28,359230.58,339988.41346707364,117824.95914586185,457813.3726129355
STR_022,2024-01-29,135742.97,192727.78042001027,117824.95914586185,310552.7395658721
STR_022,2024-01-30,275169.15,253247.27181736229,117824.95914586185,371072.23096322414
STR_022,2024-01-31,313520.92,317651.9937551621,117824.95914586185,435476.95290102396
STR_022,2024-02-01,319936.55,267016.2448438505,117824.95914586185,384841.20398971235
STR_022,2024-02-02,346288.01,322445.92534454475,117824.95914586185,440270.8844904066
STR_022,2024-02-03,537582.73,468559.6799586233,117824.95914586185,586384.6391044852
STR_022,2024-02-04,339130.41000000003,329333.6711670348,117824.95914586185,447158.6303128966
STR_022,2024-02-05,123641.31,145490.60174536263,117824.95914586185,263315.5608912245
STR_022,2024-02-06,286325.83999999997,249026.66619786166,117824.95914586185,366851.6253437235
STR_022,2024-02-07,121874.01000000001,244459.98420674694,117824.95914586185,362284.9433526088
STR_022,2024-02-08,276070.18,257650.1701925627,117824.95914586185,375475.12933842454
STR_022,2024-02-09,291177.76,318313.25596726843,117824.95914586185,436138.2151131303
STR_022,2024-02-10,396557.36,421169.22359182226,117824.95914586185,538994.1827376841
STR_022,2024-02-11,326598.2,335214.1660817393,117824.95914586185,453039.12522760115
STR_022,2024-02-12,197989.65999999997,212441.3743679136,117824.95914586185,330266.3335137755
STR_022,2024-02-13,256527.97999999998,229233.8705365687,117824.95914586185,347058.82968243054
STR_022,2024-02-14,194424.91999999998,228545.67723376158,117824.95914586185,346370.63637962344
STR_022,2024-02-15,335436.35,340564.87571108906,117824.95914586185,458389.8348569509
STR_022,2024-02-16,282371.36,333702.9388031695,117824.95914586185,451527.8979490314
STR_022,2024-02-17,407042.83,373870.2175035478,117824.95914586185,491695.17664940964
STR_022,2024-02-18,425875.38,397981.3307693111,117824.95914586185,515806.28991517297
STR_022,2024-02-19,214256.05,256778.69072472272,117824.95914586185,374603.6498705846
STR_022,2024-02-20,160153.12,243528.56677080778,117824.95914586185,361353.52591666963
STR_022,2024-02-21,248897.91,249843.63715660604,117824.95914586185,367668.59630246786
STR_022,2024-02-22,197853.24,238160.66690902985,117824.95914586185,355985.62605489173
STR_022,2024-02-23,326580.82999999996,371201.5543754449,117824.95914586185,489026.51352130674
STR_022,2024-02-24,434948.16000000003,374365.07731722156,117824.95914586185,492190.0364630834
STR_022,2024-02-25,250754.32,382608.5691638402,117824.95914586185,500433.52830970206
STR_022,2024-02-26,221411.09,215592.07313564722,117824.95914586185,333417.0322815091
STR_022,2024-02-27,260394.82,252107.4650379685,117824.95914586185,369932.4241838304
STR_022,2024-02-28,245618.91,246700.9464901521,117824.95914586185,364525.90563601395
STR_022,2024-02-29,321726.31,295628.67651475314,117824.95914586185,413453.635660615
STR_023,2023-12-01,552847.47,495167.90880739747,81819.93929391191,576987.8481013094
STR_023,2023-12-02,624364.23,588156.7681181504,81819.93929391191,669976.7074120623
STR_023,2023-12-03,514527.4,507313.1934905446,81819.93929391191,589133.1327844565
STR_023,2023-12-04,371724.33,344779.29027238913,81819.93929391191,426599.22956630104
STR_023,2023-12-05,387823.56,344266.7653384637,81819.93929391191,426086.7046323756
STR_023,2023-12-06,346557.45,378137.5428798999,81819.93929391191,459957.4821738118
STR_023,2023-12-07,350993.99,387856.12730806024,81819.93929391191,469676.06660197215
STR_023,2023-12-08,527873.02,512632.75201390754,81819.93929391191,594452.6913078194
STR_023,2023-12-09,557371.84,644342.8687187473,81819.93929391191,726162.8080126592
STR_023,2023-12-10,607080.01,625590.5062369016,81819.93929391191,707410.4455308135
STR_023,2023-12-11,342366.8,356065.7901248464,81819.93929391191,437885.7294187583
STR_023,2023-12-12,524077.13,504043.3015334941,81819.93929391191,585863.240827406
STR_023,2023-12-13,405458.58999999997,412376.2140618569,81819.93929391191,494196.1533557688
STR_023,2023-12-14,453832.56,441248.42279850953,81819.93929391191,523068.36209242145
STR_023,2023-12-15,820340.25,787359.808649279,81819.93929391191,869179.7479431909
STR_023,2023-12-16,634993.27,709316.6012253232,81819.93929391191,791136.5405192351
STR_023,2023-12-17,587338.89,540465.0359747718,81819.93929391191,622284.9752686837
STR_023,2023-12-18,427386.26,356182.35014628293,81819.93929391191,438002.28944019484
STR_023,2023-12-19,429462.59,386577.73381703655,81819.93929391191,468397.67311094847
STR_023,2023-12-20,417355.02,367161.7499248425,81819.93929391191,448981.6892187544
STR_023,2023-12-21,470356.44,449042.1910461306,81819.93929391191,530862.1303400425
STR_023,2023-12-22,513633.9,513252.4071633729,81819.93929391191,595072.3464572849
STR_023,2023-12-23,618102.31,625934.5425621164,81819.93929391191,707754.4818560283
STR_023,2023-12-24,1262251.56,927250.2593696148,81819.93929391191,1009070.1986635267
STR_023,2023-12-25,859141.76,814981.3005263151,81819.93929391191,896801.239820227
STR_023,2023-12-26,293586.26,347282.4699223193,81819.93929391191,429102.4092162312
STR_023,2023-12-27,384467.14,389070.7604095963,81819.93929391191,470890.69970350823
STR_023,2023-12-28,443944.55,427138.9487865366,81819.93929391191,508958.8880804485
STR_023,2023-12-29,327858.26,487577.5805827704,81819.93929391191,569397.5198766823
STR_023,2023-12-30,698872.76,670304.876937527,81819.93929391191,752124.8162314389
STR_023,2023-12-31,1613268.03,1152493.9089717672,81819.93929391191,1234313.848265679
STR_023,2024-01-01,70477.5,152099.14854764516,81819.93929391191,233919.08784155708
STR_023,2024-01-02,268666.79,267994.66463159124,81819.93929391191,349814.60392550315
STR_023,2024-01-03,242959.94,287077.0908667488,81819.93929391191,368897.03016066074
STR_023,2024-01-04,244433.08,298987.5778404589,81819.93929391191,380807.5171343708
STR_023,2024-01-05,203822.55,340163.26304822846,81819.93929391191,421983.2023421404
STR_023,2024-01-06,371921.25,387823.0796013503,81819.93929391191,469643.0188952622
STR_023,2024-01-07,274006.64,327172.4533709789,81819.93929391191,408992.3926648908
STR_023,2024-01-08,204478.95,257343.27700633323,81819.93929391191,339163.21630024514
STR_023,2024-01-09,224300.79,266287.9952349318,81819.93929391191,348107.93452884373
STR_023,2024-01-10,226029.9,283695.7711489211,81819.93929391191,365515.710442833
STR_023,2024-01-11,288240.23,277968.2672103382,81819.93929391191,359788.2065042501
STR_023,2024-01-12,331521.93,369173.4805048787,81819.93929391191,450993.4197987906
STR_023,2024-01-13,440834.65,482180.02635554376,81819.93929391191,563999.9656494557
STR_023,2024-01-14,313200.43,349273.8219170504,81819.93929391191,431093.7612109623
STR_023,2024-01-15,311646.26,318462.0304022508,81819.93929391191,400281.96969616273
STR_023,2024-01-16,277690.70999999996,279189.19707515166,81819.93929391191,361009.1363690636
STR_023,2024-01-17,235836.03,237422.9921145,81819.93929391191,319242.93140841194
STR_023,2024-01-18,231853.27000000002,288426.82451761706,81819.93929391191,370246.763811529
STR_023,2024-01-19,317100.77,318664.38627257437,81819.93929391191,400484.3255664863
STR_023,2024-01-20,377516.07,405603.1943081074,81819.93929391191,487423.13360201934
STR_023,2024-01-21,312029.71,311709.0077767726,81819.93929391191,393528.9470706845
STR_023,2024-01-22,234524.22,246186.06721627773,81819.93929391191,328006.0065101896
STR_023,2024-01-23,221038.86,223278.11069290573,81819.93929391191,305098.04998681764
STR_023,2024-01-24,285400.51,250477.66308580557,81819.93929391191,332297.6023797175
STR_023,2024-01-25,233771.62,253697.549007415,81819.93929391191,335517.48830132687
STR_023,2024-01-26,296458.25,295246.7815672734,81819.93929391191,377066.72086118534
STR_023,2024-01-27,398418.27,414310.31627005665,81819.93929391191,496130.25556396856
STR_023,2024-01-28,385340.72,385137.3887605442,81819.93929391191,466957.3280544561
STR_023,2024-01-29,247463.91999999998,191123.9902253096,81819.93929391191,272943.92951922154
STR_023,2024-01-30,180583.06,221011.24619476227,81819.93929391191,302831.1854886742
STR_023,2024-01-31,254425.13999999998,283976.4839571284,81819.93929391191,365796.42325104034
STR_023,2024-02-01,292879.18,256702.0018518265,81819.93929391191,338521.9411457384
STR_023,2024-02-02,339122.42,302153.98637348425,81819.93929391191,383973.92566739616
STR_023,2024-02-03,418570.73,419888.363979924,81819.93929391191,501708.3032738359
STR_023,2024-02-04,416234.73,392045.046733975,81819.93929391191,473864.9860278869
STR_023,2024-02-05,124812.13,152711.60339867126,81819.93929391191,234531.54269258317
STR_023,2024-02-06,225992.59,230414.03601401398,81819.93929391191,312233.9753079259
STR_023,2024-02-07,268743.53,233961.94835050515,81819.93929391191,315781.88764441706
STR_023,2024-02-08,281744.3,260664.13463704084,81819.93929391191,342484.07393095276
STR_023,2024-02-09,298463.15,306239.071565014,81819.93929391191,388059.01085892593
STR_023,2024-02-10,396331.63999999996,460699.32039070706,81819.93929391191,542519.259684619
STR_023,2024-02-11,370634.6,371451.39365504606,81819.93929391191,453271.332948958
STR_023,2024-02-12,231284.06,235983.28027966918,81819.93929391191,317803.2195735811
STR_023,2024-02-13,239125.43,232218.72007584735,81819.93929391191,314038.65936975926
STR_023,2024-02-14,230468.07,207987.99766333675,81819.93929391191,289807.93695724866
STR_023,2024-02-15,336304.6,345635.6661482454,81819.93929391191,427455.6054421573
STR_023,2024-02-16,309115.07,322715.6789583674,81819.93929391191,404535.6182522793
STR_023,2024-02-17,321919.99,374618.06987479917,81819.93929391191,456438.0091687111
STR_023,2024-02-18,342329.85,354183.2955644882,81819.93929391191,436003.23485840013
STR_023,2024-02-19,182090.27,219355.4586379331,81819.93929391191,301175.39793184504
STR_023,2024-02-20,257091.39,249901.49705304555,81819.93929391191,331721.43634695746
STR_023,2024-02-21,302253.66000000003,259380.2703150572,81819.93929391191,341200.2096089691
STR_023,2024-02-22,258795.36,238227.1531873067,81819.93929391191,320047.0924812186
STR_023,2024-02-23,323547.07,313928.42114484834,81819.93929391191,395748.36043876025
STR_023,2024-02-24,476405.1,428532.78498393134,81819.93929391191,510352.72427784326
STR_023,2024-02-25,327816.79,362723.45073742064,81819.93929391191,444543.39003133256
STR_023,2024-02-26,245148.99,210467.60433228992,81819.93929391191,292287.5436262018
STR_023,2024-02-27,263114.29000000004,243263.93814592113,81819.93929391191,325083.877439833
STR_023,2024-02-28,274365.11,272861.82507504185,81819.93929391191,354681.76436895377
STR_023,2024-02-29,313435.87,385271.72580113733,81819.93929391191,467091.66509504925
STR_024,2023-12-01,1013598.96,936642.549019928,279436.81646130583,1216079.3654812337
STR_024,2023-12-02,1660834.7999999998,1431506.4222046097,279436.81646130583,1710943.2386659156
STR_024,2023-12-03,1286825.03,1130161.6921329089,279436.81646130583,1409598.5085942147
STR_024,2023-12-04,659756.1,632714.1749025825,279436.81646130583,912150.9913638884
STR_024,2023-12-05,776217.46,690048.8220474952,279436.81646130583,969485.638508801
STR_024,2023-12-06,849508.47,738422.5672459027,279436.81646130583,1017859.3837072086
STR_024,2023-12-07,830070.3,784268.3828867701,279436.81646130583,1063705.1993480758
STR_024,2023-12-08,1241790.66,1033636.9839560473,279436.81646130583,1313073.8004173532
STR_024,2023-12-09,1488889.0699999998,1518532.9213867066,279436.81646130583,1797969.7378480125
STR_024,2023-12-10,1336940.98,1171111.1529163255,279436.81646130583,1450547.9693776313
STR_024,2023-12-11,528041.5,700278.4520660541,279436.81646130583,979715.2685273599
STR_024,2023-12-12,1079707.66,935525.9256906658,279436.81646130583,1214962.7421519717
STR_024,2023-12-13,722217.6,760913.9311303024,279436.81646130583,1040350.7475916082
STR_024,2023-12-14,902375.59,802500.1613554861,279436.81646130583,1081936.977816792
STR_024,2023-12-15,1493704.0699999998,1491562.0016926266,279436.81646130583,1770998.8181539325
STR_024,2023-12-16,1702690.25,1513050.2393446923,279436.81646130583,1792487.0558059982
STR_024,2023-12-17,1237929.24,1379805.1736154843,279436.81646130583,1659241.99007679
STR_024,2023-12-18,677443.81,695557.2753213188,279436.81646130583,974994.0917826246
STR_024,2023-12-19,589361.77,734534.9745414243,279436.81646130583,1013971.7910027301
STR_024,2023-12-20,823626.0900000001,743800.1164503013,279436.81646130583,1023236.9329116071
STR_024,2023-12-21,861711.33,818929.7346618396,279436.81646130583,1098366.5511231455
STR_024,2023-12-22,1358715.14,1090037.6005053087,279436.81646130583,1369474.4169666145
STR_024,2023-12-23,1276784.43,1460787.1084922806,279436.81646130583,1740223.9249535864
STR_024,2023-12-24,3058424.87,1392565.994051981,279436.81646130583,1672002.8105132869
STR_024,2023-12-25,1331375.77,1212051.588903942,279436.81646130583,1491488.4053652477
STR_024,2023-12-26,734346.66,726737.9462888053,279436.81646130583,1006174.7627501112
STR_024,2023-12-27,843761.87,821064.9281480521,279436.81646130583,1100501.7446093578
STR_024,2023-12-28,1031363.48,871254.2810563751,279436.81646130583,1150691.0975176808
STR_024,2023-12-29,1223301.4000000001,1078785.5316883354,279436.81646130583,1358222.3481496412
STR_024,2023-12-30,896229.53,1460787.1084922806,279436.81646130583,1740223.9249535864
STR_024,2023-12-31,2534599.3200000003,1548155.5312666479,279436.81646130583,1827592.3477279537
STR_024,2024-01-01,144630.45,216904.96451078937,279436.81646130583,496341.7809720952
STR_024,2024-01-02,444554.99,499278.83258890203,279436.81646130583,778715.6490502078
STR_024,2024-01-03,425243.59,442015.9257099932,279436.81646130583,721452.742171299
STR_024,2024-01-04,485550.25,432204.8031520648,279436.81646130583,711641.6196133706
STR_024,2024-01-05,596850.51,679409.4156474911,279436.81646130583,958846.232108797
STR_024,2024-01-06,905402.85,909941.9879807822,279436.81646130583,1189378.8044420881
STR_024,2024-01-07,759815.59,756225.3673595496,279436.81646130583,1035662.1838208555
STR_024,2024-01-08,383927.20999999996,467366.1004885197,279436.81646130583,746802.9169498256
STR_024,2024-01-09,515012.84,431015.46970142453,279436.81646130583,710452.2861627303
STR_024,2024-01-10,347404.02,445618.6781239444,279436.81646130583,725055.4945852503
STR_024,2024-01-11,568028.0800000001,511674.1816731303,279436.81646130583,791110.9981344361
STR_024,2024-01-12,777850.9400000001,704571.59857759,279436.81646130583,984008.4150388958
STR_024,2024-01-13,669947.11,822116.6047095206,279436.81646130583,1101553.4211708265
STR_024,2024-01-14,658380.81,795136.111082812,279436.81646130583,1074572.927544118
STR_024,2024-01-15,565289.03,505150.48013980704,279436.81646130583,784587.2966011129
STR_024,2024-01-16,485552.33,505485.04436275805,279436.81646130583,784921.8608240639
STR_024,2024-01-17,543298.86,512898.1375018571,279436.81646130583,792334.953963163
STR_024,2024-01-18,546344.79,503434.22495669604,279436.81646130583,782871.0414180019
STR_024,2024-01-19,719953.4199999999,689731.0401384254,279436.81646130583,969167.8565997313
STR_024,2024-01-20,810427.99,818787.0259311985,279436.81646130583,1098223.8423925042
STR_024,2024-01-21,780217.22,706121.9673354591,279436.81646130583,985558.7837967649
STR_024,2024-01-22,440014.32999999996,433760.3335829885,279436.81646130583,713197.1500442943
STR_024,2024-01-23,494082.99,523363.0378805202,279436.81646130583,802799.854341826
STR_024,2024-01-24,513037.76,495639.99153894145,279436.81646130583,775076.8080002472
STR_024,2024-01-25,496898.17,503224.1409264419,279436.81646130583,782660.9573877477
STR_024,2024-01-26,617582.1,585293.1122889592,279436.81646130583,864729.928750265
STR_024,2024-01-27,805556.91,835996.4358369649,279436.81646130583,1115433.2522982708
STR_024,2024-01-28,695275.3,744373.6620362288,279436.81646130583,1023810.4784975346
STR_024,2024-01-29,317940.4,396771.71680201404,279436.81646130583,676208.5332633199
STR_024,2024-01-30,468930.44999999995,459694.9745985401,279436.81646130583,739131.791059846
STR_024,2024-01-31,760644.34,668127.3054584692,279436.81646130583,947564.121919775
STR_024,2024-02-01,507198.61,547205.8636893741,279436.81646130583,826642.6801506799
STR_024,2024-02-02,770799.53,713966.4597911945,279436.81646130583,993403.2762525004
STR_024,2024-02-03,1000870.3200000001,915083.3980682971,279436.81646130583,1194520.2145296028
STR_024,2024-02-04,624767.33,664988.566478408,279436.81646130583,944425.3829397139
STR_024,2024-02-05,284091.28,247141.40435067433,279436.81646130583,526578.2208119802
STR_024,2024-02-06,352489.69,387623.3477192055,279436.81646130583,667060.1641805114
STR_024,2024-02-07,478438.75,459640.4351621669,279436.81646130583,739077.2516234727
STR_024,2024-02-08,530343.58,583798.0026651421,279436.81646130583,863234.8191264479
STR_024,2024-02-09,739883.13,646452.4227237722,279436.81646130583,925889.2391850781
STR_024,2024-02-10,955529.1699999999,861381.5193002864,279436.81646130583,1140818.3357615923
STR_024,2024-02-11,792869.06,666532.154489621,279436.81646130583,945968.9709509269
STR_024,2024-02-12,373962.27,371297.15952581953,279436.81646130583,650733.9759871254
STR_024,2024-02-13,482918.46,473907.0410509319,279436.81646130583,753343.8575122377
STR_024,2024-02-14,397655.76,447224.907011898,279436.81646130583,726661.7234732038
STR_024,2024-02-15,572143.03,667938.1612788683,279436.81646130583,947374.9777401742
STR_024,2024-02-16,708272.29,632180.50382049,279436.81646130583,911617.3202817958
STR_024,2024-02-17,661894.14,757802.2360528769,279436.81646130583,1037239.0525141828
STR_024,2024-02-18,812590.41,899315.8029062113,279436.81646130583,1178752.619367517
STR_024,2024-02-19,480983.04000000004,468443.57313582057,279436.81646130583,747880.3895971264
STR_024,2024-02-20,507477.16000000003,475686.73358599556,279436.81646130583,755123.5500473015
STR_024,2024-02-21,456470.55,471741.98362013255,279436.81646130583,751178.8000814384
STR_024,2024-02-22,576767.86,521883.3468413432,279436.81646130583,801320.163302649
STR_024,2024-02-23,646403.29,611069.902112029,279436.81646130583,890506.7185733349
STR_024,2024-02-24,770551.4099999999,757953.8105020055,279436.81646130583,1037390.6269633113
STR_024,2024-02-25,653394.52,655043.8791376258,279436.81646130583,934480.6955989316
STR_024,2024-02-26,465308.8,436442.14813283045,279436.81646130583,715878.9645941362
STR_024,2024-02-27,529905.49,540855.9770596514,279436.81646130583,820292.7935209572
STR_024,2024-02-28,523042.48,527273.3994180381,279436.81646130583,806710.2158793439
STR_024,2024-02-29,584905.46,726668.6522572987,279436.81646130583,1006105.4687186045
STR_025,2023-12-01,1032223.47,895392.6270013707,165051.78330333356,1060444.4103047042
STR_025,2023-12-02,1173771.3399999999,982034.6918167472,165051.78330333356,1147086.4751200806
STR_025,2023-12-03,1006406.6900000001,976869.7018136423,165051.78330333356,1141921.4851169758
STR_025,2023-12-04,582075.04,551477.5137791074,165051.78330333356,716529.2970824409
STR_025,2023-12-05,659841.17,655671.7650351229,165051.78330333356,820723.5483384564
STR_025,2023-12-06,622666.86,622267.502347734,165051.78330333356,787319.2856510675
STR_025,2023-12-07,797531.21,696531.3613930781,165051.78330333356,861583.1446964117
STR_025,2023-12-08,903670.97,907381.5418675556,165051.78330333356,1072433.325170889
STR_025,2023-12-09,883899.05,1040086.4951861136,165051.78330333356,1205138.2784894472
STR_025,2023-12-10,931624.87,916179.6469238778,165051.78330333356,1081231.4302272112
STR_025,2023-12-11,555461.27,565424.7664915213,165051.78330333356,730476.5497948548
STR_025,2023-12-12,748762.9400000001,720861.6301839728,165051.78330333356,885913.4134873063
STR_025,2023-12-13,678964.69,613355.37172548,165051.78330333356,778407.1550288135
STR_025,2023-12-14,493909.95,668530.8449193172,165051.78330333356,833582.6282226507
STR_025,2023-12-15,1237321.38,1077453.786524565,165051.78330333356,1242505.5698278984
STR_025,2023-12-16,1099950.39,1025978.7441876908,165051.78330333356,1191030.5274910242
STR_025,2023-12-17,969176.46,826167.3184076952,165051.78330333356,991219.1017110287
STR_025,2023-12-18,215232.77999999997,555674.2149959945,165051.78330333356,720725.998299328
STR_025,2023-12-19,600383.39,619212.6917423108,165051.78330333356,784264.4750456443
STR_025,2023-12-20,620645.56,613860.2861238478,165051.78330333356,778912.0694271814
STR_025,2023-12-21,742725.21,733538.7756905983,165051.78330333356,898590.5589939319
STR_025,2023-12-22,822962.2,880945.156252507,165051.78330333356,1045996.9395558406
STR_025,2023-12-23,1186442.73,1029299.4499147754,165051.78330333356,1194351.233218109
STR_025,2023-12-24,2512088.45,1119982.689840402,165051.78330333356,1285034.4731437354
STR_025,2023-12-25,1333259.77,1010409.5555089327,165051.78330333356,1175461.3388122662
STR_025,2023-12-26,497339.77999999997,604825.7551759044,165051.78330333356,769877.5384792379
STR_025,2023-12-27,695475.74,601242.3609304437,165051.78330333356,766294.1442337773
STR_025,2023-12-28,394906.88,629678.0853869775,165051.78330333356,794729.8686903111
STR_025,2023-12-29,622119.84,917870.8726843558,165051.78330333356,1082922.6559876893
STR_025,2023-12-30,1171964.06,1282765.858699789,165051.78330333356,1447817.6420031227
STR_025,2023-12-31,2908590.98,1382117.8910483464,165051.78330333356,1547169.67435168
STR_025,2024-01-01,128928.28,178195.1687298968,165051.78330333356,343246.95203323034
STR_025,2024-01-02,364148.57999999996,409281.2533430327,165051.78330333356,574333.0366463662
STR_025,2024-01-03,390829.69,399395.9414661348,165051.78330333356,564447.7247694684
STR_025,2024-01-04,389671.16000000003,414981.6045154582,165051.78330333356,580033.3878187918
STR_025,2024-01-05,435387.72,520380.37788085866,165051.78330333356,685432.1611841922
STR_025,2024-01-06,386772.49,770270.4586255756,165051.78330333356,935322.2419289092
STR_025,2024-01-07,541283.43,713325.2132301583,165051.78330333356,878376.9965334919
STR_025,2024-01-08,350480.47,365852.10645920044,165051.78330333356,530903.8897625341
STR_025,2024-01-09,323999.69,380929.6784943379,165051.78330333356,545981.4617976714
STR_025,2024-01-10,247334.38,391773.31883462996,165051.78330333356,556825.1021379635
STR_025,2024-01-11,317878.78,380001.64104300825,165051.78330333356,545053.4243463418
STR_025,2024-01-12,532828.92,513489.81266006053,165051.78330333356,678541.595963394
STR_025,2024-01-13,527527.53,670293.5327895635,165051.78330333356,835345.3160928971
STR_025,2024-01-14,508570.98,586966.4755467706,165051.78330333356,752018.2588501042
STR_025,2024-01-15,524525.73,440165.6328039161,165051.78330333356,605217.4161072497
STR_025,2024-01-16,253017.07,404119.9182992069,165051.78330333356,569171.7016025404
STR_025,2024-01-17,319993.63,309359.19981742057,165051.78330333356,474410.9831207541
STR_025,2024-01-18,360051.61,379140.92484177626,165051.78330333356,544192.7081451098
STR_025,2024-01-19,665156.15,567606.2962367157,165051.78330333356,732658.0795400493
STR_025,2024-01-20,748456.04,620116.0145332941,165051.78330333356,785167.7978366277
STR_025,2024-01-21,551930.72,555661.4783779181,165051.78330333356,720713.2616812517
STR_025,2024-01-22,342588.62,382575.6241246803,165051.78330333356,547627.4074280139
STR_025,2024-01-23,385269.27999999997,372942.6193855948,165051.78330333356,537994.4026889284
STR_025,2024-01-24,345219.17,346556.9410089564,165051.78330333356,511608.72431228997
STR_025,2024-01-25,305888.4,368685.9465855048,165051.78330333356,533737.7298888384
STR_025,2024-01-26,453990.79000000004,487068.79164836375,165051.78330333356,652120.5749516974
STR_025,2024-01-27,687084.99,699947.0309551845,165051.78330333356,864998.814258518
STR_025,2024-01-28,552892.72,629450.732452999,165051.78330333356,794502.5157563325
STR_025,2024-01-29,353451.52999999997,321958.85098990455,165051.78330333356,487010.6342932381
STR_025,2024-01-30,328706.39,337220.22347060643,165051.78330333356,502272.00677394
STR_025,2024-01-31,581309.29,528413.7291412723,165051.78330333356,693465.5124446058
STR_025,2024-02-01,401829.32,368983.5668436102,165051.78330333356,534035.3501469437
STR_025,2024-02-02,526295.53,516444.2179354237,165051.78330333356,681496.0012387573
STR_025,2024-02-03,545898.37,638108.6149690549,165051.78330333356,803160.3982723885
STR_025,2024-02-04,722207.71,653765.4725230567,165051.78330333356,818817.2558263902
STR_025,2024-02-05,217531.31,217098.5133778065,165051.78330333356,382150.2966811401
STR_025,2024-02-06,332707.1,390117.90032376786,165051.78330333356,555169.6836271014
STR_025,2024-02-07,329354.87,372184.82875580696,165051.78330333356,537236.6120591406
STR_025,2024-02-08,394279.75,421714.51284320117,165051.78330333356,586766.2961465347
STR_025,2024-02-09,566608.04,497188.02873677784,165051.78330333356,662239.8120401114
STR_025,2024-02-10,658097.87,723889.8020138192,165051.78330333356,888941.5853171528
STR_025,2024-02-11,646196.76,633705.348440801,165051.78330333356,798757.1317441346
STR_025,2024-02-12,252845.12,372238.40136272303,165051.78330333356,537290.1846660567
STR_025,2024-02-13,327194.88,333923.83156163467,165051.78330333356,498975.6148649682
STR_025,2024-02-14,334488.79,365339.24822818744,165051.78330333356,530391.031531521
STR_025,2024-02-15,584648.8,533390.4343788521,165051.78330333356,698442.2176821857
STR_025,2024-02-16,489704.37,503121.0525438914,165051.78330333356,668172.835847225
STR_025,2024-02-17,755064.4199999999,649419.6767792965,165051.78330333356,814471.46008263
STR_025,2024-02-18,596145.28,612035.3353576256,165051.78330333356,777087.1186609592
STR_025,2024-02-19,375461.19,339785.8402765649,165051.78330333356,504837.62357989844
STR_025,2024-02-20,396324.13,356224.8089310372,165051.78330333356,521276.59223437076
STR_025,2024-02-21,347779.96,367559.8619364701,165051.78330333356,532611.6452398037
STR_025,2024-02-22,388429.87,385681.3521633294,165051.78330333356,550733.1354666629
STR_025,2024-02-23,594632.26,500861.49363400467,165051.78330333356,665913.2769373383
STR_025,2024-02-24,814887.4,652208.860758998,165051.78330333356,817260.6440623315
STR_025,2024-02-25,580304.7,539457.0555131759,165051.78330333356,704508.8388165095
STR_025,2024-02-26,276577.19,358893.6329527018,165051.78330333356,523945.4162560354
STR_025,2024-02-27,322733.51,365896.28850965854,165051.78330333356,530948.0718129921
STR_025,2024-02-28,386093.22000000003,415639.61047788773,165051.78330333356,580691.3937812212
STR_025,2024-02-29,464869.86,588840.9629255197,165051.78330333356,753892.7462288532
STR_026,2023-12-01,613688.98,584630.5603892251,100051.43890505342,684681.9992942786
STR_026,2023-12-02,726289.77,671379.4089631817,100051.43890505342,771430.8478682351
STR_026,2023-12-03,709675.29,674557.3045152582,100051.43890505342,774608.7434203116
STR_026,2023-12-04,431768.89,417038.8654263314,100051.43890505342,517090.30433138483
STR_026,2023-12-05,375541.66,418930.22193977877,100051.43890505342,518981.6608448322
STR_026,2023-12-06,459608.72,437671.2492532374,100051.43890505342,537722.6881582908
STR_026,2023-12-07,477831.48000000004,504404.08304622053,100051.43890505342,604455.521951274
STR_026,2023-12-08,417022.86,671137.7995489202,100051.43890505342,771189.2384539737
STR_026,2023-12-09,847243.31,814597.7310679504,100051.43890505342,914649.1699730038
STR_026,2023-12-10,689564.65,642321.5327717044,100051.43890505342,742372.9716767578
STR_026,2023-12-11,421346.88,464823.4972705861,100051.43890505342,564874.9361756395
STR_026,2023-12-12,689841.39,658223.3202643148,100051.43890505342,758274.7591693682
STR_026,2023-12-13,453948.36,449644.6253889099,100051.43890505342,549696.0642939634
STR_026,2023-12-14,394183.87,471243.6227956263,100051.43890505342,571295.0617006797
STR_026,2023-12-15,774168.82,793079.6782008437,100051.43890505342,893131.1171058972
STR_026,2023-12-16,652906.91,735169.6004765655,100051.43890505342,835221.039381619
STR_026,2023-12-17,611274.38,667282.6691362082,100051.43890505342,767334.1080412617
STR_026,2023-12-18,284761.83,398600.49096109904,100051.43890505342,498651.92986615247
STR_026,2023-12-19,421630.23,429360.0249964595,100051.43890505342,529411.4639015129
STR_026,2023-12-20,532637.01,410945.9865183168,100051.43890505342,510997.4254233702
STR_026,2023-12-21,444242.07,475191.8844208809,100051.43890505342,575243.3233259344
STR_026,2023-12-22,693378.65,626550.9567058997,100051.43890505342,726602.3956109531
STR_026,2023-12-23,740072.53,757913.682681679,100051.43890505342,857965.1215867324
STR_026,2023-12-24,1491966.52,1008550.0368960798,100051.43890505342,1108601.475801133
STR_026,2023-12-25,971881.15,830923.4148978754,100051.43890505342,930974.8538029288
STR_026,2023-12-26,515927.81,425041.39383385854,100051.43890505342,525092.832738912
STR_026,2023-12-27,457039.27,429493.6565208831,100051.43890505342,529545.0954259365
STR_026,2023-12-28,518382.24,467357.30346164,100051.43890505342,567408.7423666934
STR_026,2023-12-29,377504.44,692100.6572339631,100051.43890505342,792152.0961390166
STR_026,2023-12-30,760411.97,773656.526653465,100051.43890505342,873707.9655585184
STR_026,2023-12-31,2020269.4300000002,1213004.519845487,100051.43890505342,1313055.9587505404
STR_026,2024-01-01,98785.59,150417.46037207195,100051.43890505342,250468.89927712537
STR_026,2024-01-02,236174.87,257457.63435565264,100051.43890505342,357509.07326070603
STR_026,2024-01-03,249160.41999999998,355558.3269540322,100051.43890505342,455609.7658590856
STR_026,2024-01-04,355952.41000000003,335492.816629017,100051.43890505342,435544.2555340704
STR_026,2024-01-05,358573.88,392083.5248037417,100051.43890505342,492134.96370879514
STR_026,2024-01-06,502460.18000000005,510674.6052814496,100051.43890505342,610726.044186503
STR_026,2024-01-07,402346.19,388740.4922552225,100051.43890505342,488791.93116027594
STR_026,2024-01-08,269920.36,262310.18369864346,100051.43890505342,362361.6226036969
STR_026,2024-01-09,223510.09000000003,250992.7175007097,100051.43890505342,351044.1564057631
STR_026,2024-01-10,279668.28,297039.3614931119,100051.43890505342,397090.8003981653
STR_026,2024-01-11,289750.71,315091.23611808335,100051.43890505342,415142.6750231368
STR_026,2024-01-12,285905.64,384016.07250164694,100051.43890505342,484067.51140670036
STR_026,2024-01-13,482484.92,495345.618111714,100051.43890505342,595397.0570167674
STR_026,2024-01-14,404474.43,445766.8766771517,100051.43890505342,545818.3155822051
STR_026,2024-01-15,324931.28,375854.5464319976,100051.43890505342,475905.98533705104
STR_026,2024-01-16,243092.65,274184.54855240224,100051.43890505342,374235.98745745566
STR_026,2024-01-17,240188.31,265086.3375567118,100051.43890505342,365137.7764617652
STR_026,2024-01-18,316484.11,341570.0985342064,100051.43890505342,441621.5374392598
STR_026,2024-01-19,384839.12,396032.08774250234,100051.43890505342,496083.52664755576
STR_026,2024-01-20,405907.5,400561.88289750327,100051.43890505342,500613.3218025567
STR_026,2024-01-21,355396.18,389766.4398424421,100051.43890505342,489817.87874749553
STR_026,2024-01-22,212141.24,250006.59597265004,100051.43890505342,350058.03487770347
STR_026,2024-01-23,253315.44,253942.2791872798,100051.43890505342,353993.71809233323
STR_026,2024-01-24,281479.5,302481.2282637462,100051.43890505342,402532.6671687996
STR_026,2024-01-25,267567.75,291653.42196046613,100051.43890505342,391704.86086551956
STR_026,2024-01-26,283042.69,312401.18798864016,100051.43890505342,412452.6268936936
STR_026,2024-01-27,532378.08,488881.609990101,100051.43890505342,588933.0488951544
STR_026,2024-01-28,445308.3,435295.9727403018,100051.43890505342,535347.4116453552
STR_026,2024-01-29,241156.08000000002,217300.93353513096,100051.43890505342,317352.37244018435
STR_026,2024-01-30,262929.81,247790.69280950143,100051.43890505342,347842.13171455485
STR_026,2024-01-31,340148.33999999997,307343.63603688515,100051.43890505342,407395.07494193857
STR_026,2024-02-01,361406.85,299997.6242945604,100051.43890505342,400049.0631996138
STR_026,2024-02-02,324175.67000000004,335581.84661708004,100051.43890505342,435633.28552213346
STR_026,2024-02-03,443639.16000000003,440220.69459856645,100051.43890505342,540272.1335036198
STR_026,2024-02-04,463385.41000000003,405035.0553216664,100051.43890505342,505086.49422671983
STR_026,2024-02-05,111438.85,139352.38404436485,100051.43890505342,239403.82294941827
STR_026,2024-02-06,273952.06,257709.7065884969,100051.43890505342,357761.14549355034
STR_026,2024-02-07,193370.74,281663.29096417385,100051.43890505342,381714.7298692273
STR_026,2024-02-08,204183.71000000002,253513.2830241603,100051.43890505342,353564.72192921373
STR_026,2024-02-09,389124.88,344454.9099132152,100051.43890505342,444506.3488182686
STR_026,2024-02-10,547042.63,457490.2834571466,100051.43890505342,557541.7223622
STR_026,2024-02-11,318788.98,410182.3988718389,100051.43890505342,510233.8377768923
STR_026,2024-02-12,261144.2,256676.52505987338,100051.43890505342,356727.9639649268
STR_026,2024-02-13,258973.13,234137.35256300072,100051.43890505342,334188.7914680542
STR_026,2024-02-14,256660.84,246693.678318981,100051.43890505342,346745.1172240344
STR_026,2024-02-15,315531.7,318463.04331355426,100051.43890505342,418514.4822186077
STR_026,2024-02-16,365596.96,341686.0758561956,100051.43890505342,441737.514761249
STR_026,2024-02-17,524493.28,501803.53592929087,100051.43890505342,601854.9748343443
STR_026,2024-02-18,280928.61,416620.33194389625,100051.43890505342,516671.7708489497
STR_026,2024-02-19,273165.71,252009.10508872007,100051.43890505342,352060.5439937735
STR_026,2024-02-20,271153.69,250901.931342721,100051.43890505342,350953.3702477744
STR_026,2024-02-21,302642.77,281367.673591591,100051.43890505342,381419.11249664443
STR_026,2024-02-22,205424.21,294593.6196861721,100051.43890505342,394645.05859122553
STR_026,2024-02-23,416079.73,390470.9667950273,100051.43890505342,490522.40570008074
STR_026,2024-02-24,466532.44,446228.9890745536,100051.43890505342,546280.427979607
STR_026,2024-02-25,285334.95,363492.76739596995,100051.43890505342,463544.20630102337
STR_026,2024-02-26,210932.5,235566.23836247585,100051.43890505342,335617.6772675293
STR_026,2024-02-27,362041.37,274773.24222348933,100051.43890505342,374824.68112854275
STR_026,2024-02-28,305695.8,258473.3168814861,100051.43890505342,358524.7557865395
STR_026,2024-02-29,324279.42,383163.0187056184,100051.43890505342,483214.4576106718
STR_027,2023-12-01,418570.84,447750.09329497855,116076.88844876696,563826.9817437455
STR_027,2023-12-02,578864.68,628019.5484089125,116076.88844876696,744096.4368576794
STR_027,2023-12-03,629380.26,542050.5998585203,116076.88844876696,658127.4883072872
STR_027,2023-12-04,359893.07999999996,380759.81230926863,116076.88844876696,496836.7007580356
STR_027,2023-12-05,373331.36,379196.1970008895,116076.88844876696,495273.0854496565
STR_027,2023-12-06,403004.68,391009.2133339053,116076.88844876696,507086.1017826723
STR_027,2023-12-07,356342.69,385231.15523728373,116076.88844876696,501308.0436860507
STR_027,2023-12-08,487057.43,505765.2420510154,116076.88844876696,621842.1304997823
STR_027,2023-12-09,661464.61,626855.9437593478,116076.88844876696,742932.8322081147
STR_027,2023-12-10,435781.11,577474.6024800215,116076.88844876696,693551.4909287884
STR_027,2023-12-11,326434.09,331554.2598552375,116076.88844876696,447631.14830400445
STR_027,2023-12-12,597596.23,576321.225410619,116076.88844876696,692398.113859386
STR_027,2023-12-13,399628.05,397548.163963394,116076.88844876696,513625.05241216096
STR_027,2023-12-14,508300.76,420771.1656761091,116076.88844876696,536848.054124876
STR_027,2023-12-15,659304.85,610200.6486873082,116076.88844876696,726277.5371360751
STR_027,2023-12-16,392858.33,692464.70020037,116076.88844876696,808541.588649137
STR_027,2023-12-17,473470.89,581295.27248072,116076.88844876696,697372.1609294869
STR_027,2023-12-18,376772.46,355099.04612101096,116076.88844876696,471175.9345697779
STR_027,2023-12-19,356847.27,381046.69641698484,116076.88844876696,497123.5848657518
STR_027,2023-12-20,372909.63,373490.0722826396,116076.88844876696,489566.9607314066
STR_027,2023-12-21,443902.16,414348.5298381214,116076.88844876696,530425.4182868884
STR_027,2023-12-22,571044.21,529256.0186002908,116076.88844876696,645332.9070490578
STR_027,2023-12-23,612754.04,551951.9610742303,116076.88844876696,668028.8495229972
STR_027,2023-12-24,1431342.04,947315.8996004546,116076.88844876696,1063392.7880492215
STR_027,2023-12-25,678078.41,691359.9450499767,116076.88844876696,807436.8334987436
STR_027,2023-12-26,490846.33999999997,425202.5313889569,116076.88844876696,541279.4198377238
STR_027,2023-12-27,369770.36,377150.9101882108,116076.88844876696,493227.79863697774
STR_027,2023-12-28,469922.46,416847.2992603185,116076.88844876696,532924.1877090854
STR_027,2023-12-29,546969.75,507213.6909781529,116076.88844876696,623290.5794269198
STR_027,2023-12-30,606710.42,573318.7759461144,116076.88844876696,689395.6643948813
STR_027,2023-12-31,1375348.1300000001,1191489.1605601285,116076.88844876696,1307566.0490088954
STR_027,2024-01-01,80100.83,146255.40980160708,116076.88844876696,262332.29825037403
STR_027,2024-01-02,167124.54,255272.72529436642,116076.88844876696,371349.6137431334
STR_027,2024-01-03,241564.07,257488.84879871606,116076.88844876696,373565.737247483
STR_027,2024-01-04,273745.49,273297.7910741561,116076.88844876696,389374.6795229231
STR_027,2024-01-05,322022.15,319515.8288658235,116076.88844876696,435592.71731459047
STR_027,2024-01-06,440726.05000000005,435430.23293130443,116076.88844876696,551507.1213800714
STR_027,2024-01-07,361175.08,357222.7914973342,116076.88844876696,473299.67994610115
STR_027,2024-01-08,214569.18999999997,223894.42146697704,116076.88844876696,339971.309915744
STR_027,2024-01-09,228574.0,221919.84880538282,116076.88844876696,337996.73725414975
STR_027,2024-01-10,223427.09999999998,232569.35229675742,116076.88844876696,348646.2407455244
STR_027,2024-01-11,206492.19,229104.5856627269,116076.88844876696,345181.47411149385
STR_027,2024-01-12,301915.36,299114.61861280474,116076.88844876696,415191.5070615717
STR_027,2024-01-13,362999.29,394449.24929571,116076.88844876696,510526.13774447696
STR_027,2024-01-14,339470.26,379729.11302646063,116076.88844876696,495806.0014752276
STR_027,2024-01-15,243858.9,297294.3221176268,116076.88844876696,413371.21056639374
STR_027,2024-01-16,192748.5,220818.19657926363,116076.88844876696,336895.08502803056
STR_027,2024-01-17,237163.58000000002,255630.5229915627,116076.88844876696,371707.4114403296
STR_027,2024-01-18,243171.83,235509.25287887285,116076.88844876696,351586.1413276398
STR_027,2024-01-19,260916.84999999998,298743.2618541932,116076.88844876696,414820.15030296013
STR_027,2024-01-20,326831.31,371636.03791569587,116076.88844876696,487712.9263644628
STR_027,2024-01-21,323478.48,368641.5839748268,116076.88844876696,484718.47242359375
STR_027,2024-01-22,179589.44,209468.8147217619,116076.88844876696,325545.70317052887
STR_027,2024-01-23,204044.97,220788.18960032988,116076.88844876696,336865.07804909686
STR_027,2024-01-24,209262.13999999998,208738.4190640058,116076.88844876696,324815.30751277274
STR_027,2024-01-25,275269.83999999997,254962.1885713068,116076.88844876696,371039.0770200738
STR_027,2024-01-26,290404.36,308220.66732784716,116076.88844876696,424297.5557766141
STR_027,2024-01-27,410916.14,389626.24535203225,116076.88844876696,505703.1338007992
STR_027,2024-01-28,411055.89,340773.42908886203,116076.88844876696,456850.317537629
STR_027,2024-01-29,146813.94,189149.33572838586,116076.88844876696,305226.22417715285
STR_027,2024-01-30,195348.38,206255.93817531585,116076.88844876696,322332.8266240828
STR_027,2024-01-31,321437.94,305083.2399860745,116076.88844876696,421160.12843484146
STR_027,2024-02-01,250284.21,246972.56159475475,116076.88844876696,363049.4500435217
STR_027,2024-02-02,315669.83999999997,301655.45422497386,116076.88844876696,417732.3426737408
STR_027,2024-02-03,438856.55,370332.0522228827,116076.88844876696,486408.94067164965
STR_027,2024-02-04,280102.95,341925.6127670263,116076.88844876696,458002.50121579325
STR_027,2024-02-05,130382.78,110362.61260415163,116076.88844876696,226439.50105291858
STR_027,2024-02-06,191129.71,193120.33217474897,116076.88844876696,309197.2206235159
STR_027,2024-02-07,243563.19,242803.9465309474,116076.88844876696,358880.83497971436
STR_027,2024-02-08,219416.52,213608.817543579,116076.88844876696,329685.70599234593
STR_027,2024-02-09,358424.36,303549.6819208182,116076.88844876696,419626.5703695852
STR_027,2024-02-10,406570.14,378718.05406762316,116076.88844876696,494794.9425163901
STR_027,2024-02-11,292504.86,322500.9017825072,116076.88844876696,438577.79023127415
STR_027,2024-02-12,231972.93,205037.44057334724,116076.88844876696,321114.32902211417
STR_027,2024-02-13,207782.72,191679.03725089077,116076.88844876696,307755.92569965776
STR_027,2024-02-14,238368.89,217713.9898089977,116076.88844876696,333790.8782577646
STR_027,2024-02-15,363907.24,343138.4500849845,116076.88844876696,459215.33853375143
STR_027,2024-02-16,311123.44,310150.15062438,116076.88844876696,426227.03907314694
STR_027,2024-02-17,404060.93,427892.61069479963,116076.88844876696,543969.4991435666
STR_027,2024-02-18,390076.67000000004,383095.09935345245,116076.88844876696,499171.9878022194
STR_027,2024-02-19,213930.08000000002,197871.9429593902,116076.88844876696,313948.83140815713
STR_027,2024-02-20,234990.82,209690.43141331465,116076.88844876696,325767.3198620816
STR_027,2024-02-21,218392.01,241974.44019763422,116076.88844876696,358051.3286464012
STR_027,2024-02-22,151260.88,236363.77817952578,116076.88844876696,352440.66662829276
STR_027,2024-02-23,295371.79,270348.85453725327,116076.88844876696,386425.7429860202
STR_027,2024-02-24,399433.69,406802.9414394501,116076.88844876696,522879.82988821703
STR_027,2024-02-25,398426.49,398073.8233890245,116076.88844876696,514150.71183779143
STR_027,2024-02-26,252743.58,206198.66082843198,116076.88844876696,322275.54927719897
STR_027,2024-02-27,250048.84,226710.97335654902,116076.88844876696,342787.86180531594
STR_027,2024-02-28,204390.56,218898.21685643864,116076.88844876696,334975.10530520556
STR_027,2024-02-29,329375.76,359419.86790335,116076.88844876696,475496.75635211694
STR_028,2023-12-01,418429.64,624796.6010348456,93751.95957626367,718548.5606111092
STR_028,2023-12-02,946969.0800000001,876623.3116727264,93751.95957626367,970375.2712489901
STR_028,2023-12-03,745619.78,783620.4803405333,93751.95957626367,877372.439916797
STR_028,2023-12-04,618891.75,495195.2403083,93751.95957626367,588947.1998845637
STR_028,2023-12-05,557374.71,573576.3177166539,93751.95957626367,667328.2772929176
STR_028,2023-12-06,473720.82,522649.70231472433,93751.95957626367,616401.661890988
STR_028,2023-12-07,557787.41,536085.4886367331,93751.95957626367,629837.4482129968
STR_028,2023-12-08,641242.39,663963.9802697628,93751.95957626367,757715.9398460265
STR_028,2023-12-09,1070370.3,926179.7380941522,93751.95957626367,1019931.6976704159
STR_028,2023-12-10,942140.2,855333.2128723746,93751.95957626367,949085.1724486382
STR_028,2023-12-11,565781.14,491866.0315902228,93751.95957626367,585617.9911664864
STR_028,2023-12-12,453793.22,570595.6869103713,93751.95957626367,664347.646486635
STR_028,2023-12-13,514665.04,614515.2309481361,93751.95957626367,708267.1905243997
STR_028,2023-12-14,574988.95,571170.3485856049,93751.95957626367,664922.3081618686
STR_028,2023-12-15,820526.69,864898.1873122619,93751.95957626367,958650.1468885256
STR_028,2023-12-16,1011085.64,962632.9910452762,93751.95957626367,1056384.9506215397
STR_028,2023-12-17,1019785.02,849290.1579054301,93751.95957626367,943042.1174816937
STR_028,2023-12-18,440778.15,512331.2042006303,93751.95957626367,606083.163776894
STR_028,2023-12-19,592696.05,552972.6228713302,93751.95957626367,646724.5824475939
STR_028,2023-12-20,497275.97,505678.28692931106,93751.95957626367,599430.2465055748
STR_028,2023-12-21,584294.13,545243.152610443,93751.95957626367,638995.1121867066
STR_028,2023-12-22,726838.46,707865.7633983894,93751.95957626367,801617.7229746531
STR_028,2023-12-23,982409.84,877768.0347530381,93751.95957626367,971519.9943293018
STR_028,2023-12-24,1897053.67,1273980.6005474876,93751.95957626367,1367732.5601237514
STR_028,2023-12-25,1144700.73,975246.9663837982,93751.95957626367,1068998.9259600618
STR_028,2023-12-26,370729.11,545673.9935641673,93751.95957626367,639425.953140431
STR_028,2023-12-27,596078.83,681431.2602183623,93751.95957626367,775183.219794626
STR_028,2023-12-28,628484.75,578905.5499464339,93751.95957626367,672657.5095226975
STR_028,2023-12-29,793295.5800000001,668464.7419650246,93751.95957626367,762216.7015412883
STR_028,2023-12-30,922760.23,938247.0140344277,93751.95957626367,1031998.9736106914
STR_028,2023-12-31,2202037.21,1412862.0012740542,93751.95957626367,1506613.960850318
STR_028,2024-01-01,114250.11,179248.63555021503,93751.95957626367,273000.5951264787
STR_028,2024-01-02,313258.1,317737.54330634244,93751.95957626367,411489.5028826061
STR_028,2024-01-03,293016.25,366109.5423733849,93751.95957626367,459861.50194964855
STR_028,2024-01-04,328843.32,366174.3273586214,93751.95957626367,459926.2869348851
STR_028,2024-01-05,470012.84,435884.1704682422,93751.95957626367,529636.1300445059
STR_028,2024-01-06,520354.4,477192.51393206854,93751.95957626367,570944.4735083322
STR_028,2024-01-07,447100.61,412029.7719717345,93751.95957626367,505781.73154799815
STR_028,2024-01-08,242299.33,294532.13248333643,93751.95957626367,388284.0920596001
STR_028,2024-01-09,295688.99,353086.9673943525,93751.95957626367,446838.92697061616
STR_028,2024-01-10,279917.33,378761.6433727281,93751.95957626367,472513.60294899176
STR_028,2024-01-11,341084.64,331975.0079114601,93751.95957626367,425726.9674877238
STR_028,2024-01-12,362894.47,466112.34392784064,93751.95957626367,559864.3035041043
STR_028,2024-01-13,508461.66000000003,524506.3485079261,93751.95957626367,618258.3080841898
STR_028,2024-01-14,484792.74,499826.36380746536,93751.95957626367,593578.323383729
STR_028,2024-01-15,426382.9,404695.0088548583,93751.95957626367,498446.96843112196
STR_028,2024-01-16,284347.81,370552.10312943644,93751.95957626367,464304.0627057001
STR_028,2024-01-17,324716.97,334318.1938489686,93751.95957626367,428070.1534252323
STR_028,2024-01-18,266971.3,354129.2519794963,93751.95957626367,447881.21155575995
STR_028,2024-01-19,384361.46,393350.1571708218,93751.95957626367,487102.11674708547
STR_028,2024-01-20,564872.59,575571.2336563222,93751.95957626367,669323.1932325859
STR_028,2024-01-21,527330.06,522570.9324273698,93751.95957626367,616322.8920036335
STR_028,2024-01-22,195960.5,321575.036356083,93751.95957626367,415326.9959323467
STR_028,2024-01-23,241645.44,337092.3182890027,93751.95957626367,430844.27786526637
STR_028,2024-01-24,310978.58999999997,292938.482333185,93751.95957626367,386690.44190944865
STR_028,2024-01-25,378738.73,357115.25599012314,93751.95957626367,450867.2155663868
STR_028,2024-01-26,397287.92,386369.5265512648,93751.95957626367,480121.4861275285
STR_028,2024-01-27,527803.04,576091.243350955,93751.95957626367,669843.2029272186
STR_028,2024-01-28,401920.57,452593.0138023543,93751.95957626367,546344.973378618
STR_028,2024-01-29,253079.55,261893.54761541734,93751.95957626367,355645.507191681
STR_028,2024-01-30,227034.19,267942.72453091445,93751.95957626367,361694.6841071781
STR_028,2024-01-31,493991.7,411182.55454548873,93751.95957626367,504934.5141217524
STR_028,2024-02-01,294725.07,315589.079138887,93751.95957626367,409341.0387151507
STR_028,2024-02-02,354515.78,434113.35822578904,93751.95957626367,527865.3178020527
STR_028,2024-02-03,648851.2,587782.0950129288,93751.95957626367,681534.0545891925
STR_028,2024-02-04,428373.76,411439.85188989056,93751.95957626367,505191.81146615423
STR_028,2024-02-05,189329.8,166740.010972468,93751.95957626367,260491.97054873168
STR_028,2024-02-06,293002.73,286556.35228636314,93751.95957626367,380308.3118626268
STR_028,2024-02-07,344617.69,294344.18395294476,93751.95957626367,388096.14352920844
STR_028,2024-02-08,360656.69,320924.3536449079,93751.95957626367,414676.31322117156
STR_028,2024-02-09,462229.39,408617.8809257824,93751.95957626367,502369.84050204605
STR_028,2024-02-10,541396.37,515256.8789776308,93751.95957626367,609008.8385538945
STR_028,2024-02-11,552072.6,481990.7096611471,93751.95957626367,575742.6692374108
STR_028,2024-02-12,338721.02,291900.79518175655,93751.95957626367,385652.7547580202
STR_028,2024-02-13,281239.39,281715.7739027232,93751.95957626367,375467.7334789869
STR_028,2024-02-14,349133.92000000004,352167.8876516374,93751.95957626367,445919.84722790105
STR_028,2024-02-15,572834.66,529491.0348645537,93751.95957626367,623242.9944408174
STR_028,2024-02-16,378161.94,393750.91261202894,93751.95957626367,487502.8721882926
STR_028,2024-02-17,596054.23,543307.9294753096,93751.95957626367,637059.8890515732
STR_028,2024-02-18,544768.42,513113.0617808744,93751.95957626367,606865.0213571381
STR_028,2024-02-19,345437.74,293332.20327742695,93751.95957626367,387084.1628536906
STR_028,2024-02-20,348450.85,306375.17810062744,93751.95957626367,400127.1376768911
STR_028,2024-02-21,349812.72,320354.96049153723,93751.95957626367,414106.9200678009
STR_028,2024-02-22,383842.47,358307.26948192547,93751.95957626367,452059.22905818914
STR_028,2024-02-23,418480.55,457040.1700774841,93751.95957626367,550792.1296537478
STR_028,2024-02-24,556663.23,540131.4272900119,93751.95957626367,633883.3868662756
STR_028,2024-02-25,541918.59,486248.83044856705,93751.95957626367,580000.7900248307
STR_028,2024-02-26,270832.19,299915.00507436437,93751.95957626367,393666.96465062804
STR_028,2024-02-27,313044.67000000004,285201.7159737347,93751.95957626367,378953.67554999836
STR_028,2024-02-28,337258.36,310231.4247968477,93751.95957626367,403983.38437311136
STR_028,2024-02-29,404725.38,469956.439310882,93751.95957626367,563708.3988871457
STR_029,2023-12-01,421295.73,396634.64946099307,101066.07020543983,497700.7196664329
STR_029,2023-12-02,596689.18,537168.0520430696,101066.07020543983,638234.1222485094
STR_029,2023-12-03,580421.5700000001,538119.1320653523,101066.07020543983,639185.2022707921
STR_029,2023-12-04,239976.26,303207.9272040898,101066.07020543983,404273.99740952963
STR_029,2023-12-05,368227.08,350301.68985787255,101066.07020543983,451367.76006331237
STR_029,2023-12-06,342685.39999999997,337507.36112758017,101066.07020543983,438573.43133302
STR_029,2023-12-07,401112.94,355494.7890219295,101066.07020543983,456560.8592273693
STR_029,2023-12-08,396409.45,435367.46424654796,101066.07020543983,536433.5344519878
STR_029,2023-12-09,426446.0,596783.6038970844,101066.07020543983,697849.6741025242
STR_029,2023-12-10,522043.38,523980.08010549785,101066.07020543983,625046.1503109377
STR_029,2023-12-11,301734.85,312192.5578811664,101066.07020543983,413258.6280866062
STR_029,2023-12-12,455333.43,473809.7386944481,101066.07020543983,574875.808899888
STR_029,2023-12-13,377259.76,370748.83419965324,101066.07020543983,471814.90440509305
STR_029,2023-12-14,227956.41999999998,414569.08837532956,101066.07020543983,515635.1585807694
STR_029,2023-12-15,344495.92000000004,640566.9981679401,101066.07020543983,741633.0683733799
STR_029,2023-12-16,600530.71,608012.118562134,101066.07020543983,709078.1887675738
STR_029,2023-12-17,489179.8,494976.7513113636,101066.07020543983,596042.8215168035
STR_029,2023-12-18,324218.92,342597.98985865136,101066.07020543983,443664.0600640912
STR_029,2023-12-19,362468.58,309355.3122374619,101066.07020543983,410421.3824429017
STR_029,2023-12-20,400251.91,365378.30131303123,101066.07020543983,466444.37151847105
STR_029,2023-12-21,338387.06,328935.62974290753,101066.07020543983,430001.69994834735
STR_029,2023-12-22,364866.61,471778.248094977,101066.07020543983,572844.3183004168
STR_029,2023-12-23,596085.78,547654.5342888534,101066.07020543983,648720.6044942932
STR_029,2023-12-24,976646.47,901674.188996518,101066.07020543983,1002740.2592019578
STR_029,2023-12-25,700756.79,595677.6109166511,101066.07020543983,696743.6811220909
STR_029,2023-12-26,397857.97,366946.9316215302,101066.07020543983,468013.00182697
STR_029,2023-12-27,347538.74,317345.2294628933,101066.07020543983,418411.2996683331
STR_029,2023-12-28,250724.51,361647.4507739903,101066.07020543983,462713.5209794301
STR_029,2023-12-29,481712.54000000004,469820.51806167525,101066.07020543983,570886.5882671151
STR_029,2023-12-30,768679.4099999999,629108.0037619297,101066.07020543983,730174.0739673695
STR_029,2023-12-31,1675128.74,1073579.1999749437,101066.07020543983,1174645.2701803835
STR_029,2024-01-01,65910.63,127227.39453336771,101066.07020543983,228293.46473880752
STR_029,2024-01-02,183746.08000000002,227155.09194001454,101066.07020543983,328221.1621454544
STR_029,2024-01-03,185006.08,229264.2333603008,101066.07020543983,330330.30356574064
STR_029,2024-01-04,255520.83,280422.99709502875,101066.07020543983,381489.06730046857
STR_029,2024-01-05,256825.72,307177.5627279827,101066.07020543983,408243.6329334225
STR_029,2024-01-06,328910.74,348780.24760118243,101066.07020543983,449846.31780662225
STR_029,2024-01-07,319704.0,333215.1740659972,101066.07020543983,434281.244271437
STR_029,2024-01-08,199381.17,239388.8408061977,101066.07020543983,340454.91101163754
STR_029,2024-01-09,241118.62,230021.03334971901,101066.07020543983,331087.1035551588
STR_029,2024-01-10,187097.48,216850.87258703852,101066.07020543983,317916.94279247837
STR_029,2024-01-11,203841.29,233487.3158097477,101066.07020543983,334553.38601518754
STR_029,2024-01-12,221902.96,257648.59243513914,101066.07020543983,358714.662640579
STR_029,2024-01-13,291171.95,328085.5468521114,101066.07020543983,429151.6170575512
STR_029,2024-01-14,354005.71,354114.9884726875,101066.07020543983,455181.0586781273
STR_029,2024-01-15,218370.6,260397.53790772113,101066.07020543983,361463.60811316094
STR_029,2024-01-16,212779.28,228094.92538477105,101066.07020543983,329160.9955902109
STR_029,2024-01-17,202441.54,235241.82272225516,101066.07020543983,336307.892927695
STR_029,2024-01-18,267240.14,264247.02601062745,101066.07020543983,365313.09621606726
STR_029,2024-01-19,293481.88,280105.244683981,101066.07020543983,381171.3148894208
STR_029,2024-01-20,333254.62,359310.8591030348,101066.07020543983,460376.9293084746
STR_029,2024-01-21,264414.99,302417.60406485863,101066.07020543983,403483.67427029845
STR_029,2024-01-22,94070.05,211809.71531034212,101066.07020543983,312875.78551578196
STR_029,2024-01-23,169271.83,217427.18961655887,101066.07020543983,318493.2598219987
STR_029,2024-01-24,184099.22,201206.38040089473,101066.07020543983,302272.45060633455
STR_029,2024-01-25,249497.47,231630.34073092617,101066.07020543983,332696.410936366
STR_029,2024-01-26,276482.37,249515.66496387424,101066.07020543983,350581.7351693141
STR_029,2024-01-27,388106.24,325341.7482753162,101066.07020543983,426407.818480756
STR_029,2024-01-28,256937.49000000002,323357.8230064103,101066.07020543983,424423.89321185014
STR_029,2024-01-29,188955.68,158014.8162547715,101066.07020543983,259080.8864602113
STR_029,2024-01-30,182413.01,187104.06180594885,101066.07020543983,288170.13201138866
STR_029,2024-01-31,331302.84,293243.61276603246,101066.07020543983,394309.68297147227
STR_029,2024-02-01,198545.92,226286.63398501623,101066.07020543983,327352.7041904561
STR_029,2024-02-02,290829.69,271244.7053711699,101066.07020543983,372310.7755766097
STR_029,2024-02-03,378168.14,327174.85285488464,101066.07020543983,428240.92306032445
STR_029,2024-02-04,367987.08999999997,329243.6308202895,101066.07020543983,430309.7010257293
STR_029,2024-02-05,103219.45999999999,128392.12854256433,101066.07020543983,229458.19874800416
STR_029,2024-02-06,190353.55,196072.49691137913,101066.07020543983,297138.567116819
STR_029,2024-02-07,199384.8,203525.50089169748,101066.07020543983,304591.5710971373
STR_029,2024-02-08,228288.94,203294.62235121694,101066.07020543983,304360.6925566568
STR_029,2024-02-09,321852.51,293852.3469237369,101066.07020543983,394918.4171291767
STR_029,2024-02-10,306080.67000000004,338378.13861924154,101066.07020543983,439444.20882468135
STR_029,2024-02-11,325628.24,304821.44643884996,101066.07020543983,405887.5166442898
STR_029,2024-02-12,196195.71000000002,177121.01757204038,101066.07020543983,278187.0877774802
STR_029,2024-02-13,154952.35,201641.21556762888,101066.07020543983,302707.2857730687
STR_029,2024-02-14,206575.93,195706.65680961646,101066.07020543983,296772.7270150563
STR_029,2024-02-15,291775.45999999996,269213.38228497154,101066.07020543983,370279.45249041135
STR_029,2024-02-16,243536.1,276217.73028114496,101066.07020543983,377283.8004865848
STR_029,2024-02-17,379391.19,333954.9463806474,101066.07020543983,435021.01658608724
STR_029,2024-02-18,336540.98,343527.00143116055,101066.07020543983,444593.07163660036
STR_029,2024-02-19,184037.18,184580.21156597848,101066.07020543983,285646.2817714183
STR_029,2024-02-20,143750.13,218890.74478359555,101066.07020543983,319956.81498903537
STR_029,2024-02-21,226102.79,198557.72516213972,101066.07020543983,299623.79536757956
STR_029,2024-02-22,235903.37,221515.44417533465,101066.07020543983,322581.51438077446
STR_029,2024-02-23,237098.4,270850.2587701905,101066.07020543983,371916.32897563034
STR_029,2024-02-24,375554.87,358773.1279200458,101066.07020543983,459839.1981254856
STR_029,2024-02-25,337210.52,342624.88614472124,101066.07020543983,443690.95635016105
STR_029,2024-02-26,203659.85,194763.56037502625,101066.07020543983,295829.63058046607
STR_029,2024-02-27,143727.04,202575.69301895896,101066.07020543983,303641.7632243988
STR_029,2024-02-28,245590.06,218036.57861804796,101066.07020543983,319102.6488234878
STR_029,2024-02-29,298807.87,270745.65999893186,101066.07020543983,371811.7302043717
STR_030,2023-12-01,614355.73,482520.91391185106,92102.34992000542,574623.2638318564
STR_030,2023-12-02,424199.25,635173.3187350004,92102.34992000542,727275.6686550059
STR_030,2023-12-03,418402.16,509753.38983581564,92102.34992000542,601855.7397558211
STR_030,2023-12-04,313928.12,328928.9182237306,92102.34992000542,421031.268143736
STR_030,2023-12-05,369255.33999999997,318335.9636732944,92102.34992000542,410438.3135932998
STR_030,2023-12-06,351881.32999999996,338134.7934981254,92102.34992000542,430237.1434181308
STR_030,2023-12-07,407496.52,401700.817250776,92102.34992000542,493803.1671707814
STR_030,2023-12-08,463759.64,387197.86195233173,92102.34992000542,479300.21187233715
STR_030,2023-12-09,414173.91000000003,553133.1938636531,92102.34992000542,645235.5437836585
STR_030,2023-12-10,496035.2,528501.5717827542,92102.34992000542,620603.9217027596
STR_030,2023-12-11,193862.86000000002,306452.9061202072,92102.34992000542,398555.25604021264
STR_030,2023-12-12,428582.44999999995,416010.55980435986,92102.34992000542,508112.9097243653
STR_030,2023-12-13,373154.12,374751.4395697488,92102.34992000542,466853.78948975424
STR_030,2023-12-14,302840.82999999996,368351.8316037929,92102.34992000542,460454.1815237983
STR_030,2023-12-15,573207.7,604471.2300661472,92102.34992000542,696573.5799861526
STR_030,2023-12-16,603934.6799999999,619143.6500026757,92102.34992000542,711245.9999226811
STR_030,2023-12-17,556522.28,527413.8027047133,92102.34992000542,619516.1526247187
STR_030,2023-12-18,343734.39999999997,318587.39272273635,92102.34992000542,410689.74264274177
STR_030,2023-12-19,364047.35,362445.0324516989,92102.34992000542,454547.3823717043
STR_030,2023-12-20,389264.29,340723.2082626765,92102.34992000542,432825.5581826819
STR_030,2023-12-21,436036.48,367076.3969210416,92102.34992000542,459178.746841047
STR_030,2023-12-22,228379.09999999998,399283.524607936,92102.34992000542,491385.8745279414
STR_030,2023-12-23,691195.69,618830.7129891237,92102.34992000542,710933.0629091291
STR_030,2023-12-24,1050565.8699999999,899776.7869915214,92102.34992000542,991879.1369115268
STR_030,2023-12-25,744538.93,730388.2921393607,92102.34992000542,822490.6420593661
STR_030,2023-12-26,302704.42,366115.12915169063,92102.34992000542,458217.47907169606
STR_030,2023-12-27,379677.01,365501.75914170075,92102.34992000542,457604.1090617062
STR_030,2023-12-28,353691.23,373021.8018236891,92102.34992000542,465124.1517436945
STR_030,2023-12-29,435403.54,423771.02466481226,92102.34992000542,515873.3745848177
STR_030,2023-12-30,587275.09,585558.4462604801,92102.34992000542,677660.7961804855
STR_030,2023-12-31,1297311.98,1103016.988251928,92102.34992000542,1195119.3381719333
STR_030,2024-01-01,81147.9,138467.88388897348,92102.34992000542,230570.2338089789
STR_030,2024-01-02,188139.18,223704.20017480568,92102.34992000542,315806.55009481113
STR_030,2024-01-03,248942.84,272147.05700042157,92102.34992000542,364249.406920427
STR_030,2024-01-04,200359.39,242711.377066603,92102.34992000542,334813.7269866084
STR_030,2024-01-05,283716.39,295674.03644807864,92102.34992000542,387776.38636808406
STR_030,2024-01-06,308943.43,423517.3191477862,92102.34992000542,515619.6690677916
STR_030,2024-01-07,271099.11,326077.4784024477,92102.34992000542,418179.82832245313
STR_030,2024-01-08,138728.22,240284.17640525606,92102.34992000542,332386.52632526145
STR_030,2024-01-09,161641.01,239800.59667828193,92102.34992000542,331902.9465982873
STR_030,2024-01-10,207747.76,229832.02899707854,92102.34992000542,321934.37891708396
STR_030,2024-01-11,200225.39,251398.556849231,92102.34992000542,343500.90676923643
STR_030,2024-01-12,280648.82,329468.20474504435,92102.34992000542,421570.55466504977
STR_030,2024-01-13,307628.1,340944.04346374614,92102.34992000542,433046.39338375157
STR_030,2024-01-14,321068.33999999997,329196.3499564333,92102.34992000542,421298.6998764387
STR_030,2024-01-15,311781.71,282446.07751882554,92102.34992000542,374548.42743883096
STR_030,2024-01-16,169410.13,215301.95766450887,92102.34992000542,307404.30758451426
STR_030,2024-01-17,145611.99,225980.28507822021,92102.34992000542,318082.6349982256
STR_030,2024-01-18,213112.64,258432.7688261309,92102.34992000542,350535.1187461363
STR_030,2024-01-19,299289.79000000004,278576.13779138215,92102.34992000542,370678.48771138757
STR_030,2024-01-20,383528.64,347503.289635681,92102.34992000542,439605.63955568644
STR_030,2024-01-21,292984.73,280003.10572841263,92102.34992000542,372105.45564841805
STR_030,2024-01-22,148278.86000000002,198293.28011920096,92102.34992000542,290395.63003920636
STR_030,2024-01-23,231939.31,213123.48442833978,92102.34992000542,305225.8343483452
STR_030,2024-01-24,204227.44,223834.42614516438,92102.34992000542,315936.77606516983
STR_030,2024-01-25,204135.16,213047.74592078326,92102.34992000542,305150.0958407887
STR_030,2024-01-26,288473.26,268290.9156660864,92102.34992000542,360393.26558609185
STR_030,2024-01-27,313531.42000000004,334492.0757048853,92102.34992000542,426594.4256248907
STR_030,2024-01-28,309994.81,340474.68855466304,92102.34992000542,432577.03847466846
STR_030,2024-01-29,169217.91,168920.26260153565,92102.34992000542,261022.61252154107
STR_030,2024-01-30,185249.47999999998,189478.05562247933,92102.34992000542,281580.4055424847
STR_030,2024-01-31,315105.6,304037.6088299758,92102.34992000542,396139.95874998125
STR_030,2024-02-01,191699.91,245911.88149864305,92102.34992000542,338014.2314186485
STR_030,2024-02-02,277931.65,279023.2218454585,92102.34992000542,371125.5717654639
STR_030,2024-02-03,355008.22,364000.4757918589,92102.34992000542,456102.82571186434
STR_030,2024-02-04,366287.17,314174.14062183053,92102.34992000542,406276.49054183596
STR_030,2024-02-05,113745.79000000001,115556.999346385,92102.34992000542,207659.34926639043
STR_030,2024-02-06,221735.79,197752.4869034748,92102.34992000542,289854.8368234802
STR_030,2024-02-07,232559.72,207005.896315827,92102.34992000542,299108.24623583246
STR_030,2024-02-08,274239.95,228420.20567212687,92102.34992000542,320522.55559213227
STR_030,2024-02-09,259772.03000000003,289488.17551804887,92102.34992000542,381590.5254380543
STR_030,2024-02-10,330368.99,362187.20861857204,92102.34992000542,454289.55853857746
STR_030,2024-02-11,290068.6,323090.8228816193,92102.34992000542,415193.1728016247
STR_030,2024-02-12,120491.97,181770.65713904332,92102.34992000542,273873.00705904874
STR_030,2024-02-13,244461.99,215217.0368581738,92102.34992000542,307319.3867781792
STR_030,2024-02-14,207463.97,192872.1934796711,92102.34992000542,284974.54339967656
STR_030,2024-02-15,289763.01,278944.05020274274,92102.34992000542,371046.40012274816
STR_030,2024-02-16,303467.44,291841.0203298769,92102.34992000542,383943.37024988234
STR_030,2024-02-17,361394.95999999996,381984.46473614016,92102.34992000542,474086.8146561456
STR_030,2024-02-18,367397.83,360218.16075583076,92102.34992000542,452320.5106758362
STR_030,2024-02-19,147817.33000000002,179349.65116753295,92102.34992000542,271452.0010875384
STR_030,2024-02-20,193739.67,194838.40673155282,92102.34992000542,286940.7566515582
STR_030,2024-02-21,200035.0,191795.30181709607,92102.34992000542,283897.6517371015
STR_030,2024-02-22,195812.48,213257.78217047773,92102.34992000542,305360.13209048315
STR_030,2024-02-23,291246.13,266625.87028336414,92102.34992000542,358728.22020336956
STR_030,2024-02-24,348060.86,322376.23012232437,92102.34992000542,414478.5800423298
STR_030,2024-02-25,303937.33999999997,315775.6587284088,92102.34992000542,407878.0086484142
STR_030,2024-02-26,140405.28,174782.24827924478,92102.34992000542,266884.5981992502
STR_030,2024-02-27,171507.2,194213.62652617495,92102.34992000542,286315.9764461804
STR_030,2024-02-28,240483.65,234116.24611604467,92102.34992000542,326218.5960360501
STR_030,2024-02-29,290522.94,316823.2369144044,92102.34992000542,408925.5868344098
STR_031,2023-12-01,1080687.26,930152.531209138,229721.66847148963,1159874.1996806276
STR_031,2023-12-02,1458005.72,1356848.7563672422,229721.66847148963,1586570.4248387318
STR_031,2023-12-03,893156.1699999999,1133669.350274666,229721.66847148963,1363391.0187461555
STR_031,2023-12-04,741980.1000000001,710563.5994845083,229721.66847148963,940285.267955998
STR_031,2023-12-05,914828.3,814827.6357343643,229721.66847148963,1044549.304205854
STR_031,2023-12-06,885304.99,808105.1254489173,229721.66847148963,1037826.7939204068
STR_031,2023-12-07,1065680.13,906189.2510160125,229721.66847148963,1135910.9194875022
STR_031,2023-12-08,1002292.18,1003483.9216622198,229721.66847148963,1233205.5901337094
STR_031,2023-12-09,1694398.59,1432228.654882316,229721.66847148963,1661950.3233538056
STR_031,2023-12-10,1393582.74,1063267.9892930104,229721.66847148963,1292989.6577645
STR_031,2023-12-11,893999.73,758221.633158982,229721.66847148963,987943.3016304716
STR_031,2023-12-12,1181823.28,943569.3928943366,229721.66847148963,1173291.0613658263
STR_031,2023-12-13,948202.04,818831.4802341476,229721.66847148963,1048553.1487056373
STR_031,2023-12-14,1066999.96,793449.2401566007,229721.66847148963,1023170.9086280903
STR_031,2023-12-15,1565216.78,1456237.1178949806,229721.66847148963,1685958.7863664702
STR_031,2023-12-16,1455878.1099999999,1447311.579865881,229721.66847148963,1677033.2483373706
STR_031,2023-12-17,1359252.33,1113007.051836607,229721.66847148963,1342728.7203080966
STR_031,2023-12-18,446326.70999999996,778214.7218421913,229721.66847148963,1007936.390313681
STR_031,2023-12-19,861564.25,872149.9530940674,229721.66847148963,1101871.621565557
STR_031,2023-12-20,1061993.1,926677.3849925102,229721.66847148963,1156399.0534639999
STR_031,2023-12-21,916397.34,793115.7886636823,229721.66847148963,1022837.4571351719
STR_031,2023-12-22,1000119.2,1091887.0343114652,229721.66847148963,1321608.7027829548
STR_031,2023-12-23,1115426.46,1496593.4273744386,229721.66847148963,1726315.0958459282
STR_031,2023-12-24,3770348.9,1420332.2449906738,229721.66847148963,1650053.9134621634
STR_031,2023-12-25,1705645.95,1252446.3749853522,229721.66847148963,1482168.0434568417
STR_031,2023-12-26,818855.3200000001,764295.3796745455,229721.66847148963,994017.048146035
STR_031,2023-12-27,893041.49,821405.3570832142,229721.66847148963,1051127.0255547038
STR_031,2023-12-28,885403.77,798402.3909877717,229721.66847148963,1028124.0594592614
STR_031,2023-12-29,1068069.37,994926.5515754733,229721.66847148963,1224648.2200469628
STR_031,2023-12-30,1687432.3,1524493.848769728,229721.66847148963,1754215.5172412177
STR_031,2023-12-31,2951031.67,1549035.825098383,229721.66847148963,1778757.4935698726
STR_031,2024-01-01,195876.78,266891.3128146991,229721.66847148963,496612.9812861887
STR_031,2024-01-02,481290.12,485713.5322137487,229721.66847148963,715435.2006852383
STR_031,2024-01-03,471656.87,453204.3913183339,229721.66847148963,682926.0597898236
STR_031,2024-01-04,615433.51,515302.06537711225,229721.66847148963,745023.7338486018
STR_031,2024-01-05,661261.5,730064.1363256023,229721.66847148963,959785.804797092
STR_031,2024-01-06,597770.78,878536.6029921141,229721.66847148963,1108258.2714636037
STR_031,2024-01-07,840535.56,868349.5360003636,229721.66847148963,1098071.2044718533
STR_031,2024-01-08,405566.92,397869.62281764,229721.66847148963,627591.2912891296
STR_031,2024-01-09,427626.05,543008.6717522831,229721.66847148963,772730.3402237727
STR_031,2024-01-10,515095.29000000004,576754.9039347959,229721.66847148963,806476.5724062854
STR_031,2024-01-11,545944.75,603812.6197743035,229721.66847148963,833534.2882457932
STR_031,2024-01-12,477864.94,690981.4366965569,229721.66847148963,920703.1051680464
STR_031,2024-01-13,647933.37,788654.0903978123,229721.66847148963,1018375.758869302
STR_031,2024-01-14,611964.28,771040.4385948515,229721.66847148963,1000762.1070663412
STR_031,2024-01-15,574574.81,494831.92404925957,229721.66847148963,724553.5925207492
STR_031,2024-01-16,556831.78,461703.05145650776,229721.66847148963,691424.7199279973
STR_031,2024-01-17,496787.3,489309.06031403923,229721.66847148963,719030.7287855288
STR_031,2024-01-18,487936.87,502005.97309081187,229721.66847148963,731727.6415623014
STR_031,2024-01-19,583872.64,665201.7369349212,229721.66847148963,894923.4054064108
STR_031,2024-01-20,914006.29,824183.1577873217,229721.66847148963,1053904.8262588114
STR_031,2024-01-21,641493.92,727885.5779664536,229721.66847148963,957607.2464379433
STR_031,2024-01-22,360270.73,429333.9409496285,229721.66847148963,659055.6094211182
STR_031,2024-01-23,275521.14,443185.08384040964,229721.66847148963,672906.7523118993
STR_031,2024-01-24,521173.82,474870.9226607346,229721.66847148963,704592.5911322243
STR_031,2024-01-25,420624.75,428053.1924291598,229721.66847148963,657774.8609006495
STR_031,2024-01-26,576260.5700000001,620645.1328416741,229721.66847148963,850366.8013131637
STR_031,2024-01-27,773348.14,787957.6559831612,229721.66847148963,1017679.3244546507
STR_031,2024-01-28,667644.81,744585.0530740012,229721.66847148963,974306.7215454909
STR_031,2024-01-29,319846.16000000003,387602.50719063095,229721.66847148963,617324.1756621206
STR_031,2024-01-30,466822.18,461088.9425778157,229721.66847148963,690810.6110493053
STR_031,2024-01-31,691100.39,628977.5139122833,229721.66847148963,858699.1823837729
STR_031,2024-02-01,446504.91000000003,473861.5349443773,229721.66847148963,703583.2034158669
STR_031,2024-02-02,691281.0700000001,604633.2065285158,229721.66847148963,834354.8750000054
STR_031,2024-02-03,889801.14,845281.5614434456,229721.66847148963,1075003.2299149353
STR_031,2024-02-04,805417.51,713943.5097543042,229721.66847148963,943665.1782257939
STR_031,2024-02-05,172054.62,267953.9266033318,229721.66847148963,497675.59507482144
STR_031,2024-02-06,503501.9,374823.8855136355,229721.66847148963,604545.5539851252
STR_031,2024-02-07,548358.96,501056.74796519644,229721.66847148963,730778.4164366861
STR_031,2024-02-08,613717.5,515178.3948052746,229721.66847148963,744900.0632767642
STR_031,2024-02-09,615169.21,607791.7152637865,229721.66847148963,837513.3837352761
STR_031,2024-02-10,783089.44,768628.7329877535,229721.66847148963,998350.4014592431
STR_031,2024-02-11,845714.29,723487.3797351151,229721.66847148963,953209.0482066048
STR_031,2024-02-12,357551.79000000004,420094.0012905848,229721.66847148963,649815.6697620745
STR_031,2024-02-13,526644.3,459628.6825120119,229721.66847148963,689350.3509835015
STR_031,2024-02-14,472404.38,481872.19361945183,229721.66847148963,711593.8620909415
STR_031,2024-02-15,816247.54,695820.7836051116,229721.66847148963,925542.4520766013
STR_031,2024-02-16,690250.79,617686.7910685836,229721.66847148963,847408.4595400733
STR_031,2024-02-17,971092.54,837373.5462801661,229721.66847148963,1067095.2147516557
STR_031,2024-02-18,779269.88,763573.4976294981,229721.66847148963,993295.1661009877
STR_031,2024-02-19,534205.3099999999,462593.1509256293,229721.66847148963,692314.8193971189
STR_031,2024-02-20,300610.02,538617.3179360967,229721.66847148963,768338.9864075864
STR_031,2024-02-21,541505.66,487341.2889578081,229721.66847148963,717062.9574292977
STR_031,2024-02-22,583023.36,493941.63957737543,229721.66847148963,723663.3080488651
STR_031,2024-02-23,846959.85,696474.2936109343,229721.66847148963,926195.962082424
STR_031,2024-02-24,851024.93,815953.6544326682,229721.66847148963,1045675.3229041579
STR_031,2024-02-25,606317.8200000001,677116.4516198918,229721.66847148963,906838.1200913815
STR_031,2024-02-26,456331.18,430126.14975997776,229721.66847148963,659847.8182314674
STR_031,2024-02-27,433495.89,464448.3504314456,229721.66847148963,694170.0189029352
STR_031,2024-02-28,488092.77,500847.0574024518,229721.66847148963,730568.7258739414
STR_031,2024-02-29,619356.38,617584.6212521349,229721.66847148963,847306.2897236245
STR_032,2023-12-01,913361.51,687659.9971120304,116501.09810841846,804161.0952204489
STR_032,2023-12-02,943418.23,902620.1723194788,116501.09810841846,1019121.2704278973
STR_032,2023-12-03,809829.8300000001,796735.036920802,116501.09810841846,913236.1350292205
STR_032,2023-12-04,532591.5700000001,539454.011020242,116501.09810841846,655955.1091286605
STR_032,2023-12-05,599082.16,510355.9556719342,116501.09810841846,626857.0537803527
STR_032,2023-12-06,511951.56,513806.99682638724,116501.09810841846,630308.0949348058
STR_032,2023-12-07,645257.4400000001,646972.5471621827,116501.09810841846,763473.6452706011
STR_032,2023-12-08,842161.19,788569.2823502427,116501.09810841846,905070.3804586611
STR_032,2023-12-09,1256054.2,965882.2536511151,116501.09810841846,1082383.3517595336
STR_032,2023-12-10,876149.15,872341.22909023,116501.09810841846,988842.3271986484
STR_032,2023-12-11,525587.11,535407.8444564231,116501.09810841846,651908.9425648416
STR_032,2023-12-12,865960.76,737495.9716706894,116501.09810841846,853997.0697791078
STR_032,2023-12-13,465558.72000000003,537378.5168251011,116501.09810841846,653879.6149335196
STR_032,2023-12-14,504608.08999999997,592169.5717484534,116501.09810841846,708670.669856872
STR_032,2023-12-15,1021981.36,1001984.4150654329,116501.09810841846,1118485.5131738514
STR_032,2023-12-16,951101.8200000001,1059388.2800979386,116501.09810841846,1175889.3782063571
STR_032,2023-12-17,793004.97,884858.1432779112,116501.09810841846,1001359.2413863298
STR_032,2023-12-18,460628.06999999995,419296.7540713123,116501.09810841846,535797.8521797308
STR_032,2023-12-19,452587.16000000003,556611.3245839244,116501.09810841846,673112.4226923429
STR_032,2023-12-20,657079.2,609145.5378444724,116501.09810841846,725646.6359528909
STR_032,2023-12-21,677421.4400000001,551770.1009700565,116501.09810841846,668271.1990784749
STR_032,2023-12-22,779718.6699999999,655699.2573992424,116501.09810841846,772200.3555076609
STR_032,2023-12-23,996360.97,964614.6093583576,116501.09810841846,1081115.707466776
STR_032,2023-12-24,1947408.6600000001,1279311.7304649253,116501.09810841846,1395812.8285733438
STR_032,2023-12-25,739698.35,905961.8479373296,116501.09810841846,1022462.946045748
STR_032,2023-12-26,537426.0700000001,606103.0402986776,116501.09810841846,722604.138407096
STR_032,2023-12-27,613344.52,595893.9982234326,116501.09810841846,712395.0963318511
STR_032,2023-12-28,565391.37,591794.5549985945,116501.09810841846,708295.6531070129
STR_032,2023-12-29,723530.38,709392.4169783249,116501.09810841846,825893.5150867433
STR_032,2023-12-30,1129236.5899999999,988215.9523038297,116501.09810841846,1104717.0504122481
STR_032,2023-12-31,1551180.88,1445635.1286061036,116501.09810841846,1562136.226714522
STR_032,2024-01-01,126114.84999999999,193088.8923977499,116501.09810841846,309589.99050616834
STR_032,2024-01-02,285479.49,377029.630401999,116501.09810841846,493530.72851041745
STR_032,2024-01-03,249435.37,340082.010806678,116501.09810841846,456583.10891509644
STR_032,2024-01-04,376709.1,398256.1778174246,116501.09810841846,514757.27592584305
STR_032,2024-01-05,407923.03,466390.09394664445,116501.09810841846,582891.1920550629
STR_032,2024-01-06,449161.73,491714.02556244936,116501.09810841846,608215.1236708679
STR_032,2024-01-07,295139.1,461779.4629485214,116501.09810841846,578280.5610569399
STR_032,2024-01-08,278936.4,332210.65237248316,116501.09810841846,448711.7504809016
STR_032,2024-01-09,208224.77000000002,317324.08644546097,116501.09810841846,433825.18455387943
STR_032,2024-01-10,322682.3,309924.12641088647,116501.09810841846,426425.22451930493
STR_032,2024-01-11,299695.83,359512.2066802507,116501.09810841846,476013.30478866916
STR_032,2024-01-12,415272.49,413722.58298025216,116501.09810841846,530223.6810886706
STR_032,2024-01-13,525499.7,500088.51707849384,116501.09810841846,616589.6151869122
STR_032,2024-01-14,577845.06,509527.24796333513,116501.09810841846,626028.3460717537
STR_032,2024-01-15,385031.94,445960.1585782964,116501.09810841846,562461.256686715
STR_032,2024-01-16,296723.79,326171.3659708622,116501.09810841846,442672.4640792807
STR_032,2024-01-17,369288.46,370816.0383463566,116501.09810841846,487317.13645477506
STR_032,2024-01-18,227305.7,314485.5340297636,116501.09810841846,430986.63213818206
STR_032,2024-01-19,451371.92,451858.9935839544,116501.09810841846,568360.0916923729
STR_032,2024-01-20,525446.31,602324.7545799604,116501.09810841846,718825.8526883789
STR_032,2024-01-21,453927.3,546007.1029704757,116501.09810841846,662508.2010788941
STR_032,2024-01-22,306972.3,293684.8415616696,116501.09810841846,410185.93967008806
STR_032,2024-01-23,367644.01,344571.4521250711,116501.09810841846,461072.55023348954
STR_032,2024-01-24,316640.47,302288.07360666076,116501.09810841846,418789.1717150792
STR_032,2024-01-25,347147.52,350727.68599923624,116501.09810841846,467228.7841076547
STR_032,2024-01-26,431454.94,390532.5156080193,116501.09810841846,507033.6137164378
STR_032,2024-01-27,389893.13,663753.2146277097,116501.09810841846,780254.3127361282
STR_032,2024-01-28,519317.94,462772.11624729534,116501.09810841846,579273.2143557138
STR_032,2024-01-29,296585.54,289103.640541042,116501.09810841846,405604.7386494605
STR_032,2024-01-30,322707.7,338354.8318307446,116501.09810841846,454855.92993916303
STR_032,2024-01-31,430576.55,393380.52665894513,116501.09810841846,509881.6247673636
STR_032,2024-02-01,309018.58,363899.41320035944,116501.09810841846,480400.5113087779
STR_032,2024-02-02,403000.54,469904.60252261534,116501.09810841846,586405.7006310339
STR_032,2024-02-03,571850.49,630419.3448112827,116501.09810841846,746920.4429197011
STR_032,2024-02-04,548239.31,506834.378333908,116501.09810841846,623335.4764423264
STR_032,2024-02-05,187512.37,178109.90481216242,116501.09810841846,294611.0029205809
STR_032,2024-02-06,304024.35,284836.1612811443,116501.09810841846,401337.25938956277
STR_032,2024-02-07,388891.12,347450.0413205456,116501.09810841846,463951.13942896406
STR_032,2024-02-08,280266.92,350975.21648452856,116501.09810841846,467476.314592947
STR_032,2024-02-09,349859.32999999996,399128.36151245586,116501.09810841846,515629.4596208743
STR_032,2024-02-10,560128.1699999999,535817.8776898496,116501.09810841846,652318.9757982681
STR_032,2024-02-11,596208.66,523178.57530791097,116501.09810841846,639679.6734163294
STR_032,2024-02-12,348553.74,299851.45029285416,116501.09810841846,416352.5484012726
STR_032,2024-02-13,326546.52,292832.7627265143,116501.09810841846,409333.86083493277
STR_032,2024-02-14,370967.33,335288.03923350485,116501.09810841846,451789.1373419233
STR_032,2024-02-15,531191.93,451702.25787961594,116501.09810841846,568203.3559880344
STR_032,2024-02-16,432623.1,434479.961635203,116501.09810841846,550981.0597436214
STR_032,2024-02-17,537070.6,553959.9808128978,116501.09810841846,670461.0789213162
STR_032,2024-02-18,453990.27,496130.5140708061,116501.09810841846,612631.6121792246
STR_032,2024-02-19,352160.72,343844.9303812627,116501.09810841846,460346.02848968114
STR_032,2024-02-20,305818.35,362353.2157435469,116501.09810841846,478854.31385196536
STR_032,2024-02-21,323067.69,358895.97555605,116501.09810841846,475397.0736644685
STR_032,2024-02-22,406250.55,365642.99595967174,116501.09810841846,482144.0940680902
STR_032,2024-02-23,382613.76,455005.7295044983,116501.09810841846,571506.8276129167
STR_032,2024-02-24,382814.33999999997,507566.2937040185,116501.09810841846,624067.391812437
STR_032,2024-02-25,542351.91,494733.0174032327,116501.09810841846,611234.1155116512
STR_032,2024-02-26,307312.47000000003,321765.6380161373,116501.09810841846,438266.73612455575
STR_032,2024-02-27,306265.89,283149.3127052483,116501.09810841846,399650.41081366676
STR_032,2024-02-28,323418.89,343662.34132086945,116501.09810841846,460163.4394292879
STR_032,2024-02-29,334486.64,480215.4221336162,116501.09810841846,596716.5202420347
STR_033,2023-12-01,559795.16,538295.7239872029,129275.00272590725,667570.7267131101
STR_033,2023-12-02,689143.65,804377.4076640798,129275.00272590725,933652.410389987
STR_033,2023-12-03,390114.86,481500.6839745224,129275.00272590725,610775.6867004297
STR_033,2023-12-04,348521.14,425730.3413626778,129275.00272590725,555005.3440885851
STR_033,2023-12-05,406453.77,363756.6312975295,129275.00272590725,493031.63402343675
STR_033,2023-12-06,347168.7,436408.29022004124,129275.00272590725,565683.2929459484
STR_033,2023-12-07,556572.99,448075.4931445104,129275.00272590725,577350.4958704177
STR_033,2023-12-08,681729.54,572321.3432582729,129275.00272590725,701596.3459841801
STR_033,2023-12-09,637953.9,696437.553911508,129275.00272590725,825712.5566374152
STR_033,2023-12-10,497388.06999999995,564408.3615059792,129275.00272590725,693683.3642318865
STR_033,2023-12-11,422043.27,401574.851899177,129275.00272590725,530849.8546250842
STR_033,2023-12-12,420880.2,479832.839503867,129275.00272590725,609107.8422297742
STR_033,2023-12-13,427475.94,474336.5090294205,129275.00272590725,603611.5117553277
STR_033,2023-12-14,478497.11,455808.1582347619,129275.00272590725,585083.1609606692
STR_033,2023-12-15,700129.51,660852.8903399874,129275.00272590725,790127.8930658946
STR_033,2023-12-16,722840.6,765005.7935876965,129275.00272590725,894280.7963136038
STR_033,2023-12-17,599984.88,575492.5988498245,129275.00272590725,704767.6015757318
STR_033,2023-12-18,433204.24,379453.51962497085,129275.00272590725,508728.5223508781
STR_033,2023-12-19,425852.29000000004,394124.4207010908,129275.00272590725,523399.4234269981
STR_033,2023-12-20,410843.74,416664.08918493916,129275.00272590725,545939.0919108464
STR_033,2023-12-21,465229.53,441900.28674300003,129275.00272590725,571175.2894689073
STR_033,2023-12-22,603769.4400000001,543327.6912418876,129275.00272590725,672602.6939677949
STR_033,2023-12-23,843378.9400000001,828851.7519364194,129275.00272590725,958126.7546623267
STR_033,2023-12-24,1471291.35,918546.5602843274,129275.00272590725,1047821.5630102346
STR_033,2023-12-25,1008146.81,780119.8941205157,129275.00272590725,909394.8968464229
STR_033,2023-12-26,448440.35,427518.73593955534,129275.00272590725,556793.7386654626
STR_033,2023-12-27,450363.07,408473.00654575677,129275.00272590725,537748.0092716641
STR_033,2023-12-28,414421.98,404409.66349053057,129275.00272590725,533684.6662164378
STR_033,2023-12-29,499566.83,600746.6973778631,129275.00272590725,730021.7001037704
STR_033,2023-12-30,731159.64,721920.0692265974,129275.00272590725,851195.0719525047
STR_033,2023-12-31,1911455.8599999999,1153679.1907800508,129275.00272590725,1282954.1935059582
STR_033,2024-01-01,53805.53,158924.160312243,129275.00272590725,288199.1630381503
STR_033,2024-01-02,141286.75,243366.51292055813,129275.00272590725,372641.51564646536
STR_033,2024-01-03,191451.84,240327.41084773742,129275.00272590725,369602.4135736447
STR_033,2024-01-04,231827.52000000002,284178.32193648885,129275.00272590725,413453.3246623961
STR_033,2024-01-05,344994.2,355133.5575512407,129275.00272590725,484408.560277148
STR_033,2024-01-06,449246.82,492223.57322031097,129275.00272590725,621498.5759462182
STR_033,2024-01-07,353768.76,399023.8858690707,129275.00272590725,528298.888594978
STR_033,2024-01-08,198621.02,231846.9678272395,129275.00272590725,361121.9705531468
STR_033,2024-01-09,263820.38,293729.11363492865,129275.00272590725,423004.1163608359
STR_033,2024-01-10,243492.08,242979.2920483744,129275.00272590725,372254.2947742817
STR_033,2024-01-11,108642.51,297335.28883898153,129275.00272590725,426610.2915648888
STR_033,2024-01-12,334691.18,329277.58162450395,129275.00272590725,458552.5843504112
STR_033,2024-01-13,520570.55000000005,477409.758767356,129275.00272590725,606684.7614932633
STR_033,2024-01-14,360054.0,363124.5683414643,129275.00272590725,492399.5710673716
STR_033,2024-01-15,319615.14,310192.90562048636,129275.00272590725,439467.9083463936
STR_033,2024-01-16,240396.27,295618.7442279092,129275.00272590725,424893.74695381644
STR_033,2024-01-17,228696.47,281873.4770571815,129275.00272590725,411148.4797830887
STR_033,2024-01-18,212762.09,273915.6892174325,129275.00272590725,403190.69194333977
STR_033,2024-01-19,297555.68,329626.033575323,129275.00272590725,458901.03630123026
STR_033,2024-01-20,261769.28,426322.9996287447,129275.00272590725,555598.0023546519
STR_033,2024-01-21,419860.38,409052.5565075826,129275.00272590725,538327.5592334899
STR_033,2024-01-22,271099.26,260361.72744018154,129275.00272590725,389636.7301660888
STR_033,2024-01-23,178290.3,254350.17414573507,129275.00272590725,383625.17687164235
STR_033,2024-01-24,229436.82,251419.72881942242,129275.00272590725,380694.7315453297
STR_033,2024-01-25,260605.88999999998,266962.6497196506,129275.00272590725,396237.6524455579
STR_033,2024-01-26,348719.31,333162.7652785688,129275.00272590725,462437.76800447603
STR_033,2024-01-27,452022.0,438878.3254540321,129275.00272590725,568153.3281799394
STR_033,2024-01-28,388385.92000000004,375406.7927336745,129275.00272590725,504681.7954595818
STR_033,2024-01-29,234084.77,215678.89868922386,129275.00272590725,344953.9014151311
STR_033,2024-01-30,213743.33000000002,210757.4529667028,129275.00272590725,340032.45569261006
STR_033,2024-01-31,238659.97999999998,284107.14597870864,129275.00272590725,413382.1487046159
STR_033,2024-02-01,237316.90999999997,257883.23704666342,129275.00272590725,387158.23977257067
STR_033,2024-02-02,324628.38,328750.0315569041,129275.00272590725,458025.03428281134
STR_033,2024-02-03,342997.34,352481.1709336755,129275.00272590725,481756.17365958274
STR_033,2024-02-04,341067.02,370467.68396199227,129275.00272590725,499742.6866878995
STR_033,2024-02-05,105453.1,145768.58946804714,129275.00272590725,275043.5921939544
STR_033,2024-02-06,287495.44,255635.76738725702,129275.00272590725,384910.77011316427
STR_033,2024-02-07,176395.36,230438.55699922467,129275.00272590725,359713.55972513196
STR_033,2024-02-08,242685.53999999998,249745.45203738133,129275.00272590725,379020.4547632886
STR_033,2024-02-09,333057.72,311380.1698315716,129275.00272590725,440655.1725574788
STR_033,2024-02-10,388942.12,431002.5674925903,129275.00272590725,560277.5702184975
STR_033,2024-02-11,312473.35,333322.1513603864,129275.00272590725,462597.15408629365
STR_033,2024-02-12,212878.19,236464.47328356167,129275.00272590725,365739.4760094689
STR_033,2024-02-13,202138.8,216850.9824561944,129275.00272590725,346125.98518210166
STR_033,2024-02-14,175143.45,280855.1929532462,129275.00272590725,410130.19567915343
STR_033,2024-02-15,390630.55,330257.10175728495,129275.00272590725,459532.1044831922
STR_033,2024-02-16,322031.63,285388.3917236821,129275.00272590725,414663.39444958937
STR_033,2024-02-17,343800.96,419705.93815670774,129275.00272590725,548980.940882615
STR_033,2024-02-18,335037.58999999997,351236.2868375237,129275.00272590725,480511.28956343094
STR_033,2024-02-19,164407.94,228159.30454021852,129275.00272590725,357434.3072661258
STR_033,2024-02-20,276104.92,237306.4520018759,129275.00272590725,366581.45472778316
STR_033,2024-02-21,255607.8,275370.6848249808,129275.00272590725,404645.68755088805
STR_033,2024-02-22,235233.91,248404.20780502397,129275.00272590725,377679.21053093125
STR_033,2024-02-23,397230.02,341170.9649348466,129275.00272590725,470445.9676607539
STR_033,2024-02-24,363625.19999999995,401704.6764771309,129275.00272590725,530979.6792030381
STR_033,2024-02-25,379239.25,327947.37727805553,129275.00272590725,457222.3800039628
STR_033,2024-02-26,249328.71,229573.56043629677,129275.00272590725,358848.563162204
STR_033,2024-02-27,203060.58000000002,224494.28420172393,129275.00272590725,353769.2869276312
STR_033,2024-02-28,242756.63,250557.0233897206,129275.00272590725,379832.02611562784
STR_033,2024-02-29,335057.99,363215.1830693248,129275.00272590725,492490.1857952321
STR_034,2023-12-01,676163.42,612695.5282510509,109310.49616916198,722006.0244202128
STR_034,2023-12-02,869227.32,822980.9746729255,109310.49616916198,932291.4708420875
STR_034,2023-12-03,807396.6599999999,743008.3100063658,109310.49616916198,852318.8061755277
STR_034,2023-12-04,389574.85,431113.69633024785,109310.49616916198,540424.1924994099
STR_034,2023-12-05,493758.83,514553.6987060814,109310.49616916198,623864.1948752434
STR_034,2023-12-06,553361.78,538833.1026650895,109310.49616916198,648143.5988342515
STR_034,2023-12-07,656335.42,612105.5399579591,109310.49616916198,721416.0361271211
STR_034,2023-12-08,703038.2,652993.1862825505,109310.49616916198,762303.6824517124
STR_034,2023-12-09,818499.11,920907.4154404756,109310.49616916198,1030217.9116096376
STR_034,2023-12-10,819457.13,832367.774352812,109310.49616916198,941678.270521974
STR_034,2023-12-11,564997.99,562063.1460365768,109310.49616916198,671373.6422057388
STR_034,2023-12-12,752644.84,667482.7133259668,109310.49616916198,776793.2094951288
STR_034,2023-12-13,498554.7,519885.8429146147,109310.49616916198,629196.3390837767
STR_034,2023-12-14,579210.0,541493.7662834596,109310.49616916198,650804.2624526216
STR_034,2023-12-15,642002.03,865615.8971870879,109310.49616916198,974926.3933562499
STR_034,2023-12-16,913597.52,1007461.9320503034,109310.49616916198,1116772.4282194655
STR_034,2023-12-17,823705.79,711484.1989685268,109310.49616916198,820794.6951376888
STR_034,2023-12-18,555969.25,460384.2654866341,109310.49616916198,569694.7616557961
STR_034,2023-12-19,439607.97000000003,517057.69091380894,109310.49616916198,626368.187082971
STR_034,2023-12-20,448076.41,512204.9932375729,109310.49616916198,621515.4894067349
STR_034,2023-12-21,546946.5800000001,596078.7231635391,109310.49616916198,705389.2193327011
STR_034,2023-12-22,674990.05,715220.5654933695,109310.49616916198,824531.0616625315
STR_034,2023-12-23,943752.73,899967.7295337539,109310.49616916198,1009278.2257029159
STR_034,2023-12-24,2120206.21,1241136.4496592958,109310.49616916198,1350446.9458284578
STR_034,2023-12-25,1159676.45,965371.2543589473,109310.49616916198,1074681.7505281093
STR_034,2023-12-26,489909.59,487378.82366846653,109310.49616916198,596689.3198376285
STR_034,2023-12-27,503310.15,562648.1109692467,109310.49616916198,671958.6071384087
STR_034,2023-12-28,583465.72,629172.1072870619,109310.49616916198,738482.6034562238
STR_034,2023-12-29,632483.47,705547.0719556886,109310.49616916198,814857.5681248506
STR_034,2023-12-30,1013776.88,861579.08190216,109310.49616916198,970889.578071322
STR_034,2023-12-31,1617921.68,1416136.005355853,109310.49616916198,1525446.5015250149
STR_034,2024-01-01,57885.99,174909.31545343073,109310.49616916198,284219.81162259274
STR_034,2024-01-02,250524.91,283798.2091866635,109310.49616916198,393108.7053558255
STR_034,2024-01-03,318774.48,347261.6753940343,109310.49616916198,456572.1715631963
STR_034,2024-01-04,341889.22,321975.8348429656,109310.49616916198,431286.3310121276
STR_034,2024-01-05,343804.94,403996.4278745313,109310.49616916198,513306.9240436933
STR_034,2024-01-06,675236.32,538489.051231752,109310.49616916198,647799.547400914
STR_034,2024-01-07,407096.4,444279.74444626167,109310.49616916198,553590.2406154237
STR_034,2024-01-08,267994.58999999997,292359.8564133945,109310.49616916198,401670.3525825565
STR_034,2024-01-09,371948.29,298315.5421458385,109310.49616916198,407626.0383150005
STR_034,2024-01-10,286403.81,285060.9553128016,109310.49616916198,394371.45148196357
STR_034,2024-01-11,305294.93,333015.9546688541,109310.49616916198,442326.45083801606
STR_034,2024-01-12,401081.81,426749.25933230855,109310.49616916198,536059.7555014705
STR_034,2024-01-13,645442.43,530109.2776035664,109310.49616916198,639419.7737727284
STR_034,2024-01-14,519533.37,509875.83453488577,109310.49616916198,619186.3307040478
STR_034,2024-01-15,360827.27,374773.28898584004,109310.49616916198,484083.785155002
STR_034,2024-01-16,327656.7,329377.80516412633,109310.49616916198,438688.3013332883
STR_034,2024-01-17,302738.36,302237.6611233224,109310.49616916198,411548.15729248436
STR_034,2024-01-18,336549.18,371019.96335010615,109310.49616916198,480330.45951926813
STR_034,2024-01-19,449060.84,426691.0045532409,109310.49616916198,536001.5007224029
STR_034,2024-01-20,531993.5700000001,528544.2224855595,109310.49616916198,637854.7186547215
STR_034,2024-01-21,426996.28,446571.79891127726,109310.49616916198,555882.2950804392
STR_034,2024-01-22,248674.07,263380.1125429451,109310.49616916198,372690.60871210706
STR_034,2024-01-23,199842.49,308416.1748653097,109310.49616916198,417726.67103447166
STR_034,2024-01-24,288585.81,350407.4456775595,109310.49616916198,459717.94184672146
STR_034,2024-01-25,297703.76,302960.5775637131,109310.49616916198,412271.07373287505
STR_034,2024-01-26,389304.75,401281.0155671382,109310.49616916198,510591.5117363002
STR_034,2024-01-27,527498.3,522193.1633536293,109310.49616916198,631503.6595227913
STR_034,2024-01-28,362554.13,470378.46023901715,109310.49616916198,579688.9564081791
STR_034,2024-01-29,318508.58,284013.1599004949,109310.49616916198,393323.6560696569
STR_034,2024-01-30,337879.65,278498.29304278264,109310.49616916198,387808.7892119446
STR_034,2024-01-31,547403.24,461629.14429017704,109310.49616916198,570939.640459339
STR_034,2024-02-01,366639.69,340775.30163567,109310.49616916198,450085.797804832
STR_034,2024-02-02,315194.61,383803.43332716957,109310.49616916198,493113.92949633155
STR_034,2024-02-03,587954.5,535742.7004908205,109310.49616916198,645053.1966599824
STR_034,2024-02-04,412389.79,454701.86011501425,109310.49616916198,564012.3562841762
STR_034,2024-02-05,171531.74,154860.04526169904,109310.49616916198,264170.541430861
STR_034,2024-02-06,273898.7,297249.0599281347,109310.49616916198,406559.5560972967
STR_034,2024-02-07,355349.77,322019.50787091174,109310.49616916198,431330.0040400737
STR_034,2024-02-08,253255.93,314478.32482096617,109310.49616916198,423788.82099012815
STR_034,2024-02-09,457631.0,397339.6472274809,109310.49616916198,506650.1433966429
STR_034,2024-02-10,504376.87,450977.12176427885,109310.49616916198,560287.6179334408
STR_034,2024-02-11,400083.31,484892.65322198026,109310.49616916198,594203.1493911422
STR_034,2024-02-12,260718.16999999998,279743.20754689514,109310.49616916198,389053.7037160571
STR_034,2024-02-13,292946.83,278435.3301981196,109310.49616916198,387745.8263672816
STR_034,2024-02-14,310128.98,302185.3903343111,109310.49616916198,411495.8865034731
STR_034,2024-02-15,434518.82,469822.69640075875,109310.49616916198,579133.1925699208
STR_034,2024-02-16,438511.87,433830.6106833424,109310.49616916198,543141.1068525044
STR_034,2024-02-17,600214.63,539136.3101707994,109310.49616916198,648446.8063399614
STR_034,2024-02-18,411330.39999999997,433609.1650920992,109310.49616916198,542919.6612612612
STR_034,2024-02-19,249376.87,263732.8095171678,109310.49616916198,373043.3056863298
STR_034,2024-02-20,235736.11,332154.0546174469,109310.49616916198,441464.5507866089
STR_034,2024-02-21,265097.03,268408.0020525833,109310.49616916198,377718.4982217453
STR_034,2024-02-22,392101.97,318717.47455616994,109310.49616916198,428027.9707253319
STR_034,2024-02-23,449322.63,466761.64112499,109310.49616916198,576072.137294152
STR_034,2024-02-24,594205.96,526258.8633196637,109310.49616916198,635569.3594888257
STR_034,2024-02-25,459999.39,471734.0163446707,109310.49616916198,581044.5125138327
STR_034,2024-02-26,287308.82,270921.03514588054,109310.49616916198,380231.5313150425
STR_034,2024-02-27,367692.36,302173.6627302052,109310.49616916198,411484.1588993672
STR_034,2024-02-28,302665.71,322497.0247525389,109310.49616916198,431807.52092170087
STR_034,2024-02-29,457316.95,436963.05203497637,109310.49616916198,546273.5482041384
STR_035,2023-12-01,755166.3200000001,781989.8148588313,164060.7563694879,946050.5712283193
STR_035,2023-12-02,1072370.65,1142509.385072854,164060.7563694879,1306570.141442342
STR_035,2023-12-03,1055579.28,1101914.5613724235,164060.7563694879,1265975.3177419114
STR_035,2023-12-04,602598.1599999999,585850.405466517,164060.7563694879,749911.1618360048
STR_035,2023-12-05,565681.58,637245.8056575303,164060.7563694879,801306.5620270183
STR_035,2023-12-06,569571.26,645782.180127139,164060.7563694879,809842.9364966268
STR_035,2023-12-07,839519.37,678486.0160011915,164060.7563694879,842546.7723706793
STR_035,2023-12-08,363386.82,865078.9676925204,164060.7563694879,1029139.7240620083
STR_035,2023-12-09,1178429.28,1186034.6769154237,164060.7563694879,1350095.4332849116
STR_035,2023-12-10,577676.3300000001,984292.49382077,164060.7563694879,1148353.2501902578
STR_035,2023-12-11,515567.94,545718.0362620517,164060.7563694879,709778.7926315395
STR_035,2023-12-12,993253.9500000001,802161.6989459601,164060.7563694879,966222.4553154481
STR_035,2023-12-13,648456.39,646227.5266215478,164060.7563694879,810288.2829910356
STR_035,2023-12-14,624718.6,703939.008773899,164060.7563694879,867999.765143387
STR_035,2023-12-15,1234848.96,1003895.0569866487,164060.7563694879,1167955.8133561367
STR_035,2023-12-16,1114375.97,1109003.8742019108,164060.7563694879,1273064.6305713987
STR_035,2023-12-17,1082243.95,955863.0928678582,164060.7563694879,1119923.849237346
STR_035,2023-12-18,621118.17,632475.683224506,164060.7563694879,796536.4395939938
STR_035,2023-12-19,214425.57,552122.7271911113,164060.7563694879,716183.4835605992
STR_035,2023-12-20,821058.55,662347.4502237118,164060.7563694879,826408.2065931996
STR_035,2023-12-21,732289.78,682162.1206111263,164060.7563694879,846222.8769806141
STR_035,2023-12-22,898473.49,758279.4413278508,164060.7563694879,922340.1976973386
STR_035,2023-12-23,1142343.25,1083305.8185220002,164060.7563694879,1247366.574891488
STR_035,2023-12-24,2263732.22,1360245.1072526881,164060.7563694879,1524305.863622176
STR_035,2023-12-25,1542280.9,1190035.9328302871,164060.7563694879,1354096.689199775
STR_035,2023-12-26,496852.30000000005,544123.8285171705,164060.7563694879,708184.5848866585
STR_035,2023-12-27,653847.41,704985.0289551393,164060.7563694879,869045.7853246273
STR_035,2023-12-28,762328.63,738300.1194622385,164060.7563694879,902360.8758317265
STR_035,2023-12-29,816514.99,826907.9994749071,164060.7563694879,990968.7558443949
STR_035,2023-12-30,1013077.6,1177558.6000602725,164060.7563694879,1341619.3564297603
STR_035,2023-12-31,1233505.6099999999,1529532.8438280777,164060.7563694879,1693593.6001975655
STR_035,2024-01-01,137674.1,199872.03495491637,164060.7563694879,363932.7913244043
STR_035,2024-01-02,363309.89,418066.13850917236,164060.7563694879,582126.8948786603
STR_035,2024-01-03,406375.98,434754.1300947566,164060.7563694879,598814.8864642445
STR_035,2024-01-04,334680.4,402004.73827213515,164060.7563694879,566065.494641623
STR_035,2024-01-05,533643.01,579874.6624593528,164060.7563694879,743935.4188288406
STR_035,2024-01-06,739001.1,716467.1544971805,164060.7563694879,880527.9108666684
STR_035,2024-01-07,450300.24,590415.8532848865,164060.7563694879,754476.6096543744
STR_035,2024-01-08,316387.19,329362.8697521804,164060.7563694879,493423.6261216683
STR_035,2024-01-09,294555.55,372252.36868232617,164060.7563694879,536313.1250518141
STR_035,2024-01-10,339445.04000000004,405616.08216421877,164060.7563694879,569676.8385337067
STR_035,2024-01-11,363048.9,417651.5284165226,164060.7563694879,581712.2847860105
STR_035,2024-01-12,467699.2,526197.8801047653,164060.7563694879,690258.6364742531
STR_035,2024-01-13,700701.64,684555.8885440413,164060.7563694879,848616.6449135293
STR_035,2024-01-14,574552.24,603023.7491301738,164060.7563694879,767084.5054996617
STR_035,2024-01-15,393314.58999999997,460784.7849022403,164060.7563694879,624845.5412717282
STR_035,2024-01-16,357593.04,417133.8784354652,164060.7563694879,581194.6348049531
STR_035,2024-01-17,401048.69,369713.62046159495,164060.7563694879,533774.3768310829
STR_035,2024-01-18,448264.4,427258.2090072992,164060.7563694879,591318.9653767871
STR_035,2024-01-19,630934.87,525581.688210068,164060.7563694879,689642.4445795559
STR_035,2024-01-20,593498.1,592995.3714832334,164060.7563694879,757056.1278527214
STR_035,2024-01-21,581852.6900000001,656439.3010183856,164060.7563694879,820500.0573878735
STR_035,2024-01-22,324003.97,319988.60073209193,164060.7563694879,484049.35710157984
STR_035,2024-01-23,339420.47,386112.9911739836,164060.7563694879,550173.7475434715
STR_035,2024-01-24,413981.77,384646.41258868977,164060.7563694879,548707.1689581777
STR_035,2024-01-25,500542.45999999996,422282.62787566765,164060.7563694879,586343.3842451556
STR_035,2024-01-26,601344.36,589614.7363499934,164060.7563694879,753675.4927194812
STR_035,2024-01-27,620001.17,623028.0736059663,164060.7563694879,787088.8299754541
STR_035,2024-01-28,558720.65,536175.7442717983,164060.7563694879,700236.5006412861
STR_035,2024-01-29,386146.67,363271.23072887614,164060.7563694879,527331.987098364
STR_035,2024-01-30,366848.99,388525.54546954896,164060.7563694879,552586.3018390369
STR_035,2024-01-31,523100.44,545303.5967940523,164060.7563694879,709364.3531635401
STR_035,2024-02-01,414285.23000000004,413086.5015772842,164060.7563694879,577147.257946772
STR_035,2024-02-02,554508.41,495657.33175167965,164060.7563694879,659718.0881211676
STR_035,2024-02-03,764941.15,640485.0329406497,164060.7563694879,804545.7893101375
STR_035,2024-02-04,518045.95999999996,634159.7203530098,164060.7563694879,798220.4767224977
STR_035,2024-02-05,231108.28999999998,230860.47351354614,164060.7563694879,394921.229883034
STR_035,2024-02-06,399115.18,352961.97577575565,164060.7563694879,517022.73214524356
STR_035,2024-02-07,319344.03,342168.9301104691,164060.7563694879,506229.686479957
STR_035,2024-02-08,395137.68,379839.88347310113,164060.7563694879,543900.639842589
STR_035,2024-02-09,459743.76,536269.3843470452,164060.7563694879,700330.1407165332
STR_035,2024-02-10,501127.54000000004,657631.5627007027,164060.7563694879,821692.3190701907
STR_035,2024-02-11,635903.6,554465.0603106612,164060.7563694879,718525.8166801492
STR_035,2024-02-12,338293.88,350823.88155607757,164060.7563694879,514884.6379255655
STR_035,2024-02-13,352126.22,376194.31698535767,164060.7563694879,540255.0733548456
STR_035,2024-02-14,351219.14,367408.2192192907,164060.7563694879,531468.9755887786
STR_035,2024-02-15,506569.27,476124.9530028355,164060.7563694879,640185.7093723235
STR_035,2024-02-16,536685.91,478467.36469551193,164060.7563694879,642528.1210649998
STR_035,2024-02-17,615484.6,546176.3760528612,164060.7563694879,710237.1324223492
STR_035,2024-02-18,538489.6,541121.9847290216,164060.7563694879,705182.7410985094
STR_035,2024-02-19,276739.99,384694.76863813575,164060.7563694879,548755.5250076237
STR_035,2024-02-20,421283.25,386095.8538310206,164060.7563694879,550156.6102005085
STR_035,2024-02-21,444881.5,405903.7285238324,164060.7563694879,569964.4848933204
STR_035,2024-02-22,372600.09,341277.76879727456,164060.7563694879,505338.52516676247
STR_035,2024-02-23,537059.22,508731.2326835096,164060.7563694879,672791.9890529974
STR_035,2024-02-24,773217.04,645713.2913580838,164060.7563694879,809774.0477275718
STR_035,2024-02-25,617949.53,561340.6395009535,164060.7563694879,725401.3958704413
STR_035,2024-02-26,377783.51,365224.0611811326,164060.7563694879,529284.8175506205
STR_035,2024-02-27,387040.3,350938.80318084214,164060.7563694879,514999.55955033004
STR_035,2024-02-28,358236.08999999997,396635.2890423864,164060.7563694879,560696.0454118743
STR_035,2024-02-29,543249.06,531486.8505814649,164060.7563694879,695547.6069509529
STR_036,2023-12-01,397557.91000000003,457506.70194525394,101932.3821394326,559439.0840846866
STR_036,2023-12-02,619898.6,584735.8264487919,101932.3821394326,686668.2085882245
STR_036,2023-12-03,590276.38,563479.2463280729,101932.3821394326,665411.6284675054
STR_036,2023-12-04,299356.52,333823.77734129253,101932.3821394326,435756.1594807251
STR_036,2023-12-05,339272.54000000004,333538.8118642774,101932.3821394326,435471.19400371
STR_036,2023-12-06,369139.29,369214.7202698998,101932.3821394326,471147.1024093324
STR_036,2023-12-07,275211.12,330754.1844816804,101932.3821394326,432686.566621113
STR_036,2023-12-08,474563.36,413629.18101066037,101932.3821394326,515561.56315009296
STR_036,2023-12-09,593029.01,634169.047807466,101932.3821394326,736101.4299468986
STR_036,2023-12-10,492542.5,499858.37134673435,101932.3821394326,601790.7534861669
STR_036,2023-12-11,321249.29,284567.0054512627,101932.3821394326,386499.3875906953
STR_036,2023-12-12,467477.53,414451.7952994627,101932.3821394326,516384.1774388953
STR_036,2023-12-13,318838.08999999997,392228.45790449716,101932.3821394326,494160.84004392975
STR_036,2023-12-14,363424.33,327099.11917612253,101932.3821394326,429031.5013155551
STR_036,2023-12-15,541735.04,543212.4514591971,101932.3821394326,645144.8335986297
STR_036,2023-12-16,554621.4299999999,600929.1738360871,101932.3821394326,702861.5559755197
STR_036,2023-12-17,380430.23,507293.73030765046,101932.3821394326,609226.112447083
STR_036,2023-12-18,311394.98,283657.5916505255,101932.3821394326,385589.9737899581
STR_036,2023-12-19,351988.88,310041.63107585104,101932.3821394326,411974.01321528363
STR_036,2023-12-20,359942.53,378851.5589698045,101932.3821394326,480783.9411092371
STR_036,2023-12-21,368189.28,373133.19827443635,101932.3821394326,475065.58041386894
STR_036,2023-12-22,501946.98,469116.1918792416,101932.3821394326,571048.5740186742
STR_036,2023-12-23,670051.09,541206.1683867277,101932.3821394326,643138.5505261603
STR_036,2023-12-24,1373746.28,896708.3179384521,101932.3821394326,998640.7000778847
STR_036,2023-12-25,409837.99,657644.6527114143,101932.3821394326,759577.0348508469
STR_036,2023-12-26,214976.51,323039.0908246219,101932.3821394326,424971.4729640545
STR_036,2023-12-27,413660.54000000004,394559.62770924525,101932.3821394326,496492.00984867784
STR_036,2023-12-28,329388.22,370763.68067657546,101932.3821394326,472696.06281600805
STR_036,2023-12-29,502108.07,521296.4211836059,101932.3821394326,623228.8033230385
STR_036,2023-12-30,696921.01,631432.4499498049,101932.3821394326,733364.8320892375
STR_036,2023-12-31,1220148.78,1114658.235000081,101932.3821394326,1216590.6171395136
STR_036,2024-01-01,75832.65,136784.2443463624,101932.3821394326,238716.626485795
STR_036,2024-01-02,211220.03,247834.9306493054,101932.3821394326,349767.312788738
STR_036,2024-01-03,167387.35,250578.75614761992,101932.3821394326,352511.1382870525
STR_036,2024-01-04,215588.59,274490.5677055532,101932.3821394326,376422.9498449858
STR_036,2024-01-05,298991.34,323917.65680512326,101932.3821394326,425850.03894455585
STR_036,2024-01-06,215580.35,405777.4274856185,101932.3821394326,507709.8096250511
STR_036,2024-01-07,294293.39,324214.72934362304,101932.3821394326,426147.11148305563
STR_036,2024-01-08,160470.69,226625.8731100192,101932.3821394326,328558.2552494518
STR_036,2024-01-09,128945.61,241459.79949416433,101932.3821394326,343392.1816335969
STR_036,2024-01-10,223073.82,232903.49472718843,101932.3821394326,334835.876866621
STR_036,2024-01-11,204501.43,222147.10070960168,101932.3821394326,324079.48284903425
STR_036,2024-01-12,281080.94,302471.52887738525,101932.3821394326,404403.91101681784
STR_036,2024-01-13,321544.95,427325.5319174542,101932.3821394326,529257.9140568868
STR_036,2024-01-14,391010.67000000004,343061.66546207026,101932.3821394326,444994.04760150285
STR_036,2024-01-15,258505.72,282004.2077437132,101932.3821394326,383936.5898831458
STR_036,2024-01-16,215509.89,222093.9998477849,101932.3821394326,324026.38198721746
STR_036,2024-01-17,199961.07,245955.0899452945,101932.3821394326,347887.4720847271
STR_036,2024-01-18,196528.56,225678.0357650792,101932.3821394326,327610.4179045118
STR_036,2024-01-19,268171.08999999997,281989.6709816055,101932.3821394326,383922.0531210381
STR_036,2024-01-20,383654.12,335127.89387867396,101932.3821394326,437060.27601810655
STR_036,2024-01-21,248524.15,282580.456723407,101932.3821394326,384512.8388628396
STR_036,2024-01-22,181035.98,197874.3378851007,101932.3821394326,299806.7200245333
STR_036,2024-01-23,236593.41999999998,218567.24589962544,101932.3821394326,320499.62803905807
STR_036,2024-01-24,247424.0,206674.18455117222,101932.3821394326,308606.5666906048
STR_036,2024-01-25,213557.22,236780.70146052275,101932.3821394326,338713.0835999553
STR_036,2024-01-26,208664.09,252957.5131576412,101932.3821394326,354889.89529707376
STR_036,2024-01-27,126824.18,307548.76815496106,101932.3821394326,409481.15029439365
STR_036,2024-01-28,325541.08,306753.455438337,101932.3821394326,408685.8375777696
STR_036,2024-01-29,196903.1,185683.85581737856,101932.3821394326,287616.23795681115
STR_036,2024-01-30,213879.45,194308.3946345352,101932.3821394326,296240.7767739678
STR_036,2024-01-31,241196.96,233562.36541859354,101932.3821394326,335494.7475580261
STR_036,2024-02-01,170300.48,228076.37229879352,101932.3821394326,330008.7544382261
STR_036,2024-02-02,286887.5,282891.73285002884,101932.3821394326,384824.11498946144
STR_036,2024-02-03,368821.52,349267.107607172,101932.3821394326,451199.4897466046
STR_036,2024-02-04,265129.03,282659.55690675345,101932.3821394326,384591.93904618605
STR_036,2024-02-05,98432.6,111973.47107213845,101932.3821394326,213905.85321157105
STR_036,2024-02-06,180444.38999999998,176307.96297895568,101932.3821394326,278240.3451183883
STR_036,2024-02-07,199624.41999999998,229390.65968635166,101932.3821394326,331323.04182578425
STR_036,2024-02-08,189770.97,191531.69595230007,101932.3821394326,293464.0780917327
STR_036,2024-02-09,299445.04,263461.2665985412,101932.3821394326,365393.64873797377
STR_036,2024-02-10,191710.99,347845.98156803934,101932.3821394326,449778.36370747193
STR_036,2024-02-11,304144.24,310552.92988633306,101932.3821394326,412485.31202576566
STR_036,2024-02-12,112323.27,178755.18869506655,101932.3821394326,280687.57083449914
STR_036,2024-02-13,160834.2,214379.19402824767,101932.3821394326,316311.57616768026
STR_036,2024-02-14,142234.88,190446.78641032332,101932.3821394326,292379.16854975594
STR_036,2024-02-15,268767.7,254561.60229804053,101932.3821394326,356493.9844374731
STR_036,2024-02-16,291060.42000000004,264159.5771232518,101932.3821394326,366091.9592626844
STR_036,2024-02-17,292047.32,345359.1302405557,101932.3821394326,447291.5123799883
STR_036,2024-02-18,337686.41000000003,330921.8959849962,101932.3821394326,432854.2781244288
STR_036,2024-02-19,163146.8,167753.53644598322,101932.3821394326,269685.9185854158
STR_036,2024-02-20,178977.47,195169.39917877765,101932.3821394326,297101.78131821024
STR_036,2024-02-21,204962.37,198771.1783678506,101932.3821394326,300703.5605072832
STR_036,2024-02-22,215168.88,217301.90083895944,101932.3821394326,319234.28297839203
STR_036,2024-02-23,269397.05,257844.08037537686,101932.3821394326,359776.46251480945
STR_036,2024-02-24,269824.36,335777.9877868255,101932.3821394326,437710.3699262581
STR_036,2024-02-25,280891.08,300063.3615683055,101932.3821394326,401995.7437077381
STR_036,2024-02-26,210120.26,203958.94699299562,101932.3821394326,305891.3291324282
STR_036,2024-02-27,149811.01,206182.3706161333,101932.3821394326,308114.7527555659
STR_036,2024-02-28,208658.19,210685.1211680915,101932.3821394326,312617.5033075241
STR_036,2024-02-29,277568.77999999997,283920.8581220066,101932.3821394326,385853.2402614392
STR_037,2023-12-01,401819.63,338196.300370909,93554.04946508716,431750.34983599617
STR_037,2023-12-02,473887.95999999996,440897.6636266972,93554.04946508716,534451.7130917844
STR_037,2023-12-03,494671.82999999996,448003.4100114242,93554.04946508716,541557.4594765113
STR_037,2023-12-04,232807.84,283990.371594154,93554.04946508716,377544.42105924117
STR_037,2023-12-05,225217.53,270116.65299980354,93554.04946508716,363670.70246489067
STR_037,2023-12-06,258934.71999999997,285104.09053469,93554.04946508716,378658.1399997772
STR_037,2023-12-07,305302.92,309609.8413406041,93554.04946508716,403163.89080569125
STR_037,2023-12-08,418168.39,384043.28378496296,93554.04946508716,477597.3332500501
STR_037,2023-12-09,571590.74,563839.4211895877,93554.04946508716,657393.4706546748
STR_037,2023-12-10,383699.95,404380.03634869284,93554.04946508716,497934.08581377997
STR_037,2023-12-11,197397.82,269922.44355030067,93554.04946508716,363476.4930153878
STR_037,2023-12-12,373557.17,347439.0625712066,93554.04946508716,440993.1120362937
STR_037,2023-12-13,244186.53,285991.9047162163,93554.04946508716,379545.9541813035
STR_037,2023-12-14,315897.38,326275.2398259714,93554.04946508716,419829.28929105855
STR_037,2023-12-15,528970.02,512285.1772833101,93554.04946508716,605839.2267483972
STR_037,2023-12-16,372142.37,510248.3425650336,93554.04946508716,603802.3920301207
STR_037,2023-12-17,381290.93,494002.9471507513,93554.04946508716,587556.9966158385
STR_037,2023-12-18,254305.39,257066.9575233607,93554.04946508716,350621.00698844786
STR_037,2023-12-19,281773.09,251602.08515605185,93554.04946508716,345156.13462113903
STR_037,2023-12-20,265928.01,295352.8763050217,93554.04946508716,388906.9257701088
STR_037,2023-12-21,270705.77999999997,322711.86455718975,93554.04946508716,416265.9140222769
STR_037,2023-12-22,440438.28,411253.53890089924,93554.04946508716,504807.58836598636
STR_037,2023-12-23,539152.04,497499.00508019904,93554.04946508716,591053.0545452862
STR_037,2023-12-24,1171380.31,886170.195526934,93554.04946508716,979724.2449920211
STR_037,2023-12-25,675926.49,591609.0221652766,93554.04946508716,685163.0716303637
STR_037,2023-12-26,287537.33,282064.4632585731,93554.04946508716,375618.5127236602
STR_037,2023-12-27,311736.01,287509.384529341,93554.04946508716,381063.43399442814
STR_037,2023-12-28,333730.94,302853.49686369,93554.04946508716,396407.5463287771
STR_037,2023-12-29,402619.85,399546.6506273667,93554.04946508716,493100.70009245386
STR_037,2023-12-30,243526.09,496089.90059953835,93554.04946508716,589643.9500646255
STR_037,2023-12-31,1048003.82,906528.0390815815,93554.04946508716,1000082.0885466686
STR_037,2024-01-01,55303.76,116040.87309218173,93554.04946508716,209594.92255726887
STR_037,2024-01-02,157001.44,198563.67200778055,93554.04946508716,292117.7214728677
STR_037,2024-01-03,129870.38,190400.84281626338,93554.04946508716,283954.89228135056
STR_037,2024-01-04,177124.31,200999.4264589373,93554.04946508716,294553.4759240245
STR_037,2024-01-05,239551.41999999998,273636.64551784366,93554.04946508716,367190.6949829308
STR_037,2024-01-06,291558.56,315296.0376456406,93554.04946508716,408850.0871107278
STR_037,2024-01-07,253279.68,272716.04311203974,93554.04946508716,366270.0925771269
STR_037,2024-01-08,116062.33,178011.27131037158,93554.04946508716,271565.3207754587
STR_037,2024-01-09,169058.21,201645.18080448278,93554.04946508716,295199.2302695699
STR_037,2024-01-10,138713.01,195597.9260449733,93554.04946508716,289151.97551006044
STR_037,2024-01-11,184200.85,212336.92831186292,93554.04946508716,305890.9777769501
STR_037,2024-01-12,184304.51,244603.2829968052,93554.04946508716,338157.3324618924
STR_037,2024-01-13,299365.46,287445.9139028835,93554.04946508716,380999.96336797066
STR_037,2024-01-14,278224.54,291388.21118787536,93554.04946508716,384942.2606529625
STR_037,2024-01-15,174307.69,219584.10344695006,93554.04946508716,313138.1529120372
STR_037,2024-01-16,179574.55,184480.64927760928,93554.04946508716,278034.69874269643
STR_037,2024-01-17,105303.73999999999,178760.17514749712,93554.04946508716,272314.2246125843
STR_037,2024-01-18,176754.39,215462.1719945927,93554.04946508716,309016.2214596799
STR_037,2024-01-19,215667.97999999998,233044.3174071677,93554.04946508716,326598.3668722549
STR_037,2024-01-20,228223.90000000002,295563.7255882125,93554.04946508716,389117.7750532996
STR_037,2024-01-21,284172.89,269694.654577711,93554.04946508716,363248.70404279814
STR_037,2024-01-22,138905.86,165841.88907455522,93554.04946508716,259395.93853964237
STR_037,2024-01-23,132930.95,170938.71473573297,93554.04946508716,264492.7642008201
STR_037,2024-01-24,146372.43,193876.2438208925,93554.04946508716,287430.29328597966
STR_037,2024-01-25,188713.15,186192.85940504714,93554.04946508716,279746.90887013427
STR_037,2024-01-26,174578.32,221552.55010134945,93554.04946508716,315106.5995664366
STR_037,2024-01-27,346401.3,318739.8966413853,93554.04946508716,412293.9461064724
STR_037,2024-01-28,282281.43,272993.8472701704,93554.04946508716,366547.8967352576
STR_037,2024-01-29,163581.16999999998,177567.66018991807,93554.04946508716,271121.70965500525
STR_037,2024-01-30,171310.08000000002,155461.81085845872,93554.04946508716,249015.86032354587
STR_037,2024-01-31,221107.97,211605.83357752912,93554.04946508716,305159.8830426163
STR_037,2024-02-01,169095.05,174947.04073586993,93554.04946508716,268501.0902009571
STR_037,2024-02-02,228547.33000000002,218111.80175288074,93554.04946508716,311665.8512179679
STR_037,2024-02-03,299450.45,310965.2806922311,93554.04946508716,404519.33015731827
STR_037,2024-02-04,264467.89,268855.5690265951,93554.04946508716,362409.6184916822
STR_037,2024-02-05,92147.08,96984.36077393852,93554.04946508716,190538.41023902566
STR_037,2024-02-06,200871.64,181450.8432276052,93554.04946508716,275004.89269269235
STR_037,2024-02-07,181688.74,172916.86499987554,93554.04946508716,266470.91446496267
STR_037,2024-02-08,209226.8,183862.43714610493,93554.04946508716,277416.4866111921
STR_037,2024-02-09,222350.21,228798.84453386485,93554.04946508716,322352.893998952
STR_037,2024-02-10,295367.63,287162.34133602644,93554.04946508716,380716.39080111356
STR_037,2024-02-11,263263.17,262838.79173984024,93554.04946508716,356392.8412049274
STR_037,2024-02-12,113702.97,158348.2166255471,93554.04946508716,251902.26609063425
STR_037,2024-02-13,166095.14,172605.7386246335,93554.04946508716,266159.78808972065
STR_037,2024-02-14,163219.12,172472.8083847352,93554.04946508716,266026.8578498224
STR_037,2024-02-15,299104.5,275690.3343173207,93554.04946508716,369244.38378240785
STR_037,2024-02-16,252354.62,236525.3764505805,93554.04946508716,330079.42591566767
STR_037,2024-02-17,347536.30000000005,299116.60335481976,93554.04946508716,392670.65281990694
STR_037,2024-02-18,279232.47,260648.42758844147,93554.04946508716,354202.47705352865
STR_037,2024-02-19,147963.15,147384.63809910676,93554.04946508716,240938.6875641939
STR_037,2024-02-20,160909.53,173431.45398605723,93554.04946508716,266985.5034511444
STR_037,2024-02-21,157577.57,170873.8706793453,93554.04946508716,264427.92014443246
STR_037,2024-02-22,200599.59999999998,180422.9008765317,93554.04946508716,273976.95034161885
STR_037,2024-02-23,236037.02000000002,235503.9989625113,93554.04946508716,329058.04842759843
STR_037,2024-02-24,250128.99,272061.5673425787,93554.04946508716,365615.6168076659
STR_037,2024-02-25,171517.54,263675.02814936114,93554.04946508716,357229.07761444827
STR_037,2024-02-26,93036.76000000001,170689.56006120244,93554.04946508716,264243.6095262896
STR_037,2024-02-27,156580.07,171517.78078354412,93554.04946508716,265071.8302486313
STR_037,2024-02-28,156425.51,186356.77277865738,93554.04946508716,279910.8222437445
STR_037,2024-02-29,194033.49,238162.22426462814,93554.04946508716,331716.27372971526
STR_038,2023-12-01,471520.15,435304.4605040691,69561.59657931124,504866.05708338035
STR_038,2023-12-02,573479.57,531335.0563520418,69561.59657931124,600896.6529313531
STR_038,2023-12-03,453005.29000000004,443595.85707260855,69561.59657931124,513157.4536519198
STR_038,2023-12-04,310645.79000000004,296351.4938791095,69561.59657931124,365913.09045842075
STR_038,2023-12-05,298636.33,295466.02570729685,69561.59657931124,365027.6222866081
STR_038,2023-12-06,337365.88,339354.2940225007,69561.59657931124,408915.89060181193
STR_038,2023-12-07,364837.99,352210.77670031507,69561.59657931124,421772.3732796263
STR_038,2023-12-08,466493.62,410428.01854298805,69561.59657931124,479989.6151222993
STR_038,2023-12-09,606389.79,529486.8606555694,69561.59657931124,599048.4572348807
STR_038,2023-12-10,379227.71,433369.9066411282,69561.59657931124,502931.5032204394
STR_038,2023-12-11,314262.61,291418.51823898655,69561.59657931124,360980.1148182978
STR_038,2023-12-12,437789.88,381930.6880643229,69561.59657931124,451492.28464363416
STR_038,2023-12-13,290079.72000000003,288558.5710335805,69561.59657931124,358120.16761289176
STR_038,2023-12-14,373673.38,329072.1242460055,69561.59657931124,398633.72082531673
STR_038,2023-12-15,532647.08,549575.1009417358,69561.59657931124,619136.697521047
STR_038,2023-12-16,524494.08,596447.5195489642,69561.59657931124,666009.1161282754
STR_038,2023-12-17,446969.48,423777.15040789323,69561.59657931124,493338.7469872045
STR_038,2023-12-18,272266.14,269352.47275863064,69561.59657931124,338914.0693379419
STR_038,2023-12-19,283046.99,284874.8604608611,69561.59657931124,354436.45704017236
STR_038,2023-12-20,264403.94,285622.36084971053,69561.59657931124,355183.9574290218
STR_038,2023-12-21,300439.98,310157.2337178764,69561.59657931124,379718.83029718767
STR_038,2023-12-22,350580.08,392485.83379347733,69561.59657931124,462047.43037278857
STR_038,2023-12-23,560166.47,468695.15841044515,69561.59657931124,538256.7549897564
STR_038,2023-12-24,899227.8200000001,898959.3857504019,69561.59657931124,968520.9823297132
STR_038,2023-12-25,592071.29,545779.744701561,69561.59657931124,615341.3412808722
STR_038,2023-12-26,200448.38,285683.4912412323,69561.59657931124,355245.08782054356
STR_038,2023-12-27,301134.51,295720.6438870998,69561.59657931124,365282.24046641105
STR_038,2023-12-28,369634.64,326434.0025686153,69561.59657931124,395995.59914792655
STR_038,2023-12-29,373202.2,375922.20239636686,69561.59657931124,445483.7989756781
STR_038,2023-12-30,518728.81,509405.05137670727,69561.59657931124,578966.6479560186
STR_038,2023-12-31,1027115.77,1020733.2817152055,69561.59657931124,1090294.8782945168
STR_038,2024-01-01,62662.53,126037.61440586686,69561.59657931124,195599.2109851781
STR_038,2024-01-02,159252.16,197803.43744168317,69561.59657931124,267365.03402099444
STR_038,2024-01-03,190684.91999999998,222506.91550420574,69561.59657931124,292068.512083517
STR_038,2024-01-04,164639.97,215555.48130304582,69561.59657931124,285117.07788235706
STR_038,2024-01-05,242236.25,268440.2754998469,69561.59657931124,338001.87207915814
STR_038,2024-01-06,213146.4,346688.56322200096,69561.59657931124,416250.1598013122
STR_038,2024-01-07,257213.85,277557.1890631638,69561.59657931124,347118.78564247506
STR_038,2024-01-08,106397.02,187369.20494306163,69561.59657931124,256930.80152237287
STR_038,2024-01-09,168857.95,189456.86821275565,69561.59657931124,259018.4647920669
STR_038,2024-01-10,120554.19,201486.35664960401,69561.59657931124,271047.9532289152
STR_038,2024-01-11,174611.73,209983.79715083053,69561.59657931124,279545.3937301418
STR_038,2024-01-12,231816.33,255385.36852997806,69561.59657931124,324946.9651092893
STR_038,2024-01-13,251058.66999999998,297872.68447192886,69561.59657931124,367434.2810512401
STR_038,2024-01-14,291717.11,282894.05022137234,69561.59657931124,352455.6468006836
STR_038,2024-01-15,209808.12,265026.3719508529,69561.59657931124,334587.96853016416
STR_038,2024-01-16,149826.73,182291.0736513333,69561.59657931124,251852.67023064455
STR_038,2024-01-17,166925.06,200709.2230381222,69561.59657931124,270270.8196174335
STR_038,2024-01-18,190938.24,197153.62409563098,69561.59657931124,266715.22067494225
STR_038,2024-01-19,269866.06,260206.99758194832,69561.59657931124,329768.5941612596
STR_038,2024-01-20,324905.22000000003,306086.23332705296,69561.59657931124,375647.8299063642
STR_038,2024-01-21,236790.14,267666.1720306735,69561.59657931124,337227.7686099847
STR_038,2024-01-22,154263.35,169975.798998055,69561.59657931124,239537.39557736623
STR_038,2024-01-23,142533.68,176119.716269226,69561.59657931124,245681.31284853723
STR_038,2024-01-24,172944.02,188494.9406406447,69561.59657931124,258056.53721995594
STR_038,2024-01-25,194845.14,196825.47430741743,69561.59657931124,266387.0708867287
STR_038,2024-01-26,183325.09,218271.30793401002,69561.59657931124,287832.90451332123
STR_038,2024-01-27,274375.44,302127.2069484982,69561.59657931124,371688.80352780945
STR_038,2024-01-28,282288.34,271193.289560214,69561.59657931124,340754.8861395252
STR_038,2024-01-29,167426.37,158711.0205385154,69561.59657931124,228272.61711782665
STR_038,2024-01-30,135608.58000000002,154955.98361266463,69561.59657931124,224517.58019197587
STR_038,2024-01-31,221495.38,220000.04964451242,69561.59657931124,289561.64622382366
STR_038,2024-02-01,206877.4,184650.36296406254,69561.59657931124,254211.95954337378
STR_038,2024-02-02,256673.31,232147.02072959242,69561.59657931124,301708.61730890366
STR_038,2024-02-03,294264.81,314044.6820378628,69561.59657931124,383606.278617174
STR_038,2024-02-04,297333.13,251715.89586146348,69561.59657931124,321277.4924407747
STR_038,2024-02-05,77067.22,100146.30149006922,69561.59657931124,169707.89806938046
STR_038,2024-02-06,187656.08000000002,171268.9303390496,69561.59657931124,240830.52691836085
STR_038,2024-02-07,137134.79,164636.67742770302,69561.59657931124,234198.27400701426
STR_038,2024-02-08,178362.31,176095.5461395,69561.59657931124,245657.14271881123
STR_038,2024-02-09,265981.31,240915.69919076416,69561.59657931124,310477.2957700754
STR_038,2024-02-10,332259.82,314848.6595239095,69561.59657931124,384410.25610322074
STR_038,2024-02-11,255661.45,244837.75100898204,69561.59657931124,314399.34758829325
STR_038,2024-02-12,165934.1,184903.2208761327,69561.59657931124,254464.81745544393
STR_038,2024-02-13,183240.53,183700.45361718547,69561.59657931124,253262.0501964967
STR_038,2024-02-14,149574.97,183323.958128517,69561.59657931124,252885.55470782824
STR_038,2024-02-15,304976.26,261084.98367259157,69561.59657931124,330646.5802519028
STR_038,2024-02-16,253399.96000000002,260529.4287311983,69561.59657931124,330091.02531050955
STR_038,2024-02-17,322325.99,345072.13150379737,69561.59657931124,414633.7280831086
STR_038,2024-02-18,316801.69,309786.3328629087,69561.59657931124,379347.92944221996
STR_038,2024-02-19,146083.76,147759.71810655587,69561.59657931124,217321.3146858671
STR_038,2024-02-20,151347.53,173394.2502261795,69561.59657931124,242955.84680549073
STR_038,2024-02-21,180542.85,181745.85079300514,69561.59657931124,251307.44737231638
STR_038,2024-02-22,189343.71,193253.68026976593,69561.59657931124,262815.2768490772
STR_038,2024-02-23,214917.27000000002,233013.87647584916,69561.59657931124,302575.4730551604
STR_038,2024-02-24,311964.06,293507.3678661997,69561.59657931124,363068.96444551094
STR_038,2024-02-25,289024.72,277774.0043554154,69561.59657931124,347335.60093472665
STR_038,2024-02-26,170023.21,174394.06557328996,69561.59657931124,243955.6621526012
STR_038,2024-02-27,140206.63,158612.3790565554,69561.59657931124,228173.97563586663
STR_038,2024-02-28,194679.35,199470.96651318457,69561.59657931124,269032.5630924958
STR_038,2024-02-29,264753.71,268216.9778405457,69561.59657931124,337778.57441985694
STR_039,2023-12-01,1041271.78,918819.7895837415,178843.76060691453,1097663.550190656
STR_039,2023-12-02,1404569.25,1278944.491628243,178843.76060691453,1457788.2522351574
STR_039,2023-12-03,938876.51,864484.6285491277,178843.76060691453,1043328.3891560422
STR_039,2023-12-04,703300.8,635857.7404834067,178843.76060691453,814701.5010903212
STR_039,2023-12-05,822636.9199999999,670009.3742904651,178843.76060691453,848853.1348973797
STR_039,2023-12-06,735570.77,624405.8206575873,178843.76060691453,803249.5812645018
STR_039,2023-12-07,752096.1000000001,857437.1224049147,178843.76060691453,1036280.8830118292
STR_039,2023-12-08,960568.01,914375.0164489181,178843.76060691453,1093218.7770558326
STR_039,2023-12-09,1225231.82,1215505.150236712,178843.76060691453,1394348.9108436266
STR_039,2023-12-10,1128102.2,1010813.4425062013,178843.76060691453,1189657.2031131159
STR_039,2023-12-11,379090.9,656556.2138191618,178843.76060691453,835399.9744260763
STR_039,2023-12-12,792669.6799999999,755628.7940278532,178843.76060691453,934472.5546347677
STR_039,2023-12-13,800890.8200000001,742504.3884546466,178843.76060691453,921348.1490615611
STR_039,2023-12-14,746262.64,696214.2556163551,178843.76060691453,875058.0162232696
STR_039,2023-12-15,1135037.35,1331970.7868803395,178843.76060691453,1510814.547487254
STR_039,2023-12-16,1177578.99,1203951.615742392,178843.76060691453,1382795.3763493064
STR_039,2023-12-17,1139755.71,1164199.1507275447,178843.76060691453,1343042.9113344592
STR_039,2023-12-18,405252.01,676189.474555947,178843.76060691453,855033.2351628615
STR_039,2023-12-19,673061.11,683671.8400463564,178843.76060691453,862515.600653271
STR_039,2023-12-20,842974.37,674267.2463838023,178843.76060691453,853111.0069907168
STR_039,2023-12-21,872822.0,673414.5451568555,178843.76060691453,852258.30576377
STR_039,2023-12-22,971037.95,819926.7382930298,178843.76060691453,998770.4988999444
STR_039,2023-12-23,1003061.51,1086823.0721205382,178843.76060691453,1265666.8327274527
STR_039,2023-12-24,2718485.98,1329336.1273024974,178843.76060691453,1508179.887909412
STR_039,2023-12-25,1306126.4100000001,1174262.9649770914,178843.76060691453,1353106.725584006
STR_039,2023-12-26,675828.06,650198.4951195689,178843.76060691453,829042.2557264834
STR_039,2023-12-27,511974.33999999997,589419.9094605608,178843.76060691453,768263.6700674753
STR_039,2023-12-28,583000.13,669460.091007278,178843.76060691453,848303.8516141925
STR_039,2023-12-29,881995.31,834853.6467501544,178843.76060691453,1013697.407357069
STR_039,2023-12-30,835016.26,1274688.4587770794,178843.76060691453,1453532.219383994
STR_039,2023-12-31,3007463.34,1510595.9783890299,178843.76060691453,1689439.7389959444
STR_039,2024-01-01,149541.23,199295.38202868812,178843.76060691453,378139.1426356026
STR_039,2024-01-02,395545.08,413017.6384549981,178843.76060691453,591861.3990619127
STR_039,2024-01-03,360902.45,411220.3758383674,178843.76060691453,590064.1364452819
STR_039,2024-01-04,414100.83,451635.61828140455,178843.76060691453,630479.378888319
STR_039,2024-01-05,488680.85,593830.4979560219,178843.76060691453,772674.2585629364
STR_039,2024-01-06,679218.9400000001,806716.0849172487,178843.76060691453,985559.8455241632
STR_039,2024-01-07,722233.58,778195.1182722937,178843.76060691453,957038.8788792082
STR_039,2024-01-08,326312.66000000003,342733.6270717165,178843.76060691453,521577.387678631
STR_039,2024-01-09,350544.79000000004,418776.9156871628,178843.76060691453,597620.6762940773
STR_039,2024-01-10,414294.0,385175.821045153,178843.76060691453,564019.5816520676
STR_039,2024-01-11,409720.43,426880.3257500618,178843.76060691453,605724.0863569763
STR_039,2024-01-12,602340.8200000001,605185.4347474629,178843.76060691453,784029.1953543774
STR_039,2024-01-13,756057.87,695165.0966221585,178843.76060691453,874008.8572290731
STR_039,2024-01-14,582258.8200000001,610749.8165604734,178843.76060691453,789593.5771673879
STR_039,2024-01-15,427008.44,381657.0230307715,178843.76060691453,560500.783637686
STR_039,2024-01-16,348748.7,372641.7625420643,178843.76060691453,551485.5231489788
STR_039,2024-01-17,350356.36,355490.5710747806,178843.76060691453,534334.3316816951
STR_039,2024-01-18,266331.77999999997,430486.54711308854,178843.76060691453,609330.3077200031
STR_039,2024-01-19,461621.66,625580.5181626584,178843.76060691453,804424.278769573
STR_039,2024-01-20,696436.7,622958.1637912146,178843.76060691453,801801.9243981291
STR_039,2024-01-21,593837.3,617757.3623619189,178843.76060691453,796601.1229688334
STR_039,2024-01-22,310671.65,356294.8839568794,178843.76060691453,535138.6445637939
STR_039,2024-01-23,355830.52,369920.6331010994,178843.76060691453,548764.3937080139
STR_039,2024-01-24,443977.66000000003,430771.6656841666,178843.76060691453,609615.4262910811
STR_039,2024-01-25,446234.47,402520.17224105686,178843.76060691453,581363.9328479713
STR_039,2024-01-26,530955.48,524276.25209436985,178843.76060691453,703120.0127012844
STR_039,2024-01-27,732123.83,685819.9443552825,178843.76060691453,864663.704962197
STR_039,2024-01-28,664995.87,639728.1024537003,178843.76060691453,818571.8630606148
STR_039,2024-01-29,315031.14,324565.86381060164,178843.76060691453,503409.62441751617
STR_039,2024-01-30,391748.62,389766.80543657317,178843.76060691453,568610.5660434877
STR_039,2024-01-31,343362.56999999995,502358.52978222916,178843.76060691453,681202.2903891436
STR_039,2024-02-01,439301.87,407636.5396055782,178843.76060691453,586480.3002124927
STR_039,2024-02-02,437124.99,502818.43382372876,178843.76060691453,681662.1944306432
STR_039,2024-02-03,712024.37,701978.1227897595,178843.76060691453,880821.8833966741
STR_039,2024-02-04,699951.25,653267.824382668,178843.76060691453,832111.5849895825
STR_039,2024-02-05,228286.19,209795.30139999164,178843.76060691453,388639.06200690614
STR_039,2024-02-06,406889.57,371609.00242945045,178843.76060691453,550452.7630363649
STR_039,2024-02-07,393984.85,400099.3357055582,178843.76060691453,578943.0963124727
STR_039,2024-02-08,434267.78,387076.74286887766,178843.76060691453,565920.5034757922
STR_039,2024-02-09,515170.83,505354.4730625746,178843.76060691453,684198.2336694892
STR_039,2024-02-10,632698.72,647093.1109677044,178843.76060691453,825936.871574619
STR_039,2024-02-11,454226.44,619449.9887934184,178843.76060691453,798293.7494003329
STR_039,2024-02-12,396804.28,422498.6398973207,178843.76060691453,601342.4005042352
STR_039,2024-02-13,324813.26,349581.56425730773,178843.76060691453,528425.3248642222
STR_039,2024-02-14,342441.85,372648.8618840136,178843.76060691453,551492.622490928
STR_039,2024-02-15,601335.76,526941.202369022,178843.76060691453,705784.9629759365
STR_039,2024-02-16,577898.41,585999.1929620203,178843.76060691453,764842.9535689348
STR_039,2024-02-17,884709.25,712721.8304202743,178843.76060691453,891565.5910271888
STR_039,2024-02-18,574786.99,578053.5981975441,178843.76060691453,756897.3588044586
STR_039,2024-02-19,286290.54,312553.15800260415,178843.76060691453,491396.9186095187
STR_039,2024-02-20,366968.36,408237.17136340827,178843.76060691453,587080.9319703227
STR_039,2024-02-21,452857.20999999996,408594.70324930054,178843.76060691453,587438.4638562151
STR_039,2024-02-22,346600.38,416867.39613151154,178843.76060691453,595711.1567384261
STR_039,2024-02-23,650454.76,538019.3962420368,178843.76060691453,716863.1568489514
STR_039,2024-02-24,817825.73,744209.6973877541,178843.76060691453,923053.4579946686
STR_039,2024-02-25,724062.1,586754.392516143,178843.76060691453,765598.1531230576
STR_039,2024-02-26,382192.02,374790.8074212022,178843.76060691453,553634.5680281167
STR_039,2024-02-27,449624.92,426422.7960254074,178843.76060691453,605266.5566323219
STR_039,2024-02-28,200457.37,446017.73383503564,178843.76060691453,624861.4944419502
STR_039,2024-02-29,634273.4,532344.2943866996,178843.76060691453,711188.0549936141
STR_040,2023-12-01,700725.83,683935.1580924868,164210.30666774348,848145.4647602303
STR_040,2023-12-02,977641.54,921125.3211016126,164210.30666774348,1085335.6277693561
STR_040,2023-12-03,815183.93,794550.8408576272,164210.30666774348,958761.1475253707
STR_040,2023-12-04,444177.57,445235.2305448688,164210.30666774348,609445.5372126123
STR_040,2023-12-05,581727.73,559630.5080840824,164210.30666774348,723840.8147518259
STR_040,2023-12-06,688706.5700000001,627440.9155976018,164210.30666774348,791651.2222653453
STR_040,2023-12-07,640365.15,603329.893791819,164210.30666774348,767540.2004595625
STR_040,2023-12-08,908616.78,745521.0660985431,164210.30666774348,909731.3727662866
STR_040,2023-12-09,1111907.71,1009000.1790343679,164210.30666774348,1173210.4857021114
STR_040,2023-12-10,882928.34,816695.4252280525,164210.30666774348,980905.731895796
STR_040,2023-12-11,633526.59,556558.2785110824,164210.30666774348,720768.5851788259
STR_040,2023-12-12,921402.46,737189.252855282,164210.30666774348,901399.5595230255
STR_040,2023-12-13,543485.89,651270.3511361236,164210.30666774348,815480.6578038671
STR_040,2023-12-14,504228.18,546300.5623093079,164210.30666774348,710510.8689770513
STR_040,2023-12-15,828742.0800000001,965827.5444759406,164210.30666774348,1130037.8511436842
STR_040,2023-12-16,1004471.39,920276.5279070905,164210.30666774348,1084486.834574834
STR_040,2023-12-17,1046368.27,845861.1634659201,164210.30666774348,1010071.4701336636
STR_040,2023-12-18,557947.57,564031.1397275786,164210.30666774348,728241.4463953221
STR_040,2023-12-19,623703.36,644084.1784777304,164210.30666774348,808294.4851454739
STR_040,2023-12-20,444636.88,551565.8932894578,164210.30666774348,715776.1999572013
STR_040,2023-12-21,565633.37,582415.2109136194,164210.30666774348,746625.5175813629
STR_040,2023-12-22,504548.96,773977.8711262875,164210.30666774348,938188.177794031
STR_040,2023-12-23,916642.83,854190.8126436339,164210.30666774348,1018401.1193113774
STR_040,2023-12-24,2211371.96,1314229.6124298905,164210.30666774348,1478439.919097634
STR_040,2023-12-25,969871.03,980539.1282709303,164210.30666774348,1144749.4349386739
STR_040,2023-12-26,430555.79000000004,591444.064823518,164210.30666774348,755654.3714912615
STR_040,2023-12-27,576279.23,564893.9328832754,164210.30666774348,729104.2395510189
STR_040,2023-12-28,604111.85,605234.7656555144,164210.30666774348,769445.0723232579
STR_040,2023-12-29,847900.87,783428.8091581869,164210.30666774348,947639.1158259304
STR_040,2023-12-30,1103591.79,1069986.489318835,164210.30666774348,1234196.7959865786
STR_040,2023-12-31,2217747.08,1469936.2623228019,164210.30666774348,1634146.5689905453
STR_040,2024-01-01,112033.32,214900.1010073945,164210.30666774348,379110.407675138
STR_040,2024-01-02,381553.9,390049.6847574754,164210.30666774348,554259.9914252189
STR_040,2024-01-03,383130.99,386049.1060333731,164210.30666774348,550259.4127011166
STR_040,2024-01-04,336300.04,387848.77239830815,164210.30666774348,552059.0790660516
STR_040,2024-01-05,547137.0,505714.18950743566,164210.30666774348,669924.4961751791
STR_040,2024-01-06,526400.58,589096.9982453305,164210.30666774348,753307.304913074
STR_040,2024-01-07,603743.85,566964.6654905698,164210.30666774348,731174.9721583133
STR_040,2024-01-08,274330.02,297080.3991898346,164210.30666774348,461290.7058575781
STR_040,2024-01-09,251376.19,371691.3553039099,164210.30666774348,535901.6619716533
STR_040,2024-01-10,313894.07999999996,340347.0050648096,164210.30666774348,504557.31173255306
STR_040,2024-01-11,363341.73,356858.1278977144,164210.30666774348,521068.43456545786
STR_040,2024-01-12,462951.4,482273.43201936316,164210.30666774348,646483.7386871066
STR_040,2024-01-13,391476.8,549987.8137160301,164210.30666774348,714198.1203837736
STR_040,2024-01-14,250045.09999999998,514884.6776089582,164210.30666774348,679094.9842767017
STR_040,2024-01-15,435761.37,380300.2808447551,164210.30666774348,544510.5875124986
STR_040,2024-01-16,339190.25,336636.2365992825,164210.30666774348,500846.54326702596
STR_040,2024-01-17,359193.77999999997,351875.24123031955,164210.30666774348,516085.547898063
STR_040,2024-01-18,320984.36,355220.4056926657,164210.30666774348,519430.7123604092
STR_040,2024-01-19,503298.67,486059.2703590948,164210.30666774348,650269.5770268382
STR_040,2024-01-20,696729.61,634287.8630324937,164210.30666774348,798498.1697002372
STR_040,2024-01-21,273169.88,488370.6200791519,164210.30666774348,652580.9267468953
STR_040,2024-01-22,316853.43,336498.95119764144,164210.30666774348,500709.2578653849
STR_040,2024-01-23,297635.06,313884.43081094866,164210.30666774348,478094.73747869214
STR_040,2024-01-24,329859.91000000003,328890.4543147476,164210.30666774348,493100.7609824911
STR_040,2024-01-25,343445.19,376159.9035668645,164210.30666774348,540370.210234608
STR_040,2024-01-26,509362.28,497144.50593981607,164210.30666774348,661354.8126075596
STR_040,2024-01-27,404892.95,629434.0754205036,164210.30666774348,793644.3820882471
STR_040,2024-01-28,515729.76,493197.1715187902,164210.30666774348,657407.4781865337
STR_040,2024-01-29,318019.08,309781.09925104433,164210.30666774348,473991.4059187878
STR_040,2024-01-30,353497.29,326045.7504936009,164210.30666774348,490256.0571613444
STR_040,2024-01-31,262178.06,376735.8425932546,164210.30666774348,540946.149260998
STR_040,2024-02-01,437830.52999999997,342860.2795875844,164210.30666774348,507070.58625532786
STR_040,2024-02-02,475689.85,465422.72908194945,164210.30666774348,629633.0357496929
STR_040,2024-02-03,602472.42,544088.4872376549,164210.30666774348,708298.7939053983
STR_040,2024-02-04,372829.12,532243.8657993361,164210.30666774348,696454.1724670796
STR_040,2024-02-05,127055.04000000001,187661.54007243415,164210.30666774348,351871.8467401776
STR_040,2024-02-06,342871.86,325338.50371342595,164210.30666774348,489548.81038116943
STR_040,2024-02-07,347703.78,321295.632656114,164210.30666774348,485505.9393238575
STR_040,2024-02-08,366565.93,353498.42712385696,164210.30666774348,517708.73379160045
STR_040,2024-02-09,434979.2,486183.8037950605,164210.30666774348,650394.110462804
STR_040,2024-02-10,646249.39,628083.442658427,164210.30666774348,792293.7493261705
STR_040,2024-02-11,495856.37,502059.2930760705,164210.30666774348,666269.599743814
STR_040,2024-02-12,305559.8,294533.2514617871,164210.30666774348,458743.5581295306
STR_040,2024-02-13,377361.37,347217.9664906382,164210.30666774348,511428.2731583817
STR_040,2024-02-14,321866.83999999997,326724.6372292777,164210.30666774348,490934.9438970212
STR_040,2024-02-15,415674.6,519534.01321400155,164210.30666774348,683744.319881745
STR_040,2024-02-16,340158.7,380912.3566396593,164210.30666774348,545122.6633074027
STR_040,2024-02-17,476704.18,619953.8209509986,164210.30666774348,784164.1276187421
STR_040,2024-02-18,593122.75,479602.375787483,164210.30666774348,643812.6824552265
STR_040,2024-02-19,310395.77,316824.69241974945,164210.30666774348,481034.99908749294
STR_040,2024-02-20,358799.27,352356.79537936125,164210.30666774348,516567.10204710474
STR_040,2024-02-21,357902.99,348376.8050224104,164210.30666774348,512587.1116901539
STR_040,2024-02-22,326523.0,332987.12807539187,164210.30666774348,497197.43474313535
STR_040,2024-02-23,504932.63,429256.85920989217,164210.30666774348,593467.1658776356
STR_040,2024-02-24,466835.79000000004,592319.4601712722,164210.30666774348,756529.7668390156
STR_040,2024-02-25,541679.63,504404.81679089286,164210.30666774348,668615.1234586363
STR_040,2024-02-26,294352.28,296627.44471031544,164210.30666774348,460837.7513780589
STR_040,2024-02-27,334649.58999999997,334711.47989768116,164210.30666774348,498921.78656542464
STR_040,2024-02-28,351154.09,334401.6019022175,164210.30666774348,498611.908569961
STR_040,2024-02-29,331185.94,467101.33625473484,164210.30666774348,631311.6429224783
STR_041,2023-12-01,646101.64,766642.6919752462,158036.13610028074,924678.828075527
STR_041,2023-12-02,1011689.5,828353.5177515052,158036.13610028074,986389.6538517859
STR_041,2023-12-03,996976.46,792385.258162103,158036.13610028074,950421.3942623837
STR_041,2023-12-04,386578.61,425324.3137271785,158036.13610028074,583360.4498274592
STR_041,2023-12-05,437733.3,463634.7585312775,158036.13610028074,621670.8946315582
STR_041,2023-12-06,526908.73,548797.1250601121,158036.13610028074,706833.2611603928
STR_041,2023-12-07,562988.62,558143.4262563104,158036.13610028074,716179.5623565912
STR_041,2023-12-08,636169.92,622969.7628479269,158036.13610028074,781005.8989482077
STR_041,2023-12-09,868827.74,922857.6664257282,158036.13610028074,1080893.802526009
STR_041,2023-12-10,865925.13,784862.381837853,158036.13610028074,942898.5179381338
STR_041,2023-12-11,488591.77999999997,545788.063874415,158036.13610028074,703824.1999746957
STR_041,2023-12-12,636564.9199999999,612037.9418107658,158036.13610028074,770074.0779110466
STR_041,2023-12-13,400816.57,562165.1416895282,158036.13610028074,720201.277789809
STR_041,2023-12-14,478323.39,569246.1123513861,158036.13610028074,727282.2484516669
STR_041,2023-12-15,848466.35,851784.0409223156,158036.13610028074,1009820.1770225964
STR_041,2023-12-16,1166733.6199999999,1050225.0675893368,158036.13610028074,1208261.2036896176
STR_041,2023-12-17,617368.1,765721.8146567877,158036.13610028074,923757.9507570683
STR_041,2023-12-18,466767.11,458575.88116666477,158036.13610028074,616612.0172669454
STR_041,2023-12-19,537500.7,502051.40293477336,158036.13610028074,660087.5390350542
STR_041,2023-12-20,511573.5,500061.5901085472,158036.13610028074,658097.7262088279
STR_041,2023-12-21,673449.91,553568.0365385368,158036.13610028074,711604.1726388175
STR_041,2023-12-22,765652.19,730270.6431022582,158036.13610028074,888306.779202539
STR_041,2023-12-23,1005488.27,970258.5719678102,158036.13610028074,1128294.708068091
STR_041,2023-12-24,1665219.96,1261181.6723208977,158036.13610028074,1419217.8084211785
STR_041,2023-12-25,1219482.51,1081768.6490928496,158036.13610028074,1239804.7851931304
STR_041,2023-12-26,400155.39,490917.5030573682,158036.13610028074,648953.6391576489
STR_041,2023-12-27,584254.01,541596.4777675855,158036.13610028074,699632.6138678663
STR_041,2023-12-28,589401.9199999999,550730.3549631302,158036.13610028074,708766.4910634109
STR_041,2023-12-29,706158.0700000001,697644.3014341581,158036.13610028074,855680.4375344389
STR_041,2023-12-30,840414.74,811076.5020649667,158036.13610028074,969112.6381652474
STR_041,2023-12-31,1844434.03,1490717.9981506134,158036.13610028074,1648754.1342508942
STR_041,2024-01-01,89918.93,209341.47945588137,158036.13610028074,367377.6155561621
STR_041,2024-01-02,289469.27,301430.8288619252,158036.13610028074,459466.96496220597
STR_041,2024-01-03,286401.13,338887.1808683237,158036.13610028074,496923.31696860446
STR_041,2024-01-04,393885.62,372553.5353398749,158036.13610028074,530589.6714401557
STR_041,2024-01-05,367339.43,453216.0003865564,158036.13610028074,611252.1364868372
STR_041,2024-01-06,522680.0,519876.44509655534,158036.13610028074,677912.5811968361
STR_041,2024-01-07,539226.1,563319.0274405357,158036.13610028074,721355.1635408164
STR_041,2024-01-08,314939.86,288428.9137013415,158036.13610028074,446465.0498016222
STR_041,2024-01-09,317269.91000000003,322243.5222241824,158036.13610028074,480279.6583244631
STR_041,2024-01-10,329105.7,347436.88172053994,158036.13610028074,505473.0178208207
STR_041,2024-01-11,327370.63,318985.0697373659,158036.13610028074,477021.2058376466
STR_041,2024-01-12,330880.82,408438.89080408885,158036.13610028074,566475.0269043696
STR_041,2024-01-13,597374.77,572327.1331636381,158036.13610028074,730363.2692639187
STR_041,2024-01-14,546001.1799999999,485246.5559495948,158036.13610028074,643282.6920498756
STR_041,2024-01-15,361550.06,389773.4301620817,158036.13610028074,547809.5662623625
STR_041,2024-01-16,277926.76,294034.0963358498,158036.13610028074,452070.2324361305
STR_041,2024-01-17,251379.09999999998,320460.12364276906,158036.13610028074,478496.2597430498
STR_041,2024-01-18,259679.02,335424.4115374861,158036.13610028074,493460.54763776687
STR_041,2024-01-19,492998.19,431737.91195410356,158036.13610028074,589774.0480543843
STR_041,2024-01-20,601819.1,601704.1799274867,158036.13610028074,759740.3160277675
STR_041,2024-01-21,489721.33,516659.4062765858,158036.13610028074,674695.5423768666
STR_041,2024-01-22,314660.47,348233.69862155896,158036.13610028074,506269.8347218397
STR_041,2024-01-23,287606.77999999997,319661.96411718003,158036.13610028074,477698.1002174608
STR_041,2024-01-24,339673.57,341332.6588687295,158036.13610028074,499368.7949690102
STR_041,2024-01-25,333181.77999999997,344667.4317115578,158036.13610028074,502703.5678118385
STR_041,2024-01-26,425725.23,398795.0238697271,158036.13610028074,556831.1599700078
STR_041,2024-01-27,359931.24,578703.0132182605,158036.13610028074,736739.1493185412
STR_041,2024-01-28,438987.29,482094.5758288854,158036.13610028074,640130.7119291662
STR_041,2024-01-29,213936.24,232689.02003267154,158036.13610028074,390725.1561329523
STR_041,2024-01-30,295136.66,295279.76687462436,158036.13610028074,453315.9029749051
STR_041,2024-01-31,519625.52,414661.7405106311,158036.13610028074,572697.8766109119
STR_041,2024-02-01,237315.15,340830.87133672147,158036.13610028074,498867.0074370022
STR_041,2024-02-02,451286.61,383076.33257760725,158036.13610028074,541112.4686778879
STR_041,2024-02-03,533890.92,507405.6240733083,158036.13610028074,665441.760173589
STR_041,2024-02-04,327369.12,478072.0369320325,158036.13610028074,636108.1730323132
STR_041,2024-02-05,179153.68,183615.05467813814,158036.13610028074,341651.1907784189
STR_041,2024-02-06,293827.91000000003,294404.23179671046,158036.13610028074,452440.3678969912
STR_041,2024-02-07,363771.94,340325.17048980127,158036.13610028074,498361.306590082
STR_041,2024-02-08,306242.97,302098.98311509297,158036.13610028074,460135.1192153737
STR_041,2024-02-09,332168.11,387221.016010191,158036.13610028074,545257.1521104717
STR_041,2024-02-10,434560.25,444390.6286205507,158036.13610028074,602426.7647208314
STR_041,2024-02-11,650860.26,521557.1224300636,158036.13610028074,679593.2585303443
STR_041,2024-02-12,333838.86,320350.85103431967,158036.13610028074,478386.9871346004
STR_041,2024-02-13,293250.27,325177.4276562218,158036.13610028074,483213.5637565025
STR_041,2024-02-14,380048.03,335580.8597751206,158036.13610028074,493616.99587540136
STR_041,2024-02-15,501633.21,407880.8635205617,158036.13610028074,565916.9996208425
STR_041,2024-02-16,405053.34,380620.9149126418,158036.13610028074,538657.0510129225
STR_041,2024-02-17,552032.34,563381.2937788288,158036.13610028074,721417.4298791096
STR_041,2024-02-18,498605.35,469912.5928011998,158036.13610028074,627948.7289014806
STR_041,2024-02-19,176662.82,245805.83910988361,158036.13610028074,403841.9752101643
STR_041,2024-02-20,339209.5,313453.03059034894,158036.13610028074,471489.1666906297
STR_041,2024-02-21,332686.8,325178.7009456447,158036.13610028074,483214.83704592544
STR_041,2024-02-22,379917.68,340642.7069521894,158036.13610028074,498678.8430524701
STR_041,2024-02-23,406597.57,366591.34172302636,158036.13610028074,524627.477823307
STR_041,2024-02-24,520131.81,531114.9070642185,158036.13610028074,689151.0431644993
STR_041,2024-02-25,498205.62,471952.80819241225,158036.13610028074,629988.9442926929
STR_041,2024-02-26,312788.78,292830.6657313213,158036.13610028074,450866.80183160206
STR_041,2024-02-27,257472.5,297157.460054229,158036.13610028074,455193.59615450975
STR_041,2024-02-28,422448.24,328679.18294821586,158036.13610028074,486715.3190484966
STR_041,2024-02-29,447017.52999999997,426023.4346487294,158036.13610028074,584059.5707490102
STR_042,2023-12-01,599358.61,547805.4077161128,107590.19733183508,655395.6050479478
STR_042,2023-12-02,589278.9,594401.4444671004,107590.19733183508,701991.6417989355
STR_042,2023-12-03,606614.28,488613.97250509704,107590.19733183508,596204.1698369321
STR_042,2023-12-04,332656.13,336077.0358840927,107590.19733183508,443667.2332159277
STR_042,2023-12-05,352642.75,360568.39187832776,107590.19733183508,468158.58921016287
STR_042,2023-12-06,421128.09,397864.8104927963,107590.19733183508,505455.0078246314
STR_042,2023-12-07,428811.64,409571.4310747598,107590.19733183508,517161.62840659486
STR_042,2023-12-08,532737.95,524355.468593673,107590.19733183508,631945.665925508
STR_042,2023-12-09,430872.13,544385.8861326723,107590.19733183508,651976.0834645074
STR_042,2023-12-10,448172.92,512530.2687926372,107590.19733183508,620120.4661244723
STR_042,2023-12-11,332065.99,336225.68246345775,107590.19733183508,443815.87979529286
STR_042,2023-12-12,389802.02999999997,409111.89736901794,107590.19733183508,516702.094700853
STR_042,2023-12-13,420530.52,391501.6434864284,107590.19733183508,499091.8408182635
STR_042,2023-12-14,505443.20999999996,440854.1131416418,107590.19733183508,548444.3104734769
STR_042,2023-12-15,728077.39,678481.00537797,107590.19733183508,786071.2027098051
STR_042,2023-12-16,620048.54,659868.4138913094,107590.19733183508,767458.6112231445
STR_042,2023-12-17,691452.04,621891.9873873906,107590.19733183508,729482.1847192256
STR_042,2023-12-18,341775.45,328743.2734366402,107590.19733183508,436333.4707684753
STR_042,2023-12-19,379332.01,340212.56222300493,107590.19733183508,447802.75955484004
STR_042,2023-12-20,246091.83000000002,334360.8542391182,107590.19733183508,441951.05157095334
STR_042,2023-12-21,322650.01,385503.5706747977,107590.19733183508,493093.7680066328
STR_042,2023-12-22,566058.75,517155.2912640867,107590.19733183508,624745.4885959218
STR_042,2023-12-23,670096.91,644923.9259997974,107590.19733183508,752514.1233316325
STR_042,2023-12-24,1374524.8599999999,948810.0664643031,107590.19733183508,1056400.263796138
STR_042,2023-12-25,704881.79,705834.888230518,107590.19733183508,813425.085562353
STR_042,2023-12-26,370142.54000000004,378938.2369004446,107590.19733183508,486528.43423227966
STR_042,2023-12-27,369392.61,384544.1070810703,107590.19733183508,492134.30441290536
STR_042,2023-12-28,292339.52999999997,412099.5464368526,107590.19733183508,519689.7437686877
STR_042,2023-12-29,543580.37,498545.44798567356,107590.19733183508,606135.6453175086
STR_042,2023-12-30,682414.67,647814.2294964483,107590.19733183508,755404.4268282834
STR_042,2023-12-31,1162255.63,1219516.9094553697,107590.19733183508,1327107.1067872047
STR_042,2024-01-01,71222.3,143554.55124611943,107590.19733183508,251144.7485779545
STR_042,2024-01-02,181911.71,224721.65177115158,107590.19733183508,332311.8491029866
STR_042,2024-01-03,263346.78,248378.47091361345,107590.19733183508,355968.6682454485
STR_042,2024-01-04,227962.5,253606.10036746174,107590.19733183508,361196.29769929685
STR_042,2024-01-05,278266.57,286867.7886429489,107590.19733183508,394457.985974784
STR_042,2024-01-06,364113.42000000004,355332.1925742908,107590.19733183508,462922.38990612584
STR_042,2024-01-07,284931.81,334409.71846094367,107590.19733183508,441999.9157927787
STR_042,2024-01-08,203604.37,232003.8402668255,107590.19733183508,339594.03759866056
STR_042,2024-01-09,218829.84,221616.45311843551,107590.19733183508,329206.6504502706
STR_042,2024-01-10,205973.07,236748.93586721312,107590.19733183508,344339.1331990482
STR_042,2024-01-11,254336.06,234476.24799795164,107590.19733183508,342066.44532978674
STR_042,2024-01-12,299442.87,310342.47110072855,107590.19733183508,417932.66843256366
STR_042,2024-01-13,407892.85,418416.7262231131,107590.19733183508,526006.9235549482
STR_042,2024-01-14,338424.39,328071.7389764813,107590.19733183508,435661.9363083164
STR_042,2024-01-15,300774.51,293071.2152095998,107590.19733183508,400661.41254143487
STR_042,2024-01-16,168542.56,234156.3041395343,107590.19733183508,341746.5014713694
STR_042,2024-01-17,264540.82,229232.7088325819,107590.19733183508,336822.906164417
STR_042,2024-01-18,248865.96000000002,252467.94164244534,107590.19733183508,360058.13897428045
STR_042,2024-01-19,271647.29,294347.58405967534,107590.19733183508,401937.7813915104
STR_042,2024-01-20,233285.66,381475.2713693836,107590.19733183508,489065.4687012187
STR_042,2024-01-21,318165.62,349818.0692126201,107590.19733183508,457408.2665444552
STR_042,2024-01-22,162191.97999999998,194771.9128487472,107590.19733183508,302362.11018058227
STR_042,2024-01-23,194712.62,196272.07534513093,107590.19733183508,303862.27267696604
STR_042,2024-01-24,160156.71,201527.38904882502,107590.19733183508,309117.58638066007
STR_042,2024-01-25,242422.84,254058.00275738136,107590.19733183508,361648.20008921647
STR_042,2024-01-26,335010.27,306183.4413200777,107590.19733183508,413773.6386519128
STR_042,2024-01-27,371201.26,361137.3745001625,107590.19733183508,468727.5718319976
STR_042,2024-01-28,244420.49,348460.6077771942,107590.19733183508,456050.8051090293
STR_042,2024-01-29,165331.79,171816.66858533758,107590.19733183508,279406.86591717263
STR_042,2024-01-30,216550.22999999998,178493.91604436058,107590.19733183508,286084.11337619566
STR_042,2024-01-31,304847.95,330761.8611233467,107590.19733183508,438352.0584551818
STR_042,2024-02-01,219454.26,233468.1159774427,107590.19733183508,341058.31330927776
STR_042,2024-02-02,302466.66,282715.0557808134,107590.19733183508,390305.2531126485
STR_042,2024-02-03,324193.89,334001.3760163888,107590.19733183508,441591.57334822393
STR_042,2024-02-04,299533.94,333097.4146811443,107590.19733183508,440687.61201297934
STR_042,2024-02-05,104499.97,112368.47929434643,107590.19733183508,219958.67662618152
STR_042,2024-02-06,241212.58000000002,197055.9455490438,107590.19733183508,304646.1428808789
STR_042,2024-02-07,245265.46,228876.29511851567,107590.19733183508,336466.4924503508
STR_042,2024-02-08,264249.29,231470.02003934828,107590.19733183508,339060.21737118333
STR_042,2024-02-09,280498.13,285875.5406491985,107590.19733183508,393465.7379810336
STR_042,2024-02-10,366134.42000000004,320078.09830656194,107590.19733183508,427668.295638397
STR_042,2024-02-11,359403.1,357129.5384887581,107590.19733183508,464719.7358205932
STR_042,2024-02-12,192097.88,193722.022369029,107590.19733183508,301312.21970086405
STR_042,2024-02-13,199523.91999999998,220644.29335539477,107590.19733183508,328234.49068722985
STR_042,2024-02-14,251928.91,250055.92655931303,107590.19733183508,357646.12389114813
STR_042,2024-02-15,311035.63,272047.89177112613,107590.19733183508,379638.08910296124
STR_042,2024-02-16,340110.18,289705.91749657586,107590.19733183508,397296.1148284109
STR_042,2024-02-17,318016.74,333909.3175608568,107590.19733183508,441499.51489269186
STR_042,2024-02-18,317170.2,334659.1715724898,107590.19733183508,442249.36890432483
STR_042,2024-02-19,225661.02,201203.90428272003,107590.19733183508,308794.1016145551
STR_042,2024-02-20,188131.19,175317.04461268164,107590.19733183508,282907.2419445167
STR_042,2024-02-21,193345.97999999998,180759.4089984132,107590.19733183508,288349.6063302483
STR_042,2024-02-22,215418.25,229867.65995528447,107590.19733183508,337457.85728711955
STR_042,2024-02-23,285012.08,297338.65804217185,107590.19733183508,404928.8553740069
STR_042,2024-02-24,375895.23,366318.7118313475,107590.19733183508,473908.9091631826
STR_042,2024-02-25,344948.26,336356.0878630908,107590.19733183508,443946.28519492585
STR_042,2024-02-26,182404.71,209937.35369845323,107590.19733183508,317527.55103028833
STR_042,2024-02-27,218902.27000000002,191202.82363337112,107590.19733183508,298793.0209652062
STR_042,2024-02-28,222673.77000000002,216901.24889121726,107590.19733183508,324491.44622305233
STR_042,2024-02-29,296633.84,345500.2721381116,107590.19733183508,453090.4694699467
STR_043,2023-12-01,591279.6799999999,593582.252779224,137359.8375884469,730942.0903676709
STR_043,2023-12-02,752341.74,617799.4286963439,137359.8375884469,755159.2662847908
STR_043,2023-12-03,599640.89,612825.1047804344,137359.8375884469,750184.9423688813
STR_043,2023-12-04,368213.68,363840.5880893896,137359.8375884469,501200.4256778365
STR_043,2023-12-05,298637.36,405554.9176214185,137359.8375884469,542914.7552098654
STR_043,2023-12-06,330864.01,438980.58452371246,137359.8375884469,576340.4221121594
STR_043,2023-12-07,432717.34,470905.39002302615,137359.8375884469,608265.2276114731
STR_043,2023-12-08,307647.38,546730.4796450374,137359.8375884469,684090.3172334844
STR_043,2023-12-09,654306.36,841907.0712211689,137359.8375884469,979266.9088096158
STR_043,2023-12-10,560135.1799999999,598033.7213565985,137359.8375884469,735393.5589450455
STR_043,2023-12-11,298227.1,372667.7788341314,137359.8375884469,510027.6164225783
STR_043,2023-12-12,506629.76,501081.45577736764,137359.8375884469,638441.2933658145
STR_043,2023-12-13,529420.18,479323.7026328374,137359.8375884469,616683.5402212844
STR_043,2023-12-14,425012.75,474700.4359851922,137359.8375884469,612060.2735736391
STR_043,2023-12-15,771957.0800000001,738262.0330052824,137359.8375884469,875621.8705937293
STR_043,2023-12-16,645983.1,736860.9121450445,137359.8375884469,874220.7497334915
STR_043,2023-12-17,543798.71,603645.3266429333,137359.8375884469,741005.1642313802
STR_043,2023-12-18,167176.46,369575.34227458976,137359.8375884469,506935.17986303667
STR_043,2023-12-19,381907.95,368777.28269392723,137359.8375884469,506137.12028237415
STR_043,2023-12-20,446813.62,381137.3967591402,137359.8375884469,518497.2343475871
STR_043,2023-12-21,294121.93,451829.051175378,137359.8375884469,589188.888763825
STR_043,2023-12-22,640101.83,550231.6060491244,137359.8375884469,687591.4436375713
STR_043,2023-12-23,691374.23,643390.7885519848,137359.8375884469,780750.6261404317
STR_043,2023-12-24,1400852.48,956856.8882555489,137359.8375884469,1094216.7258439958
STR_043,2023-12-25,885475.29,687554.2771706462,137359.8375884469,824914.1147590932
STR_043,2023-12-26,452787.63,416896.8412947438,137359.8375884469,554256.6788831907
STR_043,2023-12-27,450133.15,437929.950827926,137359.8375884469,575289.7884163728
STR_043,2023-12-28,412029.25,442553.65454619407,137359.8375884469,579913.4921346409
STR_043,2023-12-29,446297.48,513969.3040507216,137359.8375884469,651329.1416391685
STR_043,2023-12-30,568820.4099999999,721033.7228537124,137359.8375884469,858393.5604421593
STR_043,2023-12-31,1807915.6099999999,1192195.6964810404,137359.8375884469,1329555.5340694874
STR_043,2024-01-01,70233.0,146513.50813265465,137359.8375884469,283873.34572110156
STR_043,2024-01-02,272757.81,311813.1138693717,137359.8375884469,449172.9514578186
STR_043,2024-01-03,259859.82,260905.19856050506,137359.8375884469,398265.036148952
STR_043,2024-01-04,213829.28,250849.3407180548,137359.8375884469,388209.1783065017
STR_043,2024-01-05,234830.45,326127.9812446245,137359.8375884469,463487.8188330714
STR_043,2024-01-06,513690.32999999996,496884.2814197509,137359.8375884469,634244.1190081978
STR_043,2024-01-07,268408.68,354211.5022605993,137359.8375884469,491571.3398490462
STR_043,2024-01-08,239335.49,241129.1969404996,137359.8375884469,378489.0345289465
STR_043,2024-01-09,235326.62,258708.2803564009,137359.8375884469,396068.1179448478
STR_043,2024-01-10,267644.86,282216.87101812515,137359.8375884469,419576.70860657207
STR_043,2024-01-11,246294.47,285089.4683959863,137359.8375884469,422449.3059844332
STR_043,2024-01-12,361226.35,330708.01005517115,137359.8375884469,468067.84764361806
STR_043,2024-01-13,431862.62,419959.58422375994,137359.8375884469,557319.4218122069
STR_043,2024-01-14,396066.18,363865.02685551386,137359.8375884469,501224.8644439608
STR_043,2024-01-15,291596.54,280041.8867907022,137359.8375884469,417401.7243791491
STR_043,2024-01-16,253676.26,257695.39499648407,137359.8375884469,395055.23258493096
STR_043,2024-01-17,240391.84,304996.75537301466,137359.8375884469,442356.5929614616
STR_043,2024-01-18,277575.04,321159.86011055246,137359.8375884469,458519.6976989994
STR_043,2024-01-19,343826.12,339121.58848161437,137359.8375884469,476481.4260700613
STR_043,2024-01-20,388187.15,406570.33136119525,137359.8375884469,543930.1689496422
STR_043,2024-01-21,353930.02999999997,376459.7737761485,137359.8375884469,513819.6113645954
STR_043,2024-01-22,196733.03,212673.3920330347,137359.8375884469,350033.2296214816
STR_043,2024-01-23,249083.11,247783.50119181417,137359.8375884469,385143.3387802611
STR_043,2024-01-24,204391.68,237582.75305552917,137359.8375884469,374942.5906439761
STR_043,2024-01-25,261330.35,233126.43467759204,137359.8375884469,370486.2722660389
STR_043,2024-01-26,200347.13,318639.28471335676,137359.8375884469,455999.12230180367
STR_043,2024-01-27,296082.0,363485.2575438073,137359.8375884469,500845.09513225424
STR_043,2024-01-28,366398.96,380350.9962742661,137359.8375884469,517710.833862713
STR_043,2024-01-29,229693.01,210075.40821982466,137359.8375884469,347435.2458082716
STR_043,2024-01-30,285803.46,228467.57278688738,137359.8375884469,365827.4103753343
STR_043,2024-01-31,347296.36,329069.6007185225,137359.8375884469,466429.4383069694
STR_043,2024-02-01,322868.64,252142.55980580513,137359.8375884469,389502.397394252
STR_043,2024-02-02,372949.32999999996,322830.0788480419,137359.8375884469,460189.9164364888
STR_043,2024-02-03,462863.88,414036.08338950755,137359.8375884469,551395.9209779545
STR_043,2024-02-04,319831.26,334646.48215729144,137359.8375884469,472006.31974573835
STR_043,2024-02-05,143581.16999999998,130811.53687457331,137359.8375884469,268171.37446302024
STR_043,2024-02-06,252784.41,255219.31476706555,137359.8375884469,392579.1523555125
STR_043,2024-02-07,215692.5,230500.05738595081,137359.8375884469,367859.8949743977
STR_043,2024-02-08,250474.54,244192.56050753803,137359.8375884469,381552.39809598494
STR_043,2024-02-09,378877.36,297706.4788891371,137359.8375884469,435066.316477584
STR_043,2024-02-10,409428.07999999996,422089.90145536483,137359.8375884469,559449.7390438118
STR_043,2024-02-11,399917.84,394505.02826347103,137359.8375884469,531864.865851918
STR_043,2024-02-12,277588.8,230575.0193207315,137359.8375884469,367934.85690917843
STR_043,2024-02-13,269458.89,262992.8851194135,137359.8375884469,400352.7227078604
STR_043,2024-02-14,237077.32,258660.5803432115,137359.8375884469,396020.41793165845
STR_043,2024-02-15,294499.88,353691.5670715999,137359.8375884469,491051.4046600468
STR_043,2024-02-16,342585.17,343144.78668154136,137359.8375884469,480504.6242699883
STR_043,2024-02-17,455520.63,469227.00210347545,137359.8375884469,606586.8396919223
STR_043,2024-02-18,449403.18,369277.93342733645,137359.8375884469,506637.77101578336
STR_043,2024-02-19,241778.35,228721.78009159293,137359.8375884469,366081.61768003984
STR_043,2024-02-20,221577.47999999998,238875.43146907675,137359.8375884469,376235.2690575237
STR_043,2024-02-21,237117.15,249305.12583657363,137359.8375884469,386664.96342502057
STR_043,2024-02-22,253871.72999999998,248109.84258380657,137359.8375884469,385469.6801722535
STR_043,2024-02-23,335451.97000000003,331214.7379103159,137359.8375884469,468574.57549876283
STR_043,2024-02-24,425241.68,417155.23282601166,137359.8375884469,554515.0704144586
STR_043,2024-02-25,374498.54000000004,375427.78151736,137359.8375884469,512787.6191058069
STR_043,2024-02-26,173403.65,222132.22479608818,137359.8375884469,359492.0623845351
STR_043,2024-02-27,268281.46,251023.30300379312,137359.8375884469,388383.14059224003
STR_043,2024-02-28,299189.56,251460.89147797192,137359.8375884469,388820.72906641883
STR_043,2024-02-29,435308.89,356275.7582038009,137359.8375884469,493635.5957922478
STR_044,2023-12-01,656957.89,599198.962398612,100855.13146153942,700054.0938601515
STR_044,2023-12-02,586768.85,630968.7590134295,100855.13146153942,731823.8904749689
STR_044,2023-12-03,553150.98,646770.2043207153,100855.13146153942,747625.3357822547
STR_044,2023-12-04,363218.89,383745.1594383167,100855.13146153942,484600.29089985613
STR_044,2023-12-05,422144.72,434586.31978941266,100855.13146153942,535441.4512509521
STR_044,2023-12-06,426521.03,439324.4553208355,100855.13146153942,540179.5867823749
STR_044,2023-12-07,467302.83999999997,453406.4331433544,100855.13146153942,554261.5646048938
STR_044,2023-12-08,432057.49,501682.5588685026,100855.13146153942,602537.690330042
STR_044,2023-12-09,692979.61,686875.4538346604,100855.13146153942,787730.5852961998
STR_044,2023-12-10,273851.4,576034.1992179645,100855.13146153942,676889.330679504
STR_044,2023-12-11,420849.12,445804.71749164356,100855.13146153942,546659.848953183
STR_044,2023-12-12,611531.38,510226.74988016015,100855.13146153942,611081.8813416995
STR_044,2023-12-13,435415.83,422988.1772899897,100855.13146153942,523843.30875152914
STR_044,2023-12-14,460384.9,464873.7315823444,100855.13146153942,565728.8630438838
STR_044,2023-12-15,690861.65,689152.8957458207,100855.13146153942,790008.0272073601
STR_044,2023-12-16,619334.54,716921.7629500866,100855.13146153942,817776.894411626
STR_044,2023-12-17,671898.38,543958.0320244028,100855.13146153942,644813.1634859422
STR_044,2023-12-18,408431.13,384949.2103678547,100855.13146153942,485804.3418293941
STR_044,2023-12-19,453582.93,428944.6270784667,100855.13146153942,529799.7585400061
STR_044,2023-12-20,375321.89,395433.5420036854,100855.13146153942,496288.6734652248
STR_044,2023-12-21,505586.11,439426.62414467754,100855.13146153942,540281.755606217
STR_044,2023-12-22,608443.78,519389.6528104207,100855.13146153942,620244.7842719601
STR_044,2023-12-23,596375.86,597910.1179959953,100855.13146153942,698765.2494575348
STR_044,2023-12-24,1530427.31,910278.4069611456,100855.13146153942,1011133.538422685
STR_044,2023-12-25,923270.78,774471.9581623306,100855.13146153942,875327.08962387
STR_044,2023-12-26,445127.26,440977.8686456175,100855.13146153942,541833.0001071569
STR_044,2023-12-27,422354.12,431206.2042347511,100855.13146153942,532061.3356962905
STR_044,2023-12-28,400007.83,391827.95506150357,100855.13146153942,492683.086523043
STR_044,2023-12-29,608657.47,579325.6238700764,100855.13146153942,680180.7553316158
STR_044,2023-12-30,574111.16,661385.1379024766,100855.13146153942,762240.269364016
STR_044,2023-12-31,1326319.1099999999,1132499.4511701702,100855.13146153942,1233354.5826317095
STR_044,2024-01-01,91307.16,154705.4956471802,100855.13146153942,255560.62710871964
STR_044,2024-01-02,259977.95,281095.5156886807,100855.13146153942,381950.6471502201
STR_044,2024-01-03,301761.29000000004,299105.27934153087,100855.13146153942,399960.4108030703
STR_044,2024-01-04,224393.66999999998,323019.7804215714,100855.13146153942,423874.9118831108
STR_044,2024-01-05,265451.47000000003,362525.67469920835,100855.13146153942,463380.8061607478
STR_044,2024-01-06,450511.32999999996,474061.167081475,100855.13146153942,574916.2985430144
STR_044,2024-01-07,300452.45,370386.48247297935,100855.13146153942,471241.61393451877
STR_044,2024-01-08,227130.76,241430.31656026267,100855.13146153942,342285.4480218021
STR_044,2024-01-09,237952.97,279157.56427230814,100855.13146153942,380012.69573384756
STR_044,2024-01-10,253682.9,282885.8408890505,100855.13146153942,383740.97235058993
STR_044,2024-01-11,225806.52,263883.5450653938,100855.13146153942,364738.6765269332
STR_044,2024-01-12,333430.33999999997,319187.1035514849,100855.13146153942,420042.2350130243
STR_044,2024-01-13,398133.7,415994.58352191624,100855.13146153942,516849.71498345566
STR_044,2024-01-14,445354.65,452945.7987061912,100855.13146153942,553800.9301677307
STR_044,2024-01-15,299918.91,314970.8561692018,100855.13146153942,415825.9876307412
STR_044,2024-01-16,204392.93,281320.8685671315,100855.13146153942,382176.00002867094
STR_044,2024-01-17,269813.56,263068.54442108993,100855.13146153942,363923.67588262935
STR_044,2024-01-18,117424.62,285531.1018763609,100855.13146153942,386386.2333379003
STR_044,2024-01-19,283460.16,325753.04789766326,100855.13146153942,426608.1793592027
STR_044,2024-01-20,407577.29000000004,409697.3808342723,100855.13146153942,510552.5122958117
STR_044,2024-01-21,361658.65,375038.9081599655,100855.13146153942,475894.0396215049
STR_044,2024-01-22,195765.32,213256.19589708527,100855.13146153942,314111.32735862467
STR_044,2024-01-23,215790.84,228620.5996385285,100855.13146153942,329475.73110006796
STR_044,2024-01-24,216582.40000000002,234391.18253312263,100855.13146153942,335246.313994662
STR_044,2024-01-25,216646.35,241802.34769026827,100855.13146153942,342657.4791518077
STR_044,2024-01-26,319707.59,303053.822826093,100855.13146153942,403908.9542876324
STR_044,2024-01-27,499830.80000000005,437207.1645344857,100855.13146153942,538062.2959960252
STR_044,2024-01-28,360688.41000000003,378086.96331475925,100855.13146153942,478942.0947762987
STR_044,2024-01-29,245254.79,233597.39628904892,100855.13146153942,334452.5277505884
STR_044,2024-01-30,266878.37,233811.2770202048,100855.13146153942,334666.40848174423
STR_044,2024-01-31,319774.99,315961.5121891936,100855.13146153942,416816.64365073305
STR_044,2024-02-01,296610.65,277672.8180143003,100855.13146153942,378527.94947583973
STR_044,2024-02-02,300008.37,316970.8767600917,100855.13146153942,417826.0082216311
STR_044,2024-02-03,480813.72,436491.58369261597,100855.13146153942,537346.7151541554
STR_044,2024-02-04,384793.26,332430.0969813083,100855.13146153942,433285.2284428477
STR_044,2024-02-05,157737.86,148678.13867442185,100855.13146153942,249533.27013596127
STR_044,2024-02-06,238187.88999999998,233059.43299889058,100855.13146153942,333914.56446043
STR_044,2024-02-07,157199.07,242499.7033546599,100855.13146153942,343354.8348161993
STR_044,2024-02-08,297436.37,276033.53420785564,100855.13146153942,376888.66566939506
STR_044,2024-02-09,351336.57999999996,359805.2926681756,100855.13146153942,460660.424129715
STR_044,2024-02-10,490493.54000000004,387474.4844376086,100855.13146153942,488329.61589914805
STR_044,2024-02-11,424664.44,362030.9234312832,100855.13146153942,462886.05489282263
STR_044,2024-02-12,219951.81,234712.67842391704,100855.13146153942,335567.80988545646
STR_044,2024-02-13,148413.77000000002,270545.46352402726,100855.13146153942,371400.5949855667
STR_044,2024-02-14,214550.4,234683.70670858104,100855.13146153942,335538.8381701205
STR_044,2024-02-15,400022.18,344857.5894924579,100855.13146153942,445712.72095399734
STR_044,2024-02-16,319017.1,294355.096895128,100855.13146153942,395210.22835666745
STR_044,2024-02-17,395087.64,392517.5400623944,100855.13146153942,493372.6715239338
STR_044,2024-02-18,314119.85,324967.5007934575,100855.13146153942,425822.6322549969
STR_044,2024-02-19,196833.02000000002,230127.70348404866,100855.13146153942,330982.8349455881
STR_044,2024-02-20,194834.58000000002,212579.4502882221,100855.13146153942,313434.58174976154
STR_044,2024-02-21,156525.18,236552.53926332048,100855.13146153942,337407.6707248599
STR_044,2024-02-22,273120.19,255121.53710060465,100855.13146153942,355976.66856214404
STR_044,2024-02-23,301864.95,325483.69372691406,100855.13146153942,426338.8251884535
STR_044,2024-02-24,278612.29,357743.8785315816,100855.13146153942,458599.009993121
STR_044,2024-02-25,352360.52999999997,367364.54726146103,100855.13146153942,468219.67872300046
STR_044,2024-02-26,191554.65000000002,203216.2869982061,100855.13146153942,304071.41845974553
STR_044,2024-02-27,223395.58000000002,255972.42325146854,100855.13146153942,356827.554713008
STR_044,2024-02-28,267380.73,259294.7785036682,100855.13146153942,360149.9099652076
STR_044,2024-02-29,350278.47,387596.2714195663,100855.13146153942,488451.4028811057
STR_045,2023-12-01,576285.3,544016.8411546239,101409.64295576769,645426.4841103916
STR_045,2023-12-02,456146.39,736000.7378204546,101409.64295576769,837410.3807762223
STR_045,2023-12-03,422561.27,649762.3798496753,101409.64295576769,751172.022805443
STR_045,2023-12-04,371148.87,353595.84050058486,101409.64295576769,455005.48345635255
STR_045,2023-12-05,442082.63,436623.5455691218,101409.64295576769,538033.1885248895
STR_045,2023-12-06,384222.9,396410.9772116595,101409.64295576769,497820.6201674272
STR_045,2023-12-07,440171.69,467833.34871240205,101409.64295576769,569242.9916681697
STR_045,2023-12-08,574244.42,556767.8641376015,101409.64295576769,658177.5070933691
STR_045,2023-12-09,758790.77,766316.1388220395,101409.64295576769,867725.7817778072
STR_045,2023-12-10,657245.2,696577.7068861946,101409.64295576769,797987.3498419623
STR_045,2023-12-11,440460.43,381724.90265844186,101409.64295576769,483134.54561420955
STR_045,2023-12-12,463443.52,464849.5734398486,101409.64295576769,566259.2163956163
STR_045,2023-12-13,439539.91,431252.7505054766,101409.64295576769,532662.3934612443
STR_045,2023-12-14,438010.2,487026.3798392386,101409.64295576769,588436.0227950063
STR_045,2023-12-15,491256.70999999996,681169.5632620695,101409.64295576769,782579.2062178372
STR_045,2023-12-16,535449.0800000001,799261.9181845068,101409.64295576769,900671.5611402745
STR_045,2023-12-17,630377.73,625140.0341769669,101409.64295576769,726549.6771327346
STR_045,2023-12-18,344450.5,337205.88726910925,101409.64295576769,438615.53022487694
STR_045,2023-12-19,391997.89,363891.25863823504,101409.64295576769,465300.90159400273
STR_045,2023-12-20,399911.0,389526.76142471714,101409.64295576769,490936.40438048483
STR_045,2023-12-21,486300.21,523832.52601147356,101409.64295576769,625242.1689672412
STR_045,2023-12-22,587614.16,548596.9250818872,101409.64295576769,650006.5680376549
STR_045,2023-12-23,660893.46,679360.6459337248,101409.64295576769,780770.2888894925
STR_045,2023-12-24,1742163.71,975994.8218351464,101409.64295576769,1077404.4647909142
STR_045,2023-12-25,854818.8999999999,724493.2398052355,101409.64295576769,825902.8827610032
STR_045,2023-12-26,458602.51,414061.2629451694,101409.64295576769,515470.9059009371
STR_045,2023-12-27,468278.32,476025.0840523189,101409.64295576769,577434.7270080866
STR_045,2023-12-28,499638.51,462210.99310199445,101409.64295576769,563620.6360577622
STR_045,2023-12-29,605513.98,564683.0584248073,101409.64295576769,666092.701380575
STR_045,2023-12-30,820079.82,752866.0213192208,101409.64295576769,854275.6642749885
STR_045,2023-12-31,1480186.73,1232724.2187241765,101409.64295576769,1334133.8616799442
STR_045,2024-01-01,50127.020000000004,156509.9236703735,101409.64295576769,257919.5666261412
STR_045,2024-01-02,249352.75,270276.2698971159,101409.64295576769,371685.9128528836
STR_045,2024-01-03,252561.07,312683.0597970335,101409.64295576769,414092.7027528012
STR_045,2024-01-04,261589.04,319873.1928460536,101409.64295576769,421282.83580182126
STR_045,2024-01-05,346350.75,355922.3853107489,101409.64295576769,457332.0282665166
STR_045,2024-01-06,407282.29000000004,420589.6773603317,101409.64295576769,521999.3203160994
STR_045,2024-01-07,397661.62,392016.372539645,101409.64295576769,493426.0154954127
STR_045,2024-01-08,242317.51,262459.68582253676,101409.64295576769,363869.32877830445
STR_045,2024-01-09,249413.61,310164.1343910848,101409.64295576769,411573.77734685247
STR_045,2024-01-10,266604.38,310313.3524187045,101409.64295576769,411722.9953744722
STR_045,2024-01-11,248243.4,316794.299214041,101409.64295576769,418203.94216980867
STR_045,2024-01-12,346885.48,371484.0209274236,101409.64295576769,472893.6638831913
STR_045,2024-01-13,360880.9,455623.778669449,101409.64295576769,557033.4216252167
STR_045,2024-01-14,317733.68,377740.76017858053,101409.64295576769,479150.4031343482
STR_045,2024-01-15,327274.47,323866.8722436779,101409.64295576769,425276.5151994456
STR_045,2024-01-16,198281.82,234431.8247590408,101409.64295576769,335841.46771480853
STR_045,2024-01-17,202694.23,259205.16008735588,101409.64295576769,360614.80304312357
STR_045,2024-01-18,265117.3,281231.78110666486,101409.64295576769,382641.42406243255
STR_045,2024-01-19,395236.78,345666.5430135073,101409.64295576769,447076.185969275
STR_045,2024-01-20,479092.74,481410.5811601276,101409.64295576769,582820.2241158953
STR_045,2024-01-21,362467.32,358610.14020624093,101409.64295576769,460019.7831620086
STR_045,2024-01-22,236647.72,242385.22912208087,101409.64295576769,343794.87207784853
STR_045,2024-01-23,234136.78,245390.48259076895,101409.64295576769,346800.12554653664
STR_045,2024-01-24,223498.55,228694.29272858074,101409.64295576769,330103.93568434846
STR_045,2024-01-25,268619.68,252628.31683735678,101409.64295576769,354037.95979312446
STR_045,2024-01-26,302572.91000000003,294730.13192479446,101409.64295576769,396139.77488056215
STR_045,2024-01-27,451569.42,471440.4051159493,101409.64295576769,572850.0480717169
STR_045,2024-01-28,366895.98,361453.5355730731,101409.64295576769,462863.17852884077
STR_045,2024-01-29,259229.16999999998,217094.9132600343,101409.64295576769,318504.556215802
STR_045,2024-01-30,261201.05,228987.23118053842,101409.64295576769,330396.8741363061
STR_045,2024-01-31,344397.23,343716.2861863893,101409.64295576769,445125.92914215697
STR_045,2024-02-01,256875.71999999997,250074.9440975673,101409.64295576769,351484.587053335
STR_045,2024-02-02,325120.85,331236.40769508085,101409.64295576769,432646.05065084854
STR_045,2024-02-03,482635.55,452548.4359022132,101409.64295576769,553958.0788579809
STR_045,2024-02-04,383991.22,451650.6092118161,101409.64295576769,553060.2521675838
STR_045,2024-02-05,168495.57,144145.5324134908,101409.64295576769,245555.17536925848
STR_045,2024-02-06,191096.97999999998,248579.8988783102,101409.64295576769,349989.5418340779
STR_045,2024-02-07,162595.56,243283.989193237,101409.64295576769,344693.6321490047
STR_045,2024-02-08,255613.41999999998,243835.89898467975,101409.64295576769,345245.5419404474
STR_045,2024-02-09,304653.39,328668.6982864898,101409.64295576769,430078.3412422575
STR_045,2024-02-10,459614.69,431353.32904484024,101409.64295576769,532762.972000608
STR_045,2024-02-11,430264.87,399198.1437010608,101409.64295576769,500607.7866568285
STR_045,2024-02-12,225837.5,248255.5109988817,101409.64295576769,349665.1539546494
STR_045,2024-02-13,280047.71,239068.32835725855,101409.64295576769,340477.97131302627
STR_045,2024-02-14,255017.11,261670.32331556085,101409.64295576769,363079.9662713285
STR_045,2024-02-15,288540.55,308649.2715885262,101409.64295576769,410058.9145442939
STR_045,2024-02-16,352479.24,333077.5507653797,101409.64295576769,434487.19372114737
STR_045,2024-02-17,337948.86,450088.235646722,101409.64295576769,551497.8786024897
STR_045,2024-02-18,390197.8,324736.051045646,101409.64295576769,426145.6940014137
STR_045,2024-02-19,171903.93,210282.37723572148,101409.64295576769,311692.02019148914
STR_045,2024-02-20,160137.15,229687.41099891186,101409.64295576769,331097.0539546795
STR_045,2024-02-21,216891.78,237103.16002160858,101409.64295576769,338512.80297737627
STR_045,2024-02-22,281905.85,263421.63992774946,101409.64295576769,364831.28288351715
STR_045,2024-02-23,416447.39,349698.21818128193,101409.64295576769,451107.8611370496
STR_045,2024-02-24,412454.62,365346.01708639006,101409.64295576769,466755.66004215775
STR_045,2024-02-25,427573.45,402692.2383866183,101409.64295576769,504101.881342386
STR_045,2024-02-26,236071.47999999998,228248.54453713875,101409.64295576769,329658.18749290647
STR_045,2024-02-27,233157.45,215452.76907960267,101409.64295576769,316862.41203537036
STR_045,2024-02-28,300034.2,264630.8473623924,101409.64295576769,366040.4903181601
STR_045,2024-02-29,368015.51,334782.6376751665,101409.64295576769,436192.28063093417
STR_046,2023-12-01,568355.21,598697.744778386,138645.2815147828,737343.0262931688
STR_046,2023-12-02,676348.0800000001,749780.6579172073,138645.2815147828,888425.9394319901
STR_046,2023-12-03,712726.09,689279.2582461066,138645.2815147828,827924.5397608894
STR_046,2023-12-04,353801.08,355612.38720666175,138645.2815147828,494257.66872144456
STR_046,2023-12-05,474742.49,466577.4638908126,138645.2815147828,605222.7454055954
STR_046,2023-12-06,412861.70999999996,509358.98886399757,138645.2815147828,648004.2703787803
STR_046,2023-12-07,479221.94,512818.72251666477,138645.2815147828,651464.0040314476
STR_046,2023-12-08,631411.76,592494.6279169614,138645.2815147828,731139.9094317443
STR_046,2023-12-09,592503.98,829521.3413477958,138645.2815147828,968166.6228625786
STR_046,2023-12-10,767306.94,729636.7064745215,138645.2815147828,868281.9879893044
STR_046,2023-12-11,410123.94,407342.7358030057,138645.2815147828,545988.0173177884
STR_046,2023-12-12,426830.75,599576.9935671671,138645.2815147828,738222.2750819499
STR_046,2023-12-13,469523.64999999997,474741.9708055542,138645.2815147828,613387.252320337
STR_046,2023-12-14,474045.95,519532.7231533775,138645.2815147828,658178.0046681603
STR_046,2023-12-15,846742.03,795969.7525058006,138645.2815147828,934615.0340205834
STR_046,2023-12-16,597302.65,834218.2312667354,138645.2815147828,972863.5127815182
STR_046,2023-12-17,614819.73,745569.4905197702,138645.2815147828,884214.772034553
STR_046,2023-12-18,426257.89999999997,418787.4935583917,138645.2815147828,557432.7750731745
STR_046,2023-12-19,371984.56,428772.08139990666,138645.2815147828,567417.3629146895
STR_046,2023-12-20,418699.64999999997,427138.5101588287,138645.2815147828,565783.7916736115
STR_046,2023-12-21,494241.82,491709.43950401637,138645.2815147828,630354.7210187991
STR_046,2023-12-22,658090.43,653830.4121502436,138645.2815147828,792475.6936650265
STR_046,2023-12-23,777932.2,663299.8086290775,138645.2815147828,801945.0901438603
STR_046,2023-12-24,2115085.79,1042485.2806788273,138645.2815147828,1181130.5621936102
STR_046,2023-12-25,691770.5800000001,852172.8195371988,138645.2815147828,990818.1010519816
STR_046,2023-12-26,588587.76,478733.5687174402,138645.2815147828,617378.850232223
STR_046,2023-12-27,544414.92,476597.24798691645,138645.2815147828,615242.5295016993
STR_046,2023-12-28,518734.2,505858.0288240227,138645.2815147828,644503.3103388054
STR_046,2023-12-29,641535.45,596866.2173474316,138645.2815147828,735511.4988622144
STR_046,2023-12-30,837688.35,773001.1873188792,138645.2815147828,911646.468833662
STR_046,2023-12-31,1664122.49,1228954.3539153829,138645.2815147828,1367599.6354301656
STR_046,2024-01-01,107493.83,170690.12684023366,138645.2815147828,309335.4083550165
STR_046,2024-01-02,230853.8,309671.7551474142,138645.2815147828,448317.03666219703
STR_046,2024-01-03,302687.36,336480.18796998827,138645.2815147828,475125.4694847711
STR_046,2024-01-04,274229.66,315628.65313098306,138645.2815147828,454273.93464576587
STR_046,2024-01-05,376514.58999999997,384640.7951895445,138645.2815147828,523286.0767043273
STR_046,2024-01-06,556495.94,523120.78236936533,138645.2815147828,661766.0638841481
STR_046,2024-01-07,386372.14,370469.740390161,138645.2815147828,509115.0219049438
STR_046,2024-01-08,275813.53,279265.8883754749,138645.2815147828,417911.1698902577
STR_046,2024-01-09,243498.57,340396.10765130434,138645.2815147828,479041.38916608714
STR_046,2024-01-10,263681.73,280602.71816346695,138645.2815147828,419247.99967824976
STR_046,2024-01-11,294203.62,329408.467277484,138645.2815147828,468053.7487922668
STR_046,2024-01-12,404685.32,406578.4462857325,138645.2815147828,545223.7278005152
STR_046,2024-01-13,413714.39,505532.868542457,138645.2815147828,644178.1500572398
STR_046,2024-01-14,390666.01,452574.9008375179,138645.2815147828,591220.1823523007
STR_046,2024-01-15,319117.06,381551.66637543053,138645.2815147828,520196.94789021334
STR_046,2024-01-16,250148.66,267576.8295075312,138645.2815147828,406222.111022314
STR_046,2024-01-17,246843.06,327268.7538982922,138645.2815147828,465914.035413075
STR_046,2024-01-18,308186.42,300460.2661004233,138645.2815147828,439105.5476152061
STR_046,2024-01-19,352119.58999999997,387680.447102606,138645.2815147828,526325.7286173888
STR_046,2024-01-20,416491.33,486576.60993469146,138645.2815147828,625221.8914494743
STR_046,2024-01-21,552040.61,434300.70189538854,138645.2815147828,572945.9834101713
STR_046,2024-01-22,192849.01,238742.20187750988,138645.2815147828,377387.4833922927
STR_046,2024-01-23,280594.8,251212.15088696202,138645.2815147828,389857.4324017448
STR_046,2024-01-24,286111.0,297685.7190842825,138645.2815147828,436331.00059906533
STR_046,2024-01-25,269984.71,298693.2330989166,138645.2815147828,437338.5146136994
STR_046,2024-01-26,361539.97,366844.6528665088,138645.2815147828,505489.9343812916
STR_046,2024-01-27,462256.67,479364.9293321805,138645.2815147828,618010.2108469633
STR_046,2024-01-28,511804.57,471897.67839281616,138645.2815147828,610542.959907599
STR_046,2024-01-29,249737.47,247683.0321026116,138645.2815147828,386328.3136173944
STR_046,2024-01-30,275743.33,249404.7732948502,138645.2815147828,388050.054809633
STR_046,2024-01-31,322592.05,351426.5309130936,138645.2815147828,490071.8124278764
STR_046,2024-02-01,202799.23,269598.08218328416,138645.2815147828,408243.36369806697
STR_046,2024-02-02,289654.69,346509.8003452109,138645.2815147828,485155.0818599937
STR_046,2024-02-03,491934.52,425698.4318760233,138645.2815147828,564343.7133908061
STR_046,2024-02-04,448710.16000000003,399522.5402956231,138645.2815147828,538167.8218104059
STR_046,2024-02-05,128636.5,151910.939676827,138645.2815147828,290556.2211916098
STR_046,2024-02-06,304503.84,262824.55500309094,138645.2815147828,401469.83651787374
STR_046,2024-02-07,273824.54000000004,269280.29739178927,138645.2815147828,407925.5789065721
STR_046,2024-02-08,349699.11,282093.01890888234,138645.2815147828,420738.30042366515
STR_046,2024-02-09,435770.16000000003,363369.2527967581,138645.2815147828,502014.5343115409
STR_046,2024-02-10,400176.99,406993.24989683565,138645.2815147828,545638.5314116185
STR_046,2024-02-11,426099.46,421754.52494521375,138645.2815147828,560399.8064599966
STR_046,2024-02-12,238170.97,236097.80415512636,138645.2815147828,374743.08566990914
STR_046,2024-02-13,228604.5,279438.20752675383,138645.2815147828,418083.48904153664
STR_046,2024-02-14,284530.96,251555.02583419697,138645.2815147828,390200.30734897975
STR_046,2024-02-15,437944.14,386313.76016898686,138645.2815147828,524959.0416837697
STR_046,2024-02-16,374172.81,368959.9941390528,138645.2815147828,507605.2756538356
STR_046,2024-02-17,540122.77,461399.535828993,138645.2815147828,600044.8173437759
STR_046,2024-02-18,396889.17,352948.78589873004,138645.2815147828,491594.06741351285
STR_046,2024-02-19,290269.38,263660.76939899777,138645.2815147828,402306.0509137806
STR_046,2024-02-20,302523.94,284424.2150780499,138645.2815147828,423069.49659283273
STR_046,2024-02-21,158318.63,245118.3149171469,138645.2815147828,383763.59643192973
STR_046,2024-02-22,300560.24,257423.6620516518,138645.2815147828,396068.9435664346
STR_046,2024-02-23,368939.02,370261.9151901462,138645.2815147828,508907.196704929
STR_046,2024-02-24,440150.97,459763.471143599,138645.2815147828,598408.7526583818
STR_046,2024-02-25,434773.04,420962.4576458784,138645.2815147828,559607.7391606612
STR_046,2024-02-26,288605.1,222335.1348706505,138645.2815147828,360980.4163854333
STR_046,2024-02-27,253283.66,259750.99049911837,138645.2815147828,398396.27201390115
STR_046,2024-02-28,237035.32,269027.36194673995,138645.2815147828,407672.64346152276
STR_046,2024-02-29,356313.77999999997,359943.19751304854,138645.2815147828,498588.47902783134
STR_047,2023-12-01,597988.54,644974.6825321147,95883.66725170857,740858.3497838232
STR_047,2023-12-02,1027562.23,1020189.1372925082,95883.66725170857,1116072.8045442167
STR_047,2023-12-03,724647.61,790905.1537160197,95883.66725170857,886788.8209677283
STR_047,2023-12-04,525276.56,502589.0132195065,95883.66725170857,598472.680471215
STR_047,2023-12-05,496701.83999999997,483384.9579551509,95883.66725170857,579268.6252068595
STR_047,2023-12-06,551454.46,508536.24287237774,95883.66725170857,604419.9101240863
STR_047,2023-12-07,666927.12,645988.2191518393,95883.66725170857,741871.8864035478
STR_047,2023-12-08,508094.7,635479.1558410525,95883.66725170857,731362.8230927611
STR_047,2023-12-09,1068867.93,1133434.974448617,95883.66725170857,1229318.6417003255
STR_047,2023-12-10,897243.76,788672.0321557845,95883.66725170857,884555.6994074931
STR_047,2023-12-11,565938.18,495814.15350142005,95883.66725170857,591697.8207531286
STR_047,2023-12-12,729883.31,623350.0545334452,95883.66725170857,719233.7217851537
STR_047,2023-12-13,557035.84,535326.4666522796,95883.66725170857,631210.1339039882
STR_047,2023-12-14,521650.79000000004,542667.1912280276,95883.66725170857,638550.8584797361
STR_047,2023-12-15,1002367.19,919861.0530130857,95883.66725170857,1015744.7202647943
STR_047,2023-12-16,876933.99,931469.8364271807,95883.66725170857,1027353.5036788892
STR_047,2023-12-17,904585.74,791259.0313368965,95883.66725170857,887142.698588605
STR_047,2023-12-18,401083.72,462902.7149741901,95883.66725170857,558786.3822258987
STR_047,2023-12-19,549249.41,513216.96238263213,95883.66725170857,609100.6296343408
STR_047,2023-12-20,583571.08,548422.1102548474,95883.66725170857,644305.777506556
STR_047,2023-12-21,588950.55,533578.7150961005,95883.66725170857,629462.382347809
STR_047,2023-12-22,876686.41,784003.9595532743,95883.66725170857,879887.6268049829
STR_047,2023-12-23,848701.54,886938.9409619148,95883.66725170857,982822.6082136234
STR_047,2023-12-24,2136507.14,998064.7422162431,95883.66725170857,1093948.4094679516
STR_047,2023-12-25,886787.02,981115.5948898855,95883.66725170857,1076999.2621415942
STR_047,2023-12-26,446541.35,508143.4705475632,95883.66725170857,604027.1377992718
STR_047,2023-12-27,616849.36,545932.2391294223,95883.66725170857,641815.9063811309
STR_047,2023-12-28,527281.35,527119.7443855988,95883.66725170857,623003.4116373074
STR_047,2023-12-29,675453.78,721502.5854658657,95883.66725170857,817386.2527175742
STR_047,2023-12-30,995695.65,1055859.5044681076,95883.66725170857,1151743.171719816
STR_047,2023-12-31,2289650.48,1202803.8622848284,95883.66725170857,1298687.529536537
STR_047,2024-01-01,123804.56999999999,200842.88577977588,95883.66725170857,296726.5530314845
STR_047,2024-01-02,310550.31,314589.9906504161,95883.66725170857,410473.6579021247
STR_047,2024-01-03,308853.70999999996,331917.7864220535,95883.66725170857,427801.4536737621
STR_047,2024-01-04,405827.16,362413.9601424313,95883.66725170857,458297.6273941399
STR_047,2024-01-05,440396.06,413424.1578474565,95883.66725170857,509307.8250991651
STR_047,2024-01-06,342634.72000000003,596473.4585849764,95883.66725170857,692357.125836685
STR_047,2024-01-07,490361.61,569547.0043355408,95883.66725170857,665430.6715872494
STR_047,2024-01-08,326343.87,310512.49841408414,95883.66725170857,406396.1656657927
STR_047,2024-01-09,334008.84,321707.9176335244,95883.66725170857,417591.58488523297
STR_047,2024-01-10,314387.56,350429.32926003105,95883.66725170857,446312.9965117396
STR_047,2024-01-11,380322.11,391012.70372058236,95883.66725170857,486896.3709722909
STR_047,2024-01-12,435846.81,472777.143216008,95883.66725170857,568660.8104677165
STR_047,2024-01-13,494938.27999999997,567912.3334834342,95883.66725170857,663796.0007351427
STR_047,2024-01-14,512763.78,529640.8921410941,95883.66725170857,625524.5593928027
STR_047,2024-01-15,394959.76,375912.30523371673,95883.66725170857,471795.9724854253
STR_047,2024-01-16,338858.29,349523.6581985882,95883.66725170857,445407.32545029675
STR_047,2024-01-17,252410.85,313407.631144893,95883.66725170857,409291.2983966016
STR_047,2024-01-18,341887.0,330634.19204076426,95883.66725170857,426517.85929247283
STR_047,2024-01-19,344439.38,360719.70290039,95883.66725170857,456603.3701520986
STR_047,2024-01-20,608569.56,599803.8471842476,95883.66725170857,695687.5144359561
STR_047,2024-01-21,300822.68,450334.2031509733,95883.66725170857,546217.8704026819
STR_047,2024-01-22,295670.05,348428.14235919947,95883.66725170857,444311.80961090804
STR_047,2024-01-23,277091.2,306810.86610727827,95883.66725170857,402694.53335898684
STR_047,2024-01-24,307359.76,321880.79021720623,95883.66725170857,417764.4574689148
STR_047,2024-01-25,344304.18,348247.5830872135,95883.66725170857,444131.2503389221
STR_047,2024-01-26,409331.81,385994.1326969108,95883.66725170857,481877.7999486194
STR_047,2024-01-27,656445.58,619498.1278838576,95883.66725170857,715381.7951355661
STR_047,2024-01-28,576647.15,535916.8592673806,95883.66725170857,631800.5265190891
STR_047,2024-01-29,273632.42,316386.77123464143,95883.66725170857,412270.43848635
STR_047,2024-01-30,180986.71,265634.31550129375,95883.66725170857,361517.9827530023
STR_047,2024-01-31,404113.39,386224.77256829845,95883.66725170857,482108.439820007
STR_047,2024-02-01,193396.75,320952.54867152503,95883.66725170857,416836.2159232336
STR_047,2024-02-02,345333.82,455383.5922718685,95883.66725170857,551267.259523577
STR_047,2024-02-03,445931.94,490887.8327766874,95883.66725170857,586771.500028396
STR_047,2024-02-04,404378.69,486504.3738026378,95883.66725170857,582388.0410543464
STR_047,2024-02-05,122475.25,187989.01722817807,95883.66725170857,283872.68447988667
STR_047,2024-02-06,372868.21,311347.39094458224,95883.66725170857,407231.0581962908
STR_047,2024-02-07,327294.97,312205.1914280616,95883.66725170857,408088.85867977014
STR_047,2024-02-08,327827.28,319656.35846067016,95883.66725170857,415540.02571237873
STR_047,2024-02-09,436188.35,405004.4315330914,95883.66725170857,500888.0987848
STR_047,2024-02-10,532941.08,476579.66178489587,95883.66725170857,572463.3290366044
STR_047,2024-02-11,433691.01,427626.765139147,95883.66725170857,523510.43239085557
STR_047,2024-02-12,139091.89,285038.6536845192,95883.66725170857,380922.32093622774
STR_047,2024-02-13,373846.45,340197.9642092851,95883.66725170857,436081.63146099367
STR_047,2024-02-14,261652.55,319090.7734088286,95883.66725170857,414974.44066053716
STR_047,2024-02-15,454696.85,473977.96543253586,95883.66725170857,569861.6326842444
STR_047,2024-02-16,497672.04,388451.9637041432,95883.66725170857,484335.63095585175
STR_047,2024-02-17,599141.18,557322.5828860695,95883.66725170857,653206.2501377781
STR_047,2024-02-18,448939.6,434800.652472676,95883.66725170857,530684.3197243846
STR_047,2024-02-19,264675.88,284812.37224936043,95883.66725170857,380696.039501069
STR_047,2024-02-20,319835.85,315976.5642541253,95883.66725170857,411860.23150583386
STR_047,2024-02-21,374831.25,325609.2576228026,95883.66725170857,421492.92487451114
STR_047,2024-02-22,400953.62,381464.3074109358,95883.66725170857,477347.9746626444
STR_047,2024-02-23,559195.11,450701.95637775323,95883.66725170857,546585.6236294617
STR_047,2024-02-24,469681.45999999996,485223.7267238375,95883.66725170857,581107.3939755461
STR_047,2024-02-25,507396.6,472855.6726810394,95883.66725170857,568739.3399327479
STR_047,2024-02-26,331329.51,267981.4032147499,95883.66725170857,363865.07046645845
STR_047,2024-02-27,267468.83,283465.06374576257,95883.66725170857,379348.73099747114
STR_047,2024-02-28,410034.62,343894.03115677234,95883.66725170857,439777.6984084809
STR_047,2024-02-29,512571.25,474732.76152225,95883.66725170857,570616.4287739586
STR_048,2023-12-01,499613.52,484770.1267891128,106063.35238628142,590833.4791753942
STR_048,2023-12-02,543587.83,680462.8514804624,106063.35238628142,786526.2038667437
STR_048,2023-12-03,548580.8,507301.59176522575,106063.35238628142,613364.9441515072
STR_048,2023-12-04,374754.15,328066.3171639766,106063.35238628142,434129.669550258
STR_048,2023-12-05,419371.89,367350.147730878,106063.35238628142,473413.5001171594
STR_048,2023-12-06,356642.89,357276.9139210476,106063.35238628142,463340.266307329
STR_048,2023-12-07,421186.36,393841.4147302494,106063.35238628142,499904.7671165308
STR_048,2023-12-08,413016.70999999996,426409.27154678415,106063.35238628142,532472.6239330656
STR_048,2023-12-09,752335.3300000001,654815.2611827964,106063.35238628142,760878.6135690778
STR_048,2023-12-10,551896.48,563028.793558073,106063.35238628142,669092.1459443544
STR_048,2023-12-11,213817.4,363694.53248488804,106063.35238628142,469757.88487116946
STR_048,2023-12-12,424766.3,501117.84360158374,106063.35238628142,607181.1959878651
STR_048,2023-12-13,384571.12,377810.3164387132,106063.35238628142,483873.66882499465
STR_048,2023-12-14,437073.54,397308.57064742525,106063.35238628142,503371.92303370667
STR_048,2023-12-15,507508.55,602032.7931862711,106063.35238628142,708096.1455725525
STR_048,2023-12-16,576889.1799999999,621827.2649395466,106063.35238628142,727890.617325828
STR_048,2023-12-17,672682.76,610234.0502740177,106063.35238628142,716297.4026602991
STR_048,2023-12-18,384545.17,311070.3807735752,106063.35238628142,417133.73315985664
STR_048,2023-12-19,376129.79000000004,379925.27847077197,106063.35238628142,485988.6308570534
STR_048,2023-12-20,384874.79,356446.92125637416,106063.35238628142,462510.2736426556
STR_048,2023-12-21,311764.2,383794.6056412011,106063.35238628142,489857.9580274825
STR_048,2023-12-22,533336.45,504407.34089336294,106063.35238628142,610470.6932796444
STR_048,2023-12-23,680214.95,665242.5359159535,106063.35238628142,771305.8883022349
STR_048,2023-12-24,1676365.24,899563.3595258368,106063.35238628142,1005626.7119121181
STR_048,2023-12-25,728445.48,679555.8593203826,106063.35238628142,785619.211706664
STR_048,2023-12-26,380227.18,390178.1856756179,106063.35238628142,496241.5380618993
STR_048,2023-12-27,386626.54000000004,347201.6456557722,106063.35238628142,453264.9980420536
STR_048,2023-12-28,410693.07999999996,387636.8145838592,106063.35238628142,493700.1669701406
STR_048,2023-12-29,421299.57999999996,412647.70159311953,106063.35238628142,518711.05397940095
STR_048,2023-12-30,642473.79,658981.8028504004,106063.35238628142,765045.1552366819
STR_048,2023-12-31,1455305.55,1151606.80584681,106063.35238628142,1257670.1582330915
STR_048,2024-01-01,34609.86,150622.8846457614,106063.35238628142,256686.23703204282
STR_048,2024-01-02,204637.01,266820.39211116487,106063.35238628142,372883.7444974463
STR_048,2024-01-03,225629.53999999998,256899.00864707681,106063.35238628142,362962.36103335826
STR_048,2024-01-04,168747.08000000002,263503.86384790606,106063.35238628142,369567.2162341875
STR_048,2024-01-05,344057.8,354103.0264781641,106063.35238628142,460166.3788644455
STR_048,2024-01-06,322503.33,403389.2778339209,106063.35238628142,509452.6302202023
STR_048,2024-01-07,289417.75,348249.9228393326,106063.35238628142,454313.275225614
STR_048,2024-01-08,195144.78,239531.64823623767,106063.35238628142,345595.00062251906
STR_048,2024-01-09,223114.85,235381.98954521574,106063.35238628142,341445.34193149715
STR_048,2024-01-10,219165.55,231495.02707120628,106063.35238628142,337558.3794574877
STR_048,2024-01-11,167309.64,230599.27667007866,106063.35238628142,336662.6290563601
STR_048,2024-01-12,284957.27,311640.95272748393,106063.35238628142,417704.30511376535
STR_048,2024-01-13,335435.15,413596.43206192844,106063.35238628142,519659.78444820986
STR_048,2024-01-14,320213.49,335227.47708187177,106063.35238628142,441290.8294681532
STR_048,2024-01-15,251139.71,289447.53794343246,106063.35238628142,395510.8903297139
STR_048,2024-01-16,231216.86,232231.4486869485,106063.35238628142,338294.80107322993
STR_048,2024-01-17,213094.12,231041.31558871435,106063.35238628142,337104.6679749958
STR_048,2024-01-18,219077.24,243257.96836972862,106063.35238628142,349321.32075601
STR_048,2024-01-19,292024.6,313006.1572425715,106063.35238628142,419069.50962885295
STR_048,2024-01-20,354969.77999999997,386701.9531658669,106063.35238628142,492765.3055521483
STR_048,2024-01-21,333180.75,367651.8325428796,106063.35238628142,473715.18492916104
STR_048,2024-01-22,188309.99000000002,213050.8585796701,106063.35238628142,319114.21096595156
STR_048,2024-01-23,236608.6,255612.87621847593,106063.35238628142,361676.22860475734
STR_048,2024-01-24,204568.57,235169.30521110783,106063.35238628142,341232.65759738925
STR_048,2024-01-25,198420.52,221616.96156822404,106063.35238628142,327680.3139545055
STR_048,2024-01-26,307386.27,305548.8243466211,106063.35238628142,411612.17673290253
STR_048,2024-01-27,382775.75,348850.87749484344,106063.35238628142,454914.22988112486
STR_048,2024-01-28,295215.56,322180.6662731938,106063.35238628142,428244.0186594752
STR_048,2024-01-29,201012.76,181197.21276103507,106063.35238628142,287260.5651473165
STR_048,2024-01-30,190479.89,205430.87031779042,106063.35238628142,311494.22270407184
STR_048,2024-01-31,375369.0,352442.02649676485,106063.35238628142,458505.3788830463
STR_048,2024-02-01,207411.32,228899.09006343,106063.35238628142,334962.4424497114
STR_048,2024-02-02,292792.75,286769.9492119555,106063.35238628142,392833.3015982369
STR_048,2024-02-03,284636.27,367338.41707153304,106063.35238628142,473401.76945781446
STR_048,2024-02-04,335539.07,357505.13149559597,106063.35238628142,463568.4838818774
STR_048,2024-02-05,85919.38,126354.37154514933,106063.35238628142,232417.72393143075
STR_048,2024-02-06,226333.15,207004.6596994871,106063.35238628142,313068.0120857685
STR_048,2024-02-07,192901.09,217881.7908721223,106063.35238628142,323945.14325840375
STR_048,2024-02-08,249311.1,225895.55644717222,106063.35238628142,331958.90883345366
STR_048,2024-02-09,269046.74,267695.59303235216,106063.35238628142,373758.9454186336
STR_048,2024-02-10,299844.1,355352.37073629996,106063.35238628142,461415.7231225814
STR_048,2024-02-11,370475.61,331681.9676301348,106063.35238628142,437745.3200164162
STR_048,2024-02-12,155110.13999999998,202801.67903186788,106063.35238628142,308865.0314181493
STR_048,2024-02-13,261101.31,241145.04300849896,106063.35238628142,347208.3953947804
STR_048,2024-02-14,254314.09999999998,253054.60620339453,106063.35238628142,359117.95858967595
STR_048,2024-02-15,262125.90000000002,255816.49513272362,106063.35238628142,361879.84751900507
STR_048,2024-02-16,214877.03,281651.13692547486,106063.35238628142,387714.4893117563
STR_048,2024-02-17,395626.11,409906.061114001,106063.35238628142,515969.4135002824
STR_048,2024-02-18,347399.89,321270.20661216724,106063.35238628142,427333.55899844866
STR_048,2024-02-19,230215.36,196780.8330896026,106063.35238628142,302844.185475884
STR_048,2024-02-20,196294.28999999998,212308.395595119,106063.35238628142,318371.7479814004
STR_048,2024-02-21,221277.34,207087.42052639634,106063.35238628142,313150.7729126777
STR_048,2024-02-22,264450.63,231818.67258225445,106063.35238628142,337882.0249685359
STR_048,2024-02-23,293221.68,264536.9177396855,106063.35238628142,370600.2701259669
STR_048,2024-02-24,342898.82,345528.81236923405,106063.35238628142,451592.16475551546
STR_048,2024-02-25,326594.75,320680.80699163704,106063.35238628142,426744.15937791846
STR_048,2024-02-26,178645.31,187174.7293124021,106063.35238628142,293238.08169868356
STR_048,2024-02-27,251042.13,235054.81934173408,106063.35238628142,341118.1717280155
STR_048,2024-02-28,197213.47,233680.14298615945,106063.35238628142,339743.4953724409
STR_048,2024-02-29,342703.65,305460.8106182686,106063.35238628142,411524.16300455004
STR_049,2023-12-01,838012.34,723502.0164081685,138518.88954592752,862020.905954096
STR_049,2023-12-02,994275.71,1003063.1865115734,138518.88954592752,1141582.076057501
STR_049,2023-12-03,632689.6900000001,694694.9586558706,138518.88954592752,833213.8482017982
STR_049,2023-12-04,570519.76,498431.34094012226,138518.88954592752,636950.2304860498
STR_049,2023-12-05,300600.31,506633.65637240093,138518.88954592752,645152.5459183285
STR_049,2023-12-06,401865.55,500612.2137219235,138518.88954592752,639131.103267851
STR_049,2023-12-07,592371.22,598834.4003933611,138518.88954592752,737353.2899392886
STR_049,2023-12-08,878486.16,723553.1911921408,138518.88954592752,862072.0807380683
STR_049,2023-12-09,863169.02,893478.6762289245,138518.88954592752,1031997.5657748521
STR_049,2023-12-10,947716.23,868857.7249583305,138518.88954592752,1007376.614504258
STR_049,2023-12-11,505451.05,516093.340039417,138518.88954592752,654612.2295853444
STR_049,2023-12-12,795961.73,659104.5418667182,138518.88954592752,797623.4314126457
STR_049,2023-12-13,690541.9,631229.6319443529,138518.88954592752,769748.5214902804
STR_049,2023-12-14,561435.85,584720.1799220452,138518.88954592752,723239.0694679727
STR_049,2023-12-15,1227127.8199999998,1137790.5721186232,138518.88954592752,1276309.4616645507
STR_049,2023-12-16,1021733.52,1113423.1610054674,138518.88954592752,1251942.050551395
STR_049,2023-12-17,761965.19,847875.316165717,138518.88954592752,986394.2057116445
STR_049,2023-12-18,575550.4299999999,518410.1380153939,138518.88954592752,656929.0275613214
STR_049,2023-12-19,510140.19,545011.1179778457,138518.88954592752,683530.0075237732
STR_049,2023-12-20,589141.94,543476.6003660081,138518.88954592752,681995.4899119356
STR_049,2023-12-21,638273.03,564163.0381747433,138518.88954592752,702681.9277206708
STR_049,2023-12-22,768468.45,839448.2290171275,138518.88954592752,977967.1185630551
STR_049,2023-12-23,965991.64,1068572.6384201185,138518.88954592752,1207091.527966046
STR_049,2023-12-24,2270628.39,976215.4440087959,138518.88954592752,1114734.3335547233
STR_049,2023-12-25,1158713.32,977582.3465853817,138518.88954592752,1116101.236131309
STR_049,2023-12-26,589333.81,497303.46270896285,138518.88954592752,635822.3522548904
STR_049,2023-12-27,601171.4199999999,577302.7287580195,138518.88954592752,715821.618303947
STR_049,2023-12-28,614220.9500000001,679279.2280825628,138518.88954592752,817798.1176284903
STR_049,2023-12-29,736795.49,696186.0450834102,138518.88954592752,834704.9346293377
STR_049,2023-12-30,850690.6699999999,949359.3999289932,138518.88954592752,1087878.2894749208
STR_049,2023-12-31,2087784.6400000001,1212814.0049248538,138518.88954592752,1351332.8944707813
STR_049,2024-01-01,123307.28,188769.8424308091,138518.88954592752,327288.7319767366
STR_049,2024-01-02,340653.81,344384.368054294,138518.88954592752,482903.25760022155
STR_049,2024-01-03,322667.12,359214.2450419251,138518.88954592752,497733.13458785263
STR_049,2024-01-04,313243.08,357934.9715381866,138518.88954592752,496453.8610841141
STR_049,2024-01-05,408157.99,511984.62406491936,138518.88954592752,650503.5136108468
STR_049,2024-01-06,597341.22,642171.1326865391,138518.88954592752,780690.0222324666
STR_049,2024-01-07,471578.35,596291.8060310988,138518.88954592752,734810.6955770263
STR_049,2024-01-08,347029.45999999996,365102.3742350736,138518.88954592752,503621.26378100115
STR_049,2024-01-09,201319.2,329955.0100065503,138518.88954592752,468473.8995524778
STR_049,2024-01-10,289082.36,340917.86879373505,138518.88954592752,479436.75833966257
STR_049,2024-01-11,292544.83,331575.20243414753,138518.88954592752,470094.09198007506
STR_049,2024-01-12,518344.87,531830.2922788429,138518.88954592752,670349.1818247704
STR_049,2024-01-13,392209.43,589644.4884897997,138518.88954592752,728163.3780357272
STR_049,2024-01-14,480173.41000000003,479453.646497275,138518.88954592752,617972.5360432025
STR_049,2024-01-15,240654.14,441516.46261295077,138518.88954592752,580035.3521588782
STR_049,2024-01-16,262562.67,298701.8768447641,138518.88954592752,437220.7663906916
STR_049,2024-01-17,336681.68,341798.56070040853,138518.88954592752,480317.45024633605
STR_049,2024-01-18,336432.14,351108.7690309642,138518.88954592752,489627.6585768917
STR_049,2024-01-19,392218.83999999997,393859.5840864456,138518.88954592752,532378.4736323731
STR_049,2024-01-20,575924.7999999999,561934.1414242667,138518.88954592752,700453.0309701943
STR_049,2024-01-21,459601.56999999995,523398.4097313829,138518.88954592752,661917.2992773105
STR_049,2024-01-22,261501.21000000002,333579.79817041015,138518.88954592752,472098.6877163377
STR_049,2024-01-23,326077.47,293315.3960183348,138518.88954592752,431834.2855642623
STR_049,2024-01-24,391567.49,340405.0031092535,138518.88954592752,478923.892655181
STR_049,2024-01-25,296012.29,396010.6326185023,138518.88954592752,534529.5221644298
STR_049,2024-01-26,427337.48,464108.81071521115,138518.88954592752,602627.7002611386
STR_049,2024-01-27,473337.92,504781.5641869748,138518.88954592752,643300.4537329023
STR_049,2024-01-28,530255.8099999999,496630.2735955142,138518.88954592752,635149.1631414418
STR_049,2024-01-29,352001.17,308463.9956973242,138518.88954592752,446982.88524325175
STR_049,2024-01-30,376800.5,316409.2740559619,138518.88954592752,454928.16360188945
STR_049,2024-01-31,551522.19,469025.8930883081,138518.88954592752,607544.7826342357
STR_049,2024-02-01,395946.86,377545.54307040677,138518.88954592752,516064.4326163343
STR_049,2024-02-02,329675.48,398613.7109353774,138518.88954592752,537132.6004813049
STR_049,2024-02-03,525119.84,519028.7994864252,138518.88954592752,657547.6890323528
STR_049,2024-02-04,544778.3,475938.0554790822,138518.88954592752,614456.9450250098
STR_049,2024-02-05,184301.37,172375.2030398392,138518.88954592752,310894.0925857667
STR_049,2024-02-06,285224.71,352687.6730824596,138518.88954592752,491206.5626283871
STR_049,2024-02-07,260441.84,311733.9770699258,138518.88954592752,450252.86661585333
STR_049,2024-02-08,364645.9,351225.9607366693,138518.88954592752,489744.85028259683
STR_049,2024-02-09,629816.98,505691.7096025418,138518.88954592752,644210.5991484693
STR_049,2024-02-10,520714.44,572034.1636813029,138518.88954592752,710553.0532272304
STR_049,2024-02-11,476445.26,470288.96990997106,138518.88954592752,608807.8594558986
STR_049,2024-02-12,306754.57,295598.90264079644,138518.88954592752,434117.79218672396
STR_049,2024-02-13,320541.41,318592.67071981955,138518.88954592752,457111.5602657471
STR_049,2024-02-14,394920.0,335462.1916469003,138518.88954592752,473981.08119282784
STR_049,2024-02-15,556539.4,487440.6112903571,138518.88954592752,625959.5008362846
STR_049,2024-02-16,309833.05,480076.50369797385,138518.88954592752,618595.3932439014
STR_049,2024-02-17,588825.16,601867.5796910523,138518.88954592752,740386.4692369798
STR_049,2024-02-18,559471.48,498791.4074541125,138518.88954592752,637310.2970000401
STR_049,2024-02-19,262696.56,276407.9343884941,138518.88954592752,414926.82393442164
STR_049,2024-02-20,249608.63,328702.90362295305,138518.88954592752,467221.79316888057
STR_049,2024-02-21,341122.26,326140.2422851057,138518.88954592752,464659.1318310332
STR_049,2024-02-22,365397.16000000003,331533.0543525322,138518.88954592752,470051.9438984597
STR_049,2024-02-23,428981.94999999995,423706.6021315675,138518.88954592752,562225.491677495
STR_049,2024-02-24,635909.5,603996.7247375002,138518.88954592752,742515.6142834277
STR_049,2024-02-25,501255.87,486611.5106603809,138518.88954592752,625130.4002063083
STR_049,2024-02-26,345087.29,326280.0898267926,138518.88954592752,464798.9793727201
STR_049,2024-02-27,343003.27,316639.56753632025,138518.88954592752,455158.45708224777
STR_049,2024-02-28,333558.64,319744.66820215335,138518.88954592752,458263.5577480809
STR_049,2024-02-29,515693.59,479721.53703008674,138518.88954592752,618240.4265760143
STR_050,2023-12-01,674008.5599999999,527771.0854465403,109091.07597233594,636862.1614188761
STR_050,2023-12-02,708884.06,687114.2033637967,109091.07597233594,796205.2793361326
STR_050,2023-12-03,589269.51,561412.4797946891,109091.07597233594,670503.5557670251
STR_050,2023-12-04,322241.15,340125.57216432167,109091.07597233594,449216.6481366576
STR_050,2023-12-05,384555.66000000003,351488.59961893695,109091.07597233594,460579.6755912729
STR_050,2023-12-06,332602.25,379679.645518868,109091.07597233594,488770.72149120393
STR_050,2023-12-07,385894.4,390157.3306743994,109091.07597233594,499248.4066467353
STR_050,2023-12-08,258379.22000000003,536529.8980860125,109091.07597233594,645620.9740583485
STR_050,2023-12-09,541172.0,610778.0947986585,109091.07597233594,719869.1707709944
STR_050,2023-12-10,279188.4,571282.2349077901,109091.07597233594,680373.310880126
STR_050,2023-12-11,231024.64,328682.03756347805,109091.07597233594,437773.113535814
STR_050,2023-12-12,337076.07,392292.21343765216,109091.07597233594,501383.2894099881
STR_050,2023-12-13,213070.28999999998,386437.5084241122,109091.07597233594,495528.58439644816
STR_050,2023-12-14,387912.7,393165.03350274445,109091.07597233594,502256.1094750804
STR_050,2023-12-15,674341.79,647154.0467264494,109091.07597233594,756245.1226987853
STR_050,2023-12-16,530481.41,579152.5410830874,109091.07597233594,688243.6170554233
STR_050,2023-12-17,456217.33999999997,528802.4579648082,109091.07597233594,637893.5339371441
STR_050,2023-12-18,315418.5,302228.9662313866,109091.07597233594,411320.0422037225
STR_050,2023-12-19,290542.67,351488.73098036856,109091.07597233594,460579.8069527045
STR_050,2023-12-20,397717.82999999996,358143.75126480794,109091.07597233594,467234.8272371439
STR_050,2023-12-21,310811.91,354838.43317113945,109091.07597233594,463929.5091434754
STR_050,2023-12-22,505570.99,485337.3374237015,109091.07597233594,594428.4133960374
STR_050,2023-12-23,694344.37,576965.688702152,109091.07597233594,686056.764674488
STR_050,2023-12-24,1060903.04,899148.2579500312,109091.07597233594,1008239.3339223671
STR_050,2023-12-25,706794.12,636917.4132488316,109091.07597233594,746008.4892211675
STR_050,2023-12-26,387882.56,363543.7463241984,109091.07597233594,472634.8222965343
STR_050,2023-12-27,338888.96,340728.7167757307,109091.07597233594,449819.79274806665
STR_050,2023-12-28,298673.05,365010.0860519166,109091.07597233594,474101.1620242525
STR_050,2023-12-29,428772.18,455438.53103911655,109091.07597233594,564529.6070114526
STR_050,2023-12-30,388869.5,537733.5216779092,109091.07597233594,646824.5976502451
STR_050,2023-12-31,1153730.1400000001,1073631.6004738118,109091.07597233594,1182722.6764461477
STR_050,2024-01-01,71960.88,140337.0095875731,109091.07597233594,249428.08555990903
STR_050,2024-01-02,203197.16,221067.0951601429,109091.07597233594,330158.17113247886
STR_050,2024-01-03,218850.37,221834.3416425371,109091.07597233594,330925.41761487303
STR_050,2024-01-04,191519.11,250173.4434864863,109091.07597233594,359264.5194588222
STR_050,2024-01-05,200961.63999999998,329062.8222058481,109091.07597233594,438153.89817818406
STR_050,2024-01-06,287497.91000000003,348043.8061821605,109091.07597233594,457134.88215449644
STR_050,2024-01-07,260914.11,330567.81841075665,109091.07597233594,439658.8943830926
STR_050,2024-01-08,128179.81000000001,205297.758427123,109091.07597233594,314388.83439945895
STR_050,2024-01-09,206969.02000000002,241366.7173019254,109091.07597233594,350457.79327426135
STR_050,2024-01-10,199137.44,220281.87599891625,109091.07597233594,329372.9519712522
STR_050,2024-01-11,201321.41999999998,244257.59639039732,109091.07597233594,353348.6723627333
STR_050,2024-01-12,321780.53,297023.1330679924,109091.07597233594,406114.20904032834
STR_050,2024-01-13,316956.3,365227.30603676307,109091.07597233594,474318.382009099
STR_050,2024-01-14,360179.64,340008.8357703277,109091.07597233594,449099.91174266365
STR_050,2024-01-15,268274.04,251602.36682681253,109091.07597233594,360693.4427991485
STR_050,2024-01-16,199926.88,225837.5853321317,109091.07597233594,334928.66130446765
STR_050,2024-01-17,250399.45,243780.0626708901,109091.07597233594,352871.138643226
STR_050,2024-01-18,231322.03,243476.60902279877,109091.07597233594,352567.6849951347
STR_050,2024-01-19,327047.05,316226.57002131804,109091.07597233594,425317.645993654
STR_050,2024-01-20,327606.79000000004,359264.6955406561,109091.07597233594,468355.77151299204
STR_050,2024-01-21,261010.3,317435.3598714007,109091.07597233594,426526.43584373663
STR_050,2024-01-22,126949.79000000001,189017.9852318881,109091.07597233594,298109.061204224
STR_050,2024-01-23,137139.97,220586.58593729022,109091.07597233594,329677.66190962616
STR_050,2024-01-24,218087.75,235078.76576141766,109091.07597233594,344169.84173375356
STR_050,2024-01-25,224942.3,249130.86845034955,109091.07597233594,358221.9444226855
STR_050,2024-01-26,277197.58,267131.70030150865,109091.07597233594,376222.7762738446
STR_050,2024-01-27,381681.47,364987.8108891681,109091.07597233594,474078.88686150406
STR_050,2024-01-28,328218.93,353300.4540666057,109091.07597233594,462391.53003894165
STR_050,2024-01-29,222453.15,220184.98570420378,109091.07597233594,329276.0616765397
STR_050,2024-01-30,213267.07,212736.43301003243,109091.07597233594,321827.5089823684
STR_050,2024-01-31,261226.71,263419.4540496341,109091.07597233594,372510.53002197004
STR_050,2024-02-01,191259.93,204279.88349070767,109091.07597233594,313370.9594630436
STR_050,2024-02-02,343116.1,281442.64998731547,109091.07597233594,390533.7259596514
STR_050,2024-02-03,328559.79,333968.5683201616,109091.07597233594,443059.64429249754
STR_050,2024-02-04,357873.92,321192.90534104995,109091.07597233594,430283.9813133859
STR_050,2024-02-05,122593.12,112881.87145310597,109091.07597233594,221972.9474254419
STR_050,2024-02-06,204091.39,191805.57220020454,109091.07597233594,300896.6481725405
STR_050,2024-02-07,242295.16,220290.34886354645,109091.07597233594,329381.4248358824
STR_050,2024-02-08,270423.04,223073.1024752326,109091.07597233594,332164.17844756856
STR_050,2024-02-09,270000.45,300523.90210607875,109091.07597233594,409614.9780784147
STR_050,2024-02-10,397370.55,364393.21192676114,109091.07597233594,473484.2878990971
STR_050,2024-02-11,278130.19,275416.53225973266,109091.07597233594,384507.6082320686
STR_050,2024-02-12,205014.41999999998,183992.82740682448,109091.07597233594,293083.90337916045
STR_050,2024-02-13,206064.28,201684.97383813068,109091.07597233594,310776.0498104666
STR_050,2024-02-14,234360.16999999998,216006.1125097594,109091.07597233594,325097.1884820954
STR_050,2024-02-15,324408.84,303792.04817881394,109091.07597233594,412883.1241511499
STR_050,2024-02-16,270361.27,260634.22164536855,109091.07597233594,369725.2976177045
STR_050,2024-02-17,360219.42,363838.8275058406,109091.07597233594,472929.90347817657
STR_050,2024-02-18,293310.38,304826.89643697697,109091.07597233594,413917.9724093129
STR_050,2024-02-19,244718.69,237648.1309719126,109091.07597233594,346739.2069442485
STR_050,2024-02-20,178304.38,205441.46740556348,109091.07597233594,314532.54337789945
STR_050,2024-02-21,219954.66,219061.28036825705,109091.07597233594,328152.35634059296
STR_050,2024-02-22,157009.71,207149.21266455657,109091.07597233594,316240.2886368925
STR_050,2024-02-23,333968.42,322743.01964520785,109091.07597233594,431834.0956175438
STR_050,2024-02-24,392535.74,384283.14709378046,109091.07597233594,493374.2230661164
STR_050,2024-02-25,354601.33,323596.3658387339,109091.07597233594,432687.44181106985
STR_050,2024-02-26,194195.72,211647.19574174198,109091.07597233594,320738.2717140779
STR_050,2024-02-27,205905.82,227789.38114369434,109091.07597233594,336880.4571160303
STR_050,2024-02-28,214563.78,199534.4402574797,109091.07597233594,308625.51622981566
STR_050,2024-02-29,264504.83,313918.5417878215,109091.07597233594,423009.61776015745
STR_051,2023-12-01,847641.12,804620.122838689,160924.10328065755,965544.2261193466
STR_051,2023-12-02,998734.1799999999,1013428.1835376027,160924.10328065755,1174352.2868182603
STR_051,2023-12-03,1133512.66,953488.8515883823,160924.10328065755,1114412.9548690398
STR_051,2023-12-04,371668.76,527242.828269377,160924.10328065755,688166.9315500346
STR_051,2023-12-05,573955.37,517437.5959316445,160924.10328065755,678361.699212302
STR_051,2023-12-06,656469.35,606475.0842636327,160924.10328065755,767399.1875442902
STR_051,2023-12-07,742474.09,692819.9336737345,160924.10328065755,853744.0369543921
STR_051,2023-12-08,928400.98,841710.7619189508,160924.10328065755,1002634.8651996084
STR_051,2023-12-09,1200496.69,1015976.4441816547,160924.10328065755,1176900.5474623123
STR_051,2023-12-10,899061.62,970787.4961741855,160924.10328065755,1131711.599454843
STR_051,2023-12-11,497331.65,542008.2619757227,160924.10328065755,702932.3652563803
STR_051,2023-12-12,922902.22,761026.889271625,160924.10328065755,921950.9925522825
STR_051,2023-12-13,623577.37,632779.8587277667,160924.10328065755,793703.9620084242
STR_051,2023-12-14,589942.5,671519.4393992826,160924.10328065755,832443.5426799401
STR_051,2023-12-15,1084438.23,1048490.7032544323,160924.10328065755,1209414.8065350899
STR_051,2023-12-16,1154702.44,1100429.6642266396,160924.10328065755,1261353.767507297
STR_051,2023-12-17,1057955.29,874257.7057132156,160924.10328065755,1035181.8089938732
STR_051,2023-12-18,515824.21,565230.8135050018,160924.10328065755,726154.9167856594
STR_051,2023-12-19,385389.85,553953.7848900575,160924.10328065755,714877.8881707151
STR_051,2023-12-20,629848.85,651885.7344274481,160924.10328065755,812809.8377081057
STR_051,2023-12-21,697318.49,725250.7032935759,160924.10328065755,886174.8065742335
STR_051,2023-12-22,860841.2999999999,752711.8437038371,160924.10328065755,913635.9469844947
STR_051,2023-12-23,1098541.43,1006977.5869771579,160924.10328065755,1167901.6902578154
STR_051,2023-12-24,2666438.42,1136931.5295520313,160924.10328065755,1297855.6328326887
STR_051,2023-12-25,1392037.92,1032619.3921926259,160924.10328065755,1193543.4954732833
STR_051,2023-12-26,693638.15,587907.7553034022,160924.10328065755,748831.8585840598
STR_051,2023-12-27,627238.52,555645.1350603267,160924.10328065755,716569.2383409842
STR_051,2023-12-28,662711.36,645066.6506093049,160924.10328065755,805990.7538899624
STR_051,2023-12-29,738570.98,772051.5078345382,160924.10328065755,932975.6111151958
STR_051,2023-12-30,925262.98,1035879.8178953009,160924.10328065755,1196803.9211759586
STR_051,2023-12-31,2331018.76,1380349.8552776268,160924.10328065755,1541273.9585582842
STR_051,2024-01-01,138273.87,188179.3429131005,160924.10328065755,349103.44619375805
STR_051,2024-01-02,266317.26,396966.1594011182,160924.10328065755,557890.2626817757
STR_051,2024-01-03,405748.64,409931.54997266544,160924.10328065755,570855.6532533229
STR_051,2024-01-04,396399.35,439126.19150910055,160924.10328065755,600050.294789758
STR_051,2024-01-05,492407.55000000005,556364.325959473,160924.10328065755,717288.4292401306
STR_051,2024-01-06,588158.52,610567.1706863188,160924.10328065755,771491.2739669763
STR_051,2024-01-07,377595.80000000005,626191.9173436667,160924.10328065755,787116.0206243242
STR_051,2024-01-08,333546.62,329879.1827238409,160924.10328065755,490803.2860044984
STR_051,2024-01-09,333357.5,353051.3292325318,160924.10328065755,513975.4325131893
STR_051,2024-01-10,314893.44,387269.31096422696,160924.10328065755,548193.4142448845
STR_051,2024-01-11,385490.04000000004,403760.6206383862,160924.10328065755,564684.7239190438
STR_051,2024-01-12,489341.19,475654.6848191136,160924.10328065755,636578.7880997711
STR_051,2024-01-13,591400.69,633446.9267162061,160924.10328065755,794371.0299968637
STR_051,2024-01-14,635580.36,658968.9608626127,160924.10328065755,819893.0641432703
STR_051,2024-01-15,294327.87,395632.8541384626,160924.10328065755,556556.9574191201
STR_051,2024-01-16,327891.28,343887.96253882995,160924.10328065755,504812.0658194875
STR_051,2024-01-17,367186.21,369547.6891290413,160924.10328065755,530471.7924096988
STR_051,2024-01-18,456767.45999999996,380374.917992101,160924.10328065755,541299.0212727585
STR_051,2024-01-19,462191.16,509940.4298272803,160924.10328065755,670864.5331079378
STR_051,2024-01-20,526301.85,691106.5888830365,160924.10328065755,852030.6921636941
STR_051,2024-01-21,478853.66000000003,562240.4177550817,160924.10328065755,723164.5210357392
STR_051,2024-01-22,350238.18,344115.21982118237,160924.10328065755,505039.3231018399
STR_051,2024-01-23,390710.68,363518.7211772331,160924.10328065755,524442.8244578906
STR_051,2024-01-24,345231.83999999997,364439.72214017453,160924.10328065755,525363.825420832
STR_051,2024-01-25,342173.86,375740.6567597253,160924.10328065755,536664.7600403829
STR_051,2024-01-26,488878.83999999997,511866.4325127944,160924.10328065755,672790.5357934519
STR_051,2024-01-27,747274.64,658512.6348179327,160924.10328065755,819436.7380985903
STR_051,2024-01-28,554228.6799999999,545181.9135143299,160924.10328065755,706106.0167949875
STR_051,2024-01-29,287742.48,345381.104675053,160924.10328065755,506305.20795571053
STR_051,2024-01-30,322792.33999999997,363716.6973162152,160924.10328065755,524640.8005968728
STR_051,2024-01-31,580531.59,488597.2280933311,160924.10328065755,649521.3313739887
STR_051,2024-02-01,401969.57,382542.4481748972,160924.10328065755,543466.5514555548
STR_051,2024-02-02,559323.29,495841.44595660834,160924.10328065755,656765.549237266
STR_051,2024-02-03,606950.59,642898.4374759824,160924.10328065755,803822.5407566399
STR_051,2024-02-04,660105.55,645290.0379688258,160924.10328065755,806214.1412494833
STR_051,2024-02-05,211317.07,205648.76643731646,160924.10328065755,366572.869717974
STR_051,2024-02-06,327357.31,345053.3310693279,160924.10328065755,505977.43434998544
STR_051,2024-02-07,484247.58999999997,409246.5175118629,160924.10328065755,570170.6207925205
STR_051,2024-02-08,398286.3,372542.77941397397,160924.10328065755,533466.8826946316
STR_051,2024-02-09,409975.66000000003,446834.9801628679,160924.10328065755,607759.0834435255
STR_051,2024-02-10,633819.2,647926.5045950225,160924.10328065755,808850.6078756801
STR_051,2024-02-11,569306.25,544176.8888348967,160924.10328065755,705100.9921155543
STR_051,2024-02-12,326962.37,338209.4837514588,160924.10328065755,499133.58703211637
STR_051,2024-02-13,368644.2,338893.5957666325,160924.10328065755,499817.6990472901
STR_051,2024-02-14,379890.64,369461.8286889072,160924.10328065755,530385.9319695648
STR_051,2024-02-15,431238.11,589732.9286439441,160924.10328065755,750657.0319246016
STR_051,2024-02-16,560097.5800000001,516619.6676823328,160924.10328065755,677543.7709629904
STR_051,2024-02-17,655757.45,601361.3078920683,160924.10328065755,762285.4111727258
STR_051,2024-02-18,517628.37,606749.4506029362,160924.10328065755,767673.5538835938
STR_051,2024-02-19,278850.34,336570.4849752204,160924.10328065755,497494.58825587796
STR_051,2024-02-20,211650.75,362068.61815375235,160924.10328065755,522992.7214344099
STR_051,2024-02-21,356680.71,389027.9954604134,160924.10328065755,549952.098741071
STR_051,2024-02-22,364866.53,383144.07488146616,160924.10328065755,544068.1781621238
STR_051,2024-02-23,550580.91,538698.505542012,160924.10328065755,699622.6088226696
STR_051,2024-02-24,751521.75,633725.5567336236,160924.10328065755,794649.6600142812
STR_051,2024-02-25,470967.5,512581.3234163103,160924.10328065755,673505.4266969678
STR_051,2024-02-26,330368.77,334341.45837661513,160924.10328065755,495265.5616572727
STR_051,2024-02-27,337221.86,364877.9745606669,160924.10328065755,525802.0778413245
STR_051,2024-02-28,431076.67,364598.92987930943,160924.10328065755,525523.033159967
STR_051,2024-02-29,604531.64,525858.7139396422,160924.10328065755,686782.8172202997
STR_052,2023-12-01,835511.9199999999,724481.0988058363,166102.44941066927,890583.5482165056
STR_052,2023-12-02,1039777.8300000001,1034690.7769149928,166102.44941066927,1200793.226325662
STR_052,2023-12-03,796700.24,733023.3742796072,166102.44941066927,899125.8236902765
STR_052,2023-12-04,542847.79,494407.2640899066,166102.44941066927,660509.7135005759
STR_052,2023-12-05,683019.41,664475.0984318546,166102.44941066927,830577.5478425239
STR_052,2023-12-06,596889.81,637870.6273897357,166102.44941066927,803973.0768004049
STR_052,2023-12-07,631107.65,610363.6800058916,166102.44941066927,776466.1294165609
STR_052,2023-12-08,840122.73,791941.6794852078,166102.44941066927,958044.128895877
STR_052,2023-12-09,1015410.5700000001,1159306.133347918,166102.44941066927,1325408.5827585873
STR_052,2023-12-10,795196.22,807114.1730611944,166102.44941066927,973216.6224718636
STR_052,2023-12-11,605919.5800000001,560091.5715921865,166102.44941066927,726194.0210028557
STR_052,2023-12-12,745044.3,703899.5215030513,166102.44941066927,870001.9709137206
STR_052,2023-12-13,400298.33999999997,582053.2100410238,166102.44941066927,748155.6594516931
STR_052,2023-12-14,555407.1,529786.8910282565,166102.44941066927,695889.3404389258
STR_052,2023-12-15,795454.3,836825.6842540534,166102.44941066927,1002928.1336647227
STR_052,2023-12-16,1019329.62,1006715.4999909748,166102.44941066927,1172817.949401644
STR_052,2023-12-17,856087.9,791447.0722145942,166102.44941066927,957549.5216252635
STR_052,2023-12-18,625734.13,525227.0988167896,166102.44941066927,691329.5482274588
STR_052,2023-12-19,498425.3,553203.3417774062,166102.44941066927,719305.7911880754
STR_052,2023-12-20,505531.24,505167.2940413379,166102.44941066927,671269.7434520072
STR_052,2023-12-21,565459.23,597685.6061455507,166102.44941066927,763788.05555622
STR_052,2023-12-22,751442.79,746782.504571992,166102.44941066927,912884.9539826612
STR_052,2023-12-23,861300.7,959972.2731981002,166102.44941066927,1126074.7226087693
STR_052,2023-12-24,2276486.0300000003,1290760.1452252974,166102.44941066927,1456862.5946359667
STR_052,2023-12-25,1227595.66,986079.5844354784,166102.44941066927,1152182.0338461478
STR_052,2023-12-26,601245.27,571859.4660696122,166102.44941066927,737961.9154802815
STR_052,2023-12-27,616285.31,579646.2467269286,166102.44941066927,745748.6961375979
STR_052,2023-12-28,736752.09,652507.4160459217,166102.44941066927,818609.865456591
STR_052,2023-12-29,593695.53,753793.2146570128,166102.44941066927,919895.6640676821
STR_052,2023-12-30,690083.69,944471.1709408723,166102.44941066927,1110573.6203515416
STR_052,2023-12-31,1962275.1400000001,1447553.448695623,166102.44941066927,1613655.8981062924
STR_052,2024-01-01,101566.64,185752.93505533153,166102.44941066927,351855.38446600083
STR_052,2024-01-02,333624.42,327568.6994972884,166102.44941066927,493671.14890795766
STR_052,2024-01-03,295600.83,309798.7588967119,166102.44941066927,475901.2083073812
STR_052,2024-01-04,286173.92,390398.31545187026,166102.44941066927,556500.7648625395
STR_052,2024-01-05,351430.65,446244.8305871924,166102.44941066927,612347.2799978617
STR_052,2024-01-06,593557.28,604337.0325165185,166102.44941066927,770439.4819271878
STR_052,2024-01-07,503975.72,523511.5897434165,166102.44941066927,689614.0391540858
STR_052,2024-01-08,332882.93,317502.43157781684,166102.44941066927,483604.8809884861
STR_052,2024-01-09,174399.5,330940.9620379258,166102.44941066927,497043.41144859506
STR_052,2024-01-10,341247.05,328469.05575990834,166102.44941066927,494571.5051705776
STR_052,2024-01-11,306529.8,335497.4793435738,166102.44941066927,501599.92875424307
STR_052,2024-01-12,402512.57,424549.805534014,166102.44941066927,590652.2549446833
STR_052,2024-01-13,612342.19,584482.1426866645,166102.44941066927,750584.5920973337
STR_052,2024-01-14,489274.61,449471.0930687655,166102.44941066927,615573.5424794347
STR_052,2024-01-15,390586.70999999996,377387.64567683643,166102.44941066927,543490.0950875056
STR_052,2024-01-16,314886.19,302190.63282923674,166102.44941066927,468293.082239906
STR_052,2024-01-17,329559.15,375836.576612128,166102.44941066927,541939.0260227972
STR_052,2024-01-18,355056.79,386746.35571328143,166102.44941066927,552848.8051239507
STR_052,2024-01-19,404662.86,440841.5572795543,166102.44941066927,606944.0066902236
STR_052,2024-01-20,496722.84,667968.9224960204,166102.44941066927,834071.3719066897
STR_052,2024-01-21,450379.67,567619.4993803508,166102.44941066927,733721.9487910201
STR_052,2024-01-22,351799.37,328340.2272366715,166102.44941066927,494442.67664734076
STR_052,2024-01-23,234692.83,291587.5653636705,166102.44941066927,457690.0147743398
STR_052,2024-01-24,322485.63,290206.66533372074,166102.44941066927,456309.11474439
STR_052,2024-01-25,225530.45,336635.220097197,166102.44941066927,502737.66950786626
STR_052,2024-01-26,369679.3,472375.4504160118,166102.44941066927,638477.899826681
STR_052,2024-01-27,464226.42000000004,558326.6303350333,166102.44941066927,724429.0797457026
STR_052,2024-01-28,442285.54000000004,545318.1360326457,166102.44941066927,711420.585443315
STR_052,2024-01-29,272332.93,255326.22760578344,166102.44941066927,421428.6770164527
STR_052,2024-01-30,260142.9,293814.83540141734,166102.44941066927,459917.2848120866
STR_052,2024-01-31,528289.26,454060.4613583595,166102.44941066927,620162.9107690288
STR_052,2024-02-01,262547.65,283150.90484663344,166102.44941066927,449253.3542573027
STR_052,2024-02-02,415364.8,370575.5237155428,166102.44941066927,536677.9731262121
STR_052,2024-02-03,525089.0700000001,538400.8720222586,166102.44941066927,704503.3214329279
STR_052,2024-02-04,495519.35,464573.9146511963,166102.44941066927,630676.3640618655
STR_052,2024-02-05,119393.14,191860.85439524124,166102.44941066927,357963.3038059105
STR_052,2024-02-06,292748.92,304594.6582353812,166102.44941066927,470697.10764605046
STR_052,2024-02-07,373842.91000000003,325105.251485308,166102.44941066927,491207.70089597726
STR_052,2024-02-08,367426.77,347469.9534593778,166102.44941066927,513572.4028700471
STR_052,2024-02-09,381413.63,480771.90531741944,166102.44941066927,646874.3547280887
STR_052,2024-02-10,607225.96,516392.8628115798,166102.44941066927,682495.3122222491
STR_052,2024-02-11,519296.88,471156.3997973939,166102.44941066927,637258.8492080632
STR_052,2024-02-12,289410.33999999997,281538.07104882307,166102.44941066927,447640.52045949234
STR_052,2024-02-13,397909.95,347420.06881773256,166102.44941066927,513522.51822840184
STR_052,2024-02-14,342341.7,353548.7768611903,166102.44941066927,519651.22627185954
STR_052,2024-02-15,526805.14,448591.3831668757,166102.44941066927,614693.832577545
STR_052,2024-02-16,498215.96,471879.25150539126,166102.44941066927,637981.7009160605
STR_052,2024-02-17,570889.44,563253.12740435,166102.44941066927,729355.5768150192
STR_052,2024-02-18,401228.75,484373.53192460013,166102.44941066927,650475.9813352694
STR_052,2024-02-19,270664.45,300888.7785121337,166102.44941066927,466991.22792280297
STR_052,2024-02-20,275927.9,316231.62745193555,166102.44941066927,482334.0768626048
STR_052,2024-02-21,293592.35,281886.7495730251,166102.44941066927,447989.19898369437
STR_052,2024-02-22,334832.31,325801.9446242816,166102.44941066927,491904.3940349509
STR_052,2024-02-23,404519.71,399223.60754735855,166102.44941066927,565326.0569580279
STR_052,2024-02-24,594209.35,543449.2367222159,166102.44941066927,709551.6861328852
STR_052,2024-02-25,502547.97,480262.04870565154,166102.44941066927,646364.4981163208
STR_052,2024-02-26,289247.71,298956.5019559815,166102.44941066927,465058.95136665076
STR_052,2024-02-27,276939.3,301743.1090377227,166102.44941066927,467845.55844839197
STR_052,2024-02-28,352096.18,342398.43120661814,166102.44941066927,508500.8806172874
STR_052,2024-02-29,414931.38,402485.32650830684,166102.44941066927,568587.7759189762
STR_053,2023-12-01,521126.2,528389.0791573576,81250.29898243374,609639.3781397913
STR_053,2023-12-02,457808.31,683310.3533818418,81250.29898243374,764560.6523642755
STR_053,2023-12-03,620951.63,613168.0278269979,81250.29898243374,694418.3268094317
STR_053,2023-12-04,508289.2,403447.6551467918,81250.29898243374,484697.9541292255
STR_053,2023-12-05,298234.57999999996,425384.3171729032,81250.29898243374,506634.61615533696
STR_053,2023-12-06,388070.47,386801.421850692,81250.29898243374,468051.72083312576
STR_053,2023-12-07,398037.64,448001.5411961829,81250.29898243374,529251.8401786166
STR_053,2023-12-08,372332.08999999997,499053.1293787922,81250.29898243374,580303.4283612259
STR_053,2023-12-09,482281.85,675126.943427832,81250.29898243374,756377.2424102657
STR_053,2023-12-10,620915.11,584429.5209610055,81250.29898243374,665679.8199434392
STR_053,2023-12-11,359821.75,395052.81490487227,81250.29898243374,476303.113887306
STR_053,2023-12-12,537729.59,506092.47675736534,81250.29898243374,587342.775739799
STR_053,2023-12-13,370369.59,416998.5047903916,81250.29898243374,498248.80377282534
STR_053,2023-12-14,508799.30000000005,446149.62528033886,81250.29898243374,527399.9242627725
STR_053,2023-12-15,448905.0,670406.2645928735,81250.29898243374,751656.5635753073
STR_053,2023-12-16,754667.66,686445.1894005212,81250.29898243374,767695.488382955
STR_053,2023-12-17,710303.85,591853.1458521228,81250.29898243374,673103.4448345565
STR_053,2023-12-18,389783.56,342860.8952584618,81250.29898243374,424111.19424089557
STR_053,2023-12-19,437767.83999999997,383903.9861781244,81250.29898243374,465154.2851605581
STR_053,2023-12-20,427058.99,486755.22818833875,81250.29898243374,568005.5271707724
STR_053,2023-12-21,510456.5,422846.43925937766,81250.29898243374,504096.7382418114
STR_053,2023-12-22,548795.73,587289.7419309483,81250.29898243374,668540.0409133821
STR_053,2023-12-23,712394.95,644555.2104072588,81250.29898243374,725805.5093896926
STR_053,2023-12-24,1235192.77,927780.640430055,81250.29898243374,1009030.9394124887
STR_053,2023-12-25,779413.02,795121.1105351499,81250.29898243374,876371.4095175837
STR_053,2023-12-26,376426.06000000006,354034.41498077544,81250.29898243374,435284.7139632092
STR_053,2023-12-27,399605.15,399120.3503556041,81250.29898243374,480370.6493380378
STR_053,2023-12-28,429023.25,435337.5882319235,81250.29898243374,516587.88721435727
STR_053,2023-12-29,377017.54,517769.2274593266,81250.29898243374,599019.5264417604
STR_053,2023-12-30,629062.53,733917.2056748291,81250.29898243374,815167.5046572628
STR_053,2023-12-31,1707013.71,1123091.2503551722,81250.29898243374,1204341.549337606
STR_053,2024-01-01,85790.72,156690.68845446696,81250.29898243374,237940.9874369007
STR_053,2024-01-02,254093.91,308304.1025293667,81250.29898243374,389554.4015118004
STR_053,2024-01-03,217417.66,283668.4583793814,81250.29898243374,364918.75736181514
STR_053,2024-01-04,189574.77000000002,262745.01257462386,81250.29898243374,343995.3115570576
STR_053,2024-01-05,230377.99,317901.6293736982,81250.29898243374,399151.92835613195
STR_053,2024-01-06,338233.35,451435.6643832192,81250.29898243374,532685.963365653
STR_053,2024-01-07,202971.97,461453.6587921852,81250.29898243374,542703.9577746189
STR_053,2024-01-08,219251.87,280891.8800884846,81250.29898243374,362142.17907091836
STR_053,2024-01-09,216901.66,286432.6039720068,81250.29898243374,367682.90295444056
STR_053,2024-01-10,260470.71000000002,312264.59987439285,81250.29898243374,393514.8988568266
STR_053,2024-01-11,251050.87,284421.16370562755,81250.29898243374,365671.4626880613
STR_053,2024-01-12,269362.58,324840.26781530736,81250.29898243374,406090.5667977411
STR_053,2024-01-13,343153.52,367625.199782055,81250.29898243374,448875.49876448873
STR_053,2024-01-14,377916.38,353061.3992969586,81250.29898243374,434311.6982793923
STR_053,2024-01-15,263348.58,357143.77261804405,81250.29898243374,438394.0716004778
STR_053,2024-01-16,237938.69,253339.21406351958,81250.29898243374,334589.51304595335
STR_053,2024-01-17,227225.37,273909.52887684305,81250.29898243374,355159.8278592768
STR_053,2024-01-18,257607.66,261141.61421174268,81250.29898243374,342391.9131941764
STR_053,2024-01-19,366368.7,335892.869632308,81250.29898243374,417143.16861474176
STR_053,2024-01-20,428592.55,404244.006078899,81250.29898243374,485494.30506133277
STR_053,2024-01-21,354983.33,336757.597685099,81250.29898243374,418007.89666753274
STR_053,2024-01-22,235227.33000000002,234626.3750196105,81250.29898243374,315876.67400204425
STR_053,2024-01-23,216306.33000000002,235781.02028339554,81250.29898243374,317031.3192658293
STR_053,2024-01-24,206719.88,256669.9211134115,81250.29898243374,337920.22009584523
STR_053,2024-01-25,229292.53,237814.43864549027,81250.29898243374,319064.737627924
STR_053,2024-01-26,200318.79,287460.413793515,81250.29898243374,368710.71277594875
STR_053,2024-01-27,426437.67,418485.9429778918,81250.29898243374,499736.24196032557
STR_053,2024-01-28,316717.21,332705.3966537114,81250.29898243374,413955.69563614513
STR_053,2024-01-29,203830.21,230266.1087541555,81250.29898243374,311516.4077365892
STR_053,2024-01-30,221530.42,216735.30793214124,81250.29898243374,297985.606914575
STR_053,2024-01-31,230139.40000000002,272552.1029552946,81250.29898243374,353802.40193772834
STR_053,2024-02-01,287759.85,266909.176010084,81250.29898243374,348159.47499251773
STR_053,2024-02-02,344487.77,311947.93411765096,81250.29898243374,393198.2331000847
STR_053,2024-02-03,358819.02999999997,390230.06522468786,81250.29898243374,471480.3642071216
STR_053,2024-02-04,279629.5,338827.12468187883,81250.29898243374,420077.4236643126
STR_053,2024-02-05,144220.01,138978.32726283112,81250.29898243374,220228.62624526487
STR_053,2024-02-06,259392.87,231411.53464059197,81250.29898243374,312661.8336230257
STR_053,2024-02-07,178512.25,250696.98603368524,81250.29898243374,331947.285016119
STR_053,2024-02-08,158906.96,234417.18699390025,81250.29898243374,315667.48597633396
STR_053,2024-02-09,326842.72000000003,311004.2008011276,81250.29898243374,392254.49978356133
STR_053,2024-02-10,441619.05,429782.3913976206,81250.29898243374,511032.69038005435
STR_053,2024-02-11,327838.84,350333.4543910914,81250.29898243374,431583.75337352516
STR_053,2024-02-12,245814.48,219621.90941746728,81250.29898243374,300872.20839990105
STR_053,2024-02-13,266895.39,237633.75500963512,81250.29898243374,318884.05399206886
STR_053,2024-02-14,156557.75,248931.70901549768,81250.29898243374,330182.00799793145
STR_053,2024-02-15,350925.3,338279.5141650654,81250.29898243374,419529.81314749917
STR_053,2024-02-16,362169.15,328607.0223877985,81250.29898243374,409857.32137023227
STR_053,2024-02-17,428754.72,365028.9789148784,81250.29898243374,446279.27789731213
STR_053,2024-02-18,446015.76,401015.8254444451,81250.29898243374,482266.1244268788
STR_053,2024-02-19,144679.41999999998,200518.5958483736,81250.29898243374,281768.89483080734
STR_053,2024-02-20,135687.84,216776.48229992532,81250.29898243374,298026.78128235904
STR_053,2024-02-21,262408.02,253192.05162694625,81250.29898243374,334442.35060938
STR_053,2024-02-22,282143.28,244772.1598033348,81250.29898243374,326022.45878576854
STR_053,2024-02-23,368465.75,361511.82371454296,81250.29898243374,442762.1226969767
STR_053,2024-02-24,284598.51,394054.1071005272,81250.29898243374,475304.40608296095
STR_053,2024-02-25,392631.25,364747.3361347411,81250.29898243374,445997.6351171748
STR_053,2024-02-26,233878.76,201895.04278356806,81250.29898243374,283145.3417660018
STR_053,2024-02-27,247424.8,225348.96010560868,81250.29898243374,306599.2590880424
STR_053,2024-02-28,206093.88,243245.69367573777,81250.29898243374,324495.9926581715
STR_053,2024-02-29,340695.01,343946.9033869645,81250.29898243374,425197.20236939826
STR_054,2023-12-01,324696.44,409525.191509953,68737.18855399263,478262.38006394566
STR_054,2023-12-02,531039.39,540253.9170069424,68737.18855399263,608991.1055609351
STR_054,2023-12-03,419557.75,502154.3671164348,68737.18855399263,570891.5556704274
STR_054,2023-12-04,338314.37,340871.69600622973,68737.18855399263,409608.8845602224
STR_054,2023-12-05,323048.75,327056.667039834,68737.18855399263,395793.8555938266
STR_054,2023-12-06,353741.18,358560.05950257095,68737.18855399263,427297.24805656355
STR_054,2023-12-07,279268.76,333609.45536476845,68737.18855399263,402346.64391876105
STR_054,2023-12-08,505319.5,470567.5423247393,68737.18855399263,539304.7308787319
STR_054,2023-12-09,660942.32,577894.8727510471,68737.18855399263,646632.0613050398
STR_054,2023-12-10,551172.45,506441.45670454565,68737.18855399263,575178.6452585383
STR_054,2023-12-11,299581.33,318723.17445636145,68737.18855399263,387460.3630103541
STR_054,2023-12-12,429691.58,376909.2325185156,68737.18855399263,445646.4210725082
STR_054,2023-12-13,250366.34,305595.08756649087,68737.18855399263,374332.2761204835
STR_054,2023-12-14,263718.42,344079.3530625115,68737.18855399263,412816.5416165041
STR_054,2023-12-15,383860.88,527236.796350754,68737.18855399263,595973.9849047466
STR_054,2023-12-16,565045.0599999999,596978.9672182824,68737.18855399263,665716.1557722751
STR_054,2023-12-17,351437.89999999997,553288.1694413141,68737.18855399263,622025.3579953067
STR_054,2023-12-18,326974.66,332268.1256883297,68737.18855399263,401005.31424232235
STR_054,2023-12-19,321577.66,294746.97425208776,68737.18855399263,363484.1628060804
STR_054,2023-12-20,364151.13,353924.1269366444,68737.18855399263,422661.315490637
STR_054,2023-12-21,277481.61,332882.4572717669,68737.18855399263,401619.6458257595
STR_054,2023-12-22,513160.0,464215.52578676475,68737.18855399263,532952.7143407573
STR_054,2023-12-23,538550.57,554647.901286128,68737.18855399263,623385.0898401206
STR_054,2023-12-24,1057573.76,941242.1531948611,68737.18855399263,1009979.3417488538
STR_054,2023-12-25,660262.31,620357.4018793759,68737.18855399263,689094.5904333686
STR_054,2023-12-26,315174.35,337201.09535739664,68737.18855399263,405938.2839113893
STR_054,2023-12-27,335985.92,342418.5617362822,68737.18855399263,411155.75029027485
STR_054,2023-12-28,334357.53,321370.22981284576,68737.18855399263,390107.41836683836
STR_054,2023-12-29,521045.34,470254.5318898913,68737.18855399263,538991.7204438839
STR_054,2023-12-30,623961.1799999999,585844.3335727416,68737.18855399263,654581.5221267343
STR_054,2023-12-31,1013432.0,1176597.3652005657,68737.18855399263,1245334.5537545583
STR_054,2024-01-01,76551.09999999999,139010.89962499667,68737.18855399263,207748.0881789893
STR_054,2024-01-02,203566.03,204328.6978079792,68737.18855399263,273065.88636197185
STR_054,2024-01-03,183788.98,225563.0785309968,68737.18855399263,294300.26708498946
STR_054,2024-01-04,139715.44,216832.55235774303,68737.18855399263,285569.7409117357
STR_054,2024-01-05,262896.65,297816.92350771965,68737.18855399263,366554.1120617123
STR_054,2024-01-06,287490.1,365063.89277290186,68737.18855399263,433801.08132689446
STR_054,2024-01-07,339579.0,338278.12497286336,68737.18855399263,407015.313526856
STR_054,2024-01-08,191990.09,211032.39435476903,68737.18855399263,279769.5829087617
STR_054,2024-01-09,220532.71000000002,201788.69181136458,68737.18855399263,270525.8803653572
STR_054,2024-01-10,201662.04,181751.81465858256,68737.18855399263,250489.0032125752
STR_054,2024-01-11,180338.33000000002,225956.51159726645,68737.18855399263,294693.7001512591
STR_054,2024-01-12,247264.46000000002,247774.365173692,68737.18855399263,316511.55372768466
STR_054,2024-01-13,328691.81,372875.2782532883,68737.18855399263,441612.4668072809
STR_054,2024-01-14,251957.06,280816.50180309167,68737.18855399263,349553.69035708427
STR_054,2024-01-15,215452.87,229896.51658065928,68737.18855399263,298633.7051346519
STR_054,2024-01-16,190503.58000000002,189228.1531587283,68737.18855399263,257965.34171272092
STR_054,2024-01-17,197360.16999999998,209094.71217145817,68737.18855399263,277831.90072545083
STR_054,2024-01-18,127504.86,197819.05275353795,68737.18855399263,266556.24130753055
STR_054,2024-01-19,296786.61,269200.9395875878,68737.18855399263,337938.1281415804
STR_054,2024-01-20,362259.98,353958.2249810617,68737.18855399263,422695.4135350543
STR_054,2024-01-21,312828.81,292469.8800323471,68737.18855399263,361207.0685863397
STR_054,2024-01-22,194596.22,182137.42264791403,68737.18855399263,250874.61120190666
STR_054,2024-01-23,141455.93,183063.85562395185,68737.18855399263,251801.04417794448
STR_054,2024-01-24,178321.55,182702.2542317237,68737.18855399263,251439.44278571632
STR_054,2024-01-25,169946.74,188324.48402256993,68737.18855399263,257061.67257656256
STR_054,2024-01-26,249176.96,254586.57802940818,68737.18855399263,323323.7665834008
STR_054,2024-01-27,336115.32,314451.0039037185,68737.18855399263,383188.1924577111
STR_054,2024-01-28,382954.05,346419.52933211275,68737.18855399263,415156.7178861054
STR_054,2024-01-29,178615.79,176457.38393057627,68737.18855399263,245194.5724845689
STR_054,2024-01-30,215252.51,206765.38790628,68737.18855399263,275502.57646027266
STR_054,2024-01-31,297490.83999999997,244447.64801913744,68737.18855399263,313184.8365731301
STR_054,2024-02-01,194976.38,216409.95126412003,68737.18855399263,285147.13981811266
STR_054,2024-02-02,274904.13,266505.4540306592,68737.18855399263,335242.6425846518
STR_054,2024-02-03,374825.08999999997,358862.49233205774,68737.18855399263,427599.68088605034
STR_054,2024-02-04,307404.1,281440.25325237476,68737.18855399263,350177.44180636737
STR_054,2024-02-05,89036.84,113621.92731394892,68737.18855399263,182359.11586794155
STR_054,2024-02-06,183864.65000000002,172085.00549924662,68737.18855399263,240822.19405323925
STR_054,2024-02-07,199984.99,185185.3204904606,68737.18855399263,253922.50904445324
STR_054,2024-02-08,155371.01,229477.20962628716,68737.18855399263,298214.39818027976
STR_054,2024-02-09,204978.04,234052.0645880498,68737.18855399263,302789.25314204243
STR_054,2024-02-10,428253.2,362916.4166733656,68737.18855399263,431653.6052273582
STR_054,2024-02-11,264468.99,306516.82894393447,68737.18855399263,375254.01749792707
STR_054,2024-02-12,181512.41999999998,182696.84370255686,68737.18855399263,251434.0322565495
STR_054,2024-02-13,206769.69,205540.61778176914,68737.18855399263,274277.8063357618
STR_054,2024-02-14,199835.51,229683.87596767434,68737.18855399263,298421.06452166697
STR_054,2024-02-15,329141.33,299254.6199239028,68737.18855399263,367991.80847789545
STR_054,2024-02-16,238299.58,267822.0672864004,68737.18855399263,336559.255840393
STR_054,2024-02-17,405431.24,325920.6859199988,68737.18855399263,394657.87447399145
STR_054,2024-02-18,299138.25,289734.3411169026,68737.18855399263,358471.5296708952
STR_054,2024-02-19,212786.12,195065.964382902,68737.18855399263,263803.1529368946
STR_054,2024-02-20,177033.47,201706.6267117977,68737.18855399263,270443.8152657903
STR_054,2024-02-21,196145.41,185975.32128800967,68737.18855399263,254712.5098420023
STR_054,2024-02-22,192483.93,200006.324608402,68737.18855399263,268743.51316239464
STR_054,2024-02-23,248248.95,263130.5144769443,68737.18855399263,331867.7030309369
STR_054,2024-02-24,245451.48,350036.0771736895,68737.18855399263,418773.26572768216
STR_054,2024-02-25,305705.3,267889.12822504435,68737.18855399263,336626.316779037
STR_054,2024-02-26,185816.6,183659.8885094819,68737.18855399263,252397.07706347454
STR_054,2024-02-27,224459.72,197328.7424671236,68737.18855399263,266065.9310211162
STR_054,2024-02-28,176865.65,185454.94902103892,68737.18855399263,254192.13757503155
STR_054,2024-02-29,252153.39,316439.35808594024,68737.18855399263,385176.5466399329
STR_055,2023-12-01,383519.8,576142.7011690149,150755.03582741236,726897.7369964273
STR_055,2023-12-02,687194.84,666537.6329079074,150755.03582741236,817292.6687353197
STR_055,2023-12-03,526521.86,575071.9791173605,150755.03582741236,725827.0149447729
STR_055,2023-12-04,373380.4,368831.50106168987,150755.03582741236,519586.5368891022
STR_055,2023-12-05,375958.56999999995,474910.79027407535,150755.03582741236,625665.8261014877
STR_055,2023-12-06,315560.7,390148.81256679905,150755.03582741236,540903.8483942114
STR_055,2023-12-07,496693.44,495683.4795491716,150755.03582741236,646438.5153765839
STR_055,2023-12-08,512171.54,483800.5701767511,150755.03582741236,634555.6060041635
STR_055,2023-12-09,699759.59,711306.7309353378,150755.03582741236,862061.7667627502
STR_055,2023-12-10,532849.16,618971.2018904241,150755.03582741236,769726.2377178365
STR_055,2023-12-11,471596.29000000004,405183.9606522488,150755.03582741236,555938.9964796612
STR_055,2023-12-12,552380.88,520457.14781703823,150755.03582741236,671212.1836444506
STR_055,2023-12-13,409825.78,425361.7851076292,150755.03582741236,576116.8209350415
STR_055,2023-12-14,477691.58999999997,423444.55324885517,150755.03582741236,574199.5890762676
STR_055,2023-12-15,815757.89,658148.1959178823,150755.03582741236,808903.2317452946
STR_055,2023-12-16,688795.75,656263.3042405251,150755.03582741236,807018.3400679375
STR_055,2023-12-17,575919.73,617446.8034048135,150755.03582741236,768201.8392322259
STR_055,2023-12-18,315620.9,383927.01421102905,150755.03582741236,534682.0500384414
STR_055,2023-12-19,421565.22000000003,443222.98708026035,150755.03582741236,593978.0229076727
STR_055,2023-12-20,418366.5,422061.746665797,150755.03582741236,572816.7824932093
STR_055,2023-12-21,437429.26,441509.65095540235,150755.03582741236,592264.6867828147
STR_055,2023-12-22,492603.4,511369.4507807748,150755.03582741236,662124.4866081872
STR_055,2023-12-23,814088.29,666730.8480952377,150755.03582741236,817485.8839226501
STR_055,2023-12-24,1638619.67,902818.121850768,150755.03582741236,1053573.1576781804
STR_055,2023-12-25,693515.79,772146.6465451046,150755.03582741236,922901.682372517
STR_055,2023-12-26,379365.49,380768.15299647243,150755.03582741236,531523.1888238848
STR_055,2023-12-27,498279.8,429144.02641136746,150755.03582741236,579899.0622387799
STR_055,2023-12-28,400708.65,477077.3256372824,150755.03582741236,627832.3614646947
STR_055,2023-12-29,609023.16,534249.830979673,150755.03582741236,685004.8668070853
STR_055,2023-12-30,696798.13,676468.3080119822,150755.03582741236,827223.3438393946
STR_055,2023-12-31,1354495.05,1161701.6332720942,150755.03582741236,1312456.6690995065
STR_055,2024-01-01,72609.54000000001,153304.73849526863,150755.03582741236,304059.774322681
STR_055,2024-01-02,195916.14,247494.2453147253,150755.03582741236,398249.28114213765
STR_055,2024-01-03,247424.8,266796.430608228,150755.03582741236,417551.46643564035
STR_055,2024-01-04,220035.77,279613.61618340464,150755.03582741236,430368.65201081696
STR_055,2024-01-05,340311.8,347920.414907975,150755.03582741236,498675.4507353874
STR_055,2024-01-06,266500.28,453080.05924399017,150755.03582741236,603835.0950714025
STR_055,2024-01-07,394702.11,367861.3187662075,150755.03582741236,518616.3545936198
STR_055,2024-01-08,174792.4,237837.4578397483,150755.03582741236,388592.4936671606
STR_055,2024-01-09,222085.6,260964.24447501398,150755.03582741236,411719.2803024263
STR_055,2024-01-10,233310.53999999998,262886.7307961805,150755.03582741236,413641.7666235928
STR_055,2024-01-11,282911.76,310908.2905228891,150755.03582741236,461663.3263503015
STR_055,2024-01-12,298105.3,315570.5774464482,150755.03582741236,466325.61327386054
STR_055,2024-01-13,434928.48000000004,464595.0824586188,150755.03582741236,615350.1182860312
STR_055,2024-01-14,380925.29,378585.33530416666,150755.03582741236,529340.371131579
STR_055,2024-01-15,286652.68,305543.24148093245,150755.03582741236,456298.27730834484
STR_055,2024-01-16,220048.45,252922.06845335494,150755.03582741236,403677.10428076726
STR_055,2024-01-17,224232.74,252395.44342768865,150755.03582741236,403150.479255101
STR_055,2024-01-18,258940.36,270858.57149478234,150755.03582741236,421613.60732219473
STR_055,2024-01-19,328288.03,301645.4248589315,150755.03582741236,452400.46068634384
STR_055,2024-01-20,429302.57999999996,401531.7998817115,150755.03582741236,552286.8357091239
STR_055,2024-01-21,427476.54000000004,402474.6466819303,150755.03582741236,553229.6825093427
STR_055,2024-01-22,241036.37,243144.93821309367,150755.03582741236,393899.97404050606
STR_055,2024-01-23,219877.76,241163.81407543024,150755.03582741236,391918.8499028426
STR_055,2024-01-24,228332.44,232630.37296667884,150755.03582741236,383385.4087940912
STR_055,2024-01-25,255264.75,256335.29284091425,150755.03582741236,407090.3286683266
STR_055,2024-01-26,242325.51,314131.9768634477,150755.03582741236,464887.0126908601
STR_055,2024-01-27,418787.88,384695.3484370618,150755.03582741236,535450.3842644742
STR_055,2024-01-28,365711.16,333297.87648243003,150755.03582741236,484052.9123098424
STR_055,2024-01-29,202376.33000000002,193571.26203449164,150755.03582741236,344326.297861904
STR_055,2024-01-30,242078.85,218206.4505848457,150755.03582741236,368961.48641225806
STR_055,2024-01-31,230922.59,315597.09407186724,150755.03582741236,466352.12989927956
STR_055,2024-02-01,265942.02,258073.83260922396,150755.03582741236,408828.8684366363
STR_055,2024-02-02,306016.6,291868.9966503628,150755.03582741236,442624.0324777751
STR_055,2024-02-03,530109.3,481849.08567642793,150755.03582741236,632604.1215038403
STR_055,2024-02-04,416371.94,394862.3322294419,150755.03582741236,545617.3680568542
STR_055,2024-02-05,112672.91,137646.91218550704,150755.03582741236,288401.9480129194
STR_055,2024-02-06,257753.19,241744.1322494987,150755.03582741236,392499.16807691107
STR_055,2024-02-07,147728.47,219229.88574609088,150755.03582741236,369984.92157350323
STR_055,2024-02-08,299211.17,279569.3735517125,150755.03582741236,430324.4093791249
STR_055,2024-02-09,197757.64,288679.1465853777,150755.03582741236,439434.18241279
STR_055,2024-02-10,435628.67,418554.76812311466,150755.03582741236,569309.803950527
STR_055,2024-02-11,384927.01,336348.91982498975,150755.03582741236,487103.95565240213
STR_055,2024-02-12,196553.46,231514.49782118323,150755.03582741236,382269.53364859556
STR_055,2024-02-13,217353.86,228098.3223579684,150755.03582741236,378853.35818538076
STR_055,2024-02-14,213052.9,238090.71275757567,150755.03582741236,388845.74858498806
STR_055,2024-02-15,265092.0,312701.4167160453,150755.03582741236,463456.4525434576
STR_055,2024-02-16,298444.08999999997,354541.48970932723,150755.03582741236,505296.5255367396
STR_055,2024-02-17,393125.43,365854.71951178595,150755.03582741236,516609.7553391983
STR_055,2024-02-21,259557.47,258124.0798858597,150755.03582741236,408879.11571327207
STR_055,2024-02-22,309131.93,254658.67350274816,150755.03582741236,405413.7093301605
STR_055,2024-02-23,224595.86,307510.42615244037,150755.03582741236,458265.46197985276
STR_055,2024-02-24,448375.27,427410.3254134729,150755.03582741236,578165.3612408852
STR_055,2024-02-25,392751.85,357147.38399501593,150755.03582741236,507902.41982242826
STR_055,2024-02-26,233275.85,233700.90281397448,150755.03582741236,384455.9386413868
STR_055,2024-02-27,241321.40000000002,257748.43211104115,150755.03582741236,408503.46793845354
STR_055,2024-02-28,256886.78,272161.88201939716,150755.03582741236,422916.9178468095
STR_055,2024-02-29,213737.61,328387.97004220396,150755.03582741236,479143.0058696163
STR_056,2023-12-01,243447.34,239264.7132656177,36731.5336345355,275996.24690015323
STR_056,2023-12-02,339120.72000000003,286687.0850933554,36731.5336345355,323418.6187278909
STR_056,2023-12-03,308006.38,282482.95179539436,36731.5336345355,319214.48542992986
STR_056,2023-12-04,145859.21000000002,180054.37333354083,36731.5336345355,216785.90696807634
STR_056,2023-12-05,168652.38,169671.90232910495,36731.5336345355,206403.43596364046
STR_056,2023-12-06,220579.22,194118.1680161151,36731.5336345355,230849.7016506506
STR_056,2023-12-07,241243.77000000002,199807.64897316878,36731.5336345355,236539.18260770428
STR_056,2023-12-08,187051.45,255982.55403087425,36731.5336345355,292714.0876654098
STR_056,2023-12-09,353552.70999999996,286975.0356259079,36731.5336345355,323706.5692604434
STR_056,2023-12-10,283057.39,286919.19314680784,36731.5336345355,323650.72678134334
STR_056,2023-12-11,181787.5,161644.8658018827,36731.5336345355,198376.3994364182
STR_056,2023-12-12,223617.47,215272.30396218412,36731.5336345355,252003.83759671962
STR_056,2023-12-13,192853.98,202152.21858215326,36731.5336345355,238883.75221668876
STR_056,2023-12-14,219980.41999999998,194508.06671352228,36731.5336345355,231239.60034805778
STR_056,2023-12-15,335546.17000000004,322536.3095390873,36731.5336345355,359267.8431736228
STR_056,2023-12-16,206337.87,301556.3466650608,36731.5336345355,338287.8802995963
STR_056,2023-12-17,182433.64,302485.7096703968,36731.5336345355,339217.2433049323
STR_056,2023-12-18,171751.5,178145.6521281426,36731.5336345355,214877.1857626781
STR_056,2023-12-19,199544.41,186925.88241330863,36731.5336345355,223657.41604784413
STR_056,2023-12-20,198858.74,180452.52893870344,36731.5336345355,217184.06257323895
STR_056,2023-12-21,175909.78999999998,187145.3366812514,36731.5336345355,223876.87031578692
STR_056,2023-12-22,268243.70999999996,238180.18874351142,36731.5336345355,274911.72237804695
STR_056,2023-12-23,365751.70999999996,332282.73522547004,36731.5336345355,369014.26886000554
STR_056,2023-12-24,775966.6,659364.5806296454,36731.5336345355,696096.1142641809
STR_056,2023-12-25,372693.69,305108.4418573917,36731.5336345355,341839.9754919272
STR_056,2023-12-26,186384.6,192899.75588664846,36731.5336345355,229631.28952118396
STR_056,2023-12-27,193077.3,193853.16177941146,36731.5336345355,230584.69541394696
STR_056,2023-12-28,194398.75,203194.01795828898,36731.5336345355,239925.5515928245
STR_056,2023-12-29,245481.11,266969.9920169832,36731.5336345355,303701.5256515187
STR_056,2023-12-30,332015.71,290082.4715883733,36731.5336345355,326814.0052229088
STR_056,2023-12-31,808129.78,665647.8480449375,36731.5336345355,702379.381679473
STR_056,2024-01-01,46529.97,103198.38559637571,36731.5336345355,139929.9192309112
STR_056,2024-01-02,104230.05,139636.6670651406,36731.5336345355,176368.2006996761
STR_056,2024-01-03,75610.73,146336.99737490786,36731.5336345355,183068.53100944337
STR_056,2024-01-04,112809.58,142530.89712256528,36731.5336345355,179262.43075710078
STR_056,2024-01-05,149879.1,169423.18078413716,36731.5336345355,206154.71441867267
STR_056,2024-01-06,197814.62,224167.33269862432,36731.5336345355,260898.86633315982
STR_056,2024-01-07,177344.24,193706.18716451316,36731.5336345355,230437.72079904866
STR_056,2024-01-08,77960.49,137519.96720284337,36731.5336345355,174251.50083737887
STR_056,2024-01-09,118280.48999999999,131465.8563864491,36731.5336345355,168197.3900209846
STR_056,2024-01-10,110054.39,135832.18418546426,36731.5336345355,172563.71781999976
STR_056,2024-01-11,98247.29000000001,148737.91210499857,36731.5336345355,185469.44573953407
STR_056,2024-01-12,126368.95,164440.5884909794,36731.5336345355,201172.1221255149
STR_056,2024-01-13,196150.84,213904.7699892987,36731.5336345355,250636.3036238342
STR_056,2024-01-14,194748.13,184254.8898300264,36731.5336345355,220986.4234645619
STR_056,2024-01-15,113350.88,134098.25183155344,36731.5336345355,170829.78546608894
STR_056,2024-01-16,66803.25,132119.12898386465,36731.5336345355,168850.66261840015
STR_056,2024-01-17,100100.03,127185.07539697157,36731.5336345355,163916.60903150708
STR_056,2024-01-18,123782.73000000001,121855.2050332841,36731.5336345355,158586.7386678196
STR_056,2024-01-19,188991.06,180131.82948632332,36731.5336345355,216863.36312085882
STR_056,2024-01-20,178666.76,185555.02549616902,36731.5336345355,222286.55913070453
STR_056,2024-01-21,168226.48,188914.04549471216,36731.5336345355,225645.57912924766
STR_056,2024-01-22,91004.86,127819.1551825662,36731.5336345355,164550.6888171017
STR_056,2024-01-23,96368.09,120807.91384181043,36731.5336345355,157539.44747634593
STR_056,2024-01-24,119987.1,123792.66384988782,36731.5336345355,160524.19748442332
STR_056,2024-01-25,114956.64,132395.95181441982,36731.5336345355,169127.48544895533
STR_056,2024-01-26,112684.87,142225.0720005488,36731.5336345355,178956.6056350843
STR_056,2024-01-27,142127.87,205696.80838037934,36731.5336345355,242428.34201491484
STR_056,2024-01-28,136464.85,184890.621243131,36731.5336345355,221622.1548776665
STR_056,2024-01-29,56680.96,105842.55028804493,36731.5336345355,142574.08392258044
STR_056,2024-01-30,118839.48,109272.8520261412,36731.5336345355,146004.3856606767
STR_056,2024-01-31,181394.77,162551.34359126474,36731.5336345355,199282.87722580024
STR_056,2024-02-01,135831.57,129200.18293812977,36731.5336345355,165931.71657266526
STR_056,2024-02-02,150036.31,172569.4796125605,36731.5336345355,209301.013247096
STR_056,2024-02-03,217402.41999999998,192808.60174562535,36731.5336345355,229540.13538016085
STR_056,2024-02-04,166318.09,176076.11187909392,36731.5336345355,212807.64551362942
STR_056,2024-02-05,69583.38,78784.82502682245,36731.5336345355,115516.35866135795
STR_056,2024-02-06,99872.43000000001,107306.98606713938,36731.5336345355,144038.51970167487
STR_056,2024-02-07,113946.61,124171.94123518966,36731.5336345355,160903.47486972518
STR_056,2024-02-08,126659.66,119842.4309973222,36731.5336345355,156573.9646318577
STR_056,2024-02-09,162370.06,150324.16702338587,36731.5336345355,187055.70065792138
STR_056,2024-02-10,218937.51,196679.12660572902,36731.5336345355,233410.66024026452
STR_056,2024-02-11,203529.25,189920.4760184925,36731.5336345355,226652.009653028
STR_056,2024-02-12,125460.31999999999,108847.96570691718,36731.5336345355,145579.49934145267
STR_056,2024-02-13,123100.94,119349.66255173787,36731.5336345355,156081.19618627336
STR_056,2024-02-14,129303.63,116923.36055362198,36731.5336345355,153654.8941881575
STR_056,2024-02-15,162589.08,164475.3547694543,36731.5336345355,201206.8884039898
STR_056,2024-02-16,170029.62,162972.829564044,36731.5336345355,199704.3631985795
STR_056,2024-02-17,184527.56,186853.68207961958,36731.5336345355,223585.21571415509
STR_056,2024-02-18,173975.77000000002,181804.47689862837,36731.5336345355,218536.01053316388
STR_056,2024-02-19,108242.24,106242.37400924732,36731.5336345355,142973.90764378282
STR_056,2024-02-20,89678.53,117197.49248153577,36731.5336345355,153929.02611607127
STR_056,2024-02-21,79422.12,110247.26961109693,36731.5336345355,146978.80324563244
STR_056,2024-02-22,128051.92,122402.84420620235,36731.5336345355,159134.37784073787
STR_056,2024-02-23,153611.77,147650.18384939875,36731.5336345355,184381.71748393425
STR_056,2024-02-24,180570.27000000002,195908.8011977226,36731.5336345355,232640.33483225812
STR_056,2024-02-25,160580.22,178205.57097526398,36731.5336345355,214937.10460979948
STR_056,2024-02-26,100826.16,100111.80605670657,36731.5336345355,136843.3396912421
STR_056,2024-02-27,91399.05,106907.162345937,36731.5336345355,143638.6959804725
STR_056,2024-02-28,124141.39,125642.47796739807,36731.5336345355,162374.01160193357
STR_056,2024-02-29,172143.84,189577.0958741671,36731.5336345355,226308.6295087026
STR_057,2023-12-01,228031.22999999998,216658.778329136,35383.972982474195,252042.7513116102
STR_057,2023-12-02,308991.2,301290.49192838557,35383.972982474195,336674.46491085977
STR_057,2023-12-03,255821.34,217193.94473978764,35383.972982474195,252577.91772226183
STR_057,2023-12-04,157994.44,142940.08949826405,35383.972982474195,178324.06248073824
STR_057,2023-12-05,170611.86,151094.79323011235,35383.972982474195,186478.76621258655
STR_057,2023-12-06,175744.39,143704.06925971532,35383.972982474195,179088.04224218952
STR_057,2023-12-07,182878.43,170263.331593295,35383.972982474195,205647.3045757692
STR_057,2023-12-08,278360.77,256516.3279981691,35383.972982474195,291900.30098064325
STR_057,2023-12-09,332408.5,270408.87161473825,35383.972982474195,305792.84459721245
STR_057,2023-12-10,288812.54000000004,255466.27815503572,35383.972982474195,290850.25113750994
STR_057,2023-12-11,147434.12,153160.6121063066,35383.972982474195,188544.5850887808
STR_057,2023-12-12,247172.19,205443.04278195548,35383.972982474195,240827.01576442967
STR_057,2023-12-13,166583.33000000002,172616.7086449098,35383.972982474195,208000.681627384
STR_057,2023-12-14,186063.35,160759.18783811707,35383.972982474195,196143.16082059126
STR_057,2023-12-15,304334.14,330901.23416693066,35383.972982474195,366285.20714940486
STR_057,2023-12-16,292232.45,293526.79430573876,35383.972982474195,328910.76728821296
STR_057,2023-12-17,291343.53,268413.39340743324,35383.972982474195,303797.36638990743
STR_057,2023-12-18,183148.38999999998,178408.10726431987,35383.972982474195,213792.08024679407
STR_057,2023-12-19,124913.98,170955.29933325303,35383.972982474195,206339.27231572723
STR_057,2023-12-20,178528.21,174851.5960989504,35383.972982474195,210235.5690814246
STR_057,2023-12-21,133405.45,180190.1625993583,35383.972982474195,215574.1355818325
STR_057,2023-12-22,232353.3,206366.5888326586,35383.972982474195,241750.5618151328
STR_057,2023-12-23,283437.89,274217.8808790165,35383.972982474195,309601.8538614907
STR_057,2023-12-24,619916.6,616021.9224852537,35383.972982474195,651405.8954677279
STR_057,2023-12-25,327381.14,321719.8301218833,35383.972982474195,357103.8031043575
STR_057,2023-12-26,197832.55000000002,163962.44326528907,35383.972982474195,199346.41624776326
STR_057,2023-12-27,165368.19,166669.07801573817,35383.972982474195,202053.05099821236
STR_057,2023-12-28,207578.44,185424.76093765162,35383.972982474195,220808.73392012581
STR_057,2023-12-29,195483.09999999998,223959.14438442944,35383.972982474195,259343.11736690364
STR_057,2023-12-30,248725.28,260861.58527752678,35383.972982474195,296245.558260001
STR_057,2023-12-31,662021.12,644738.6597104328,35383.972982474195,680122.632692907
STR_057,2024-01-01,20246.510000000002,97676.16662784402,35383.972982474195,133060.13961031823
STR_057,2024-01-02,99269.49,117521.22924571871,35383.972982474195,152905.2022281929
STR_057,2024-01-03,94598.17,130785.66731318017,35383.972982474195,166169.64029565436
STR_057,2024-01-04,91435.56,123848.42971510638,35383.972982474195,159232.40269758058
STR_057,2024-01-05,131285.63,167322.64174509855,35383.972982474195,202706.61472757274
STR_057,2024-01-06,181776.39,192055.56144155253,35383.972982474195,227439.53442402673
STR_057,2024-01-07,124564.44,189173.55950100665,35383.972982474195,224557.53248348084
STR_057,2024-01-08,100873.59999999999,121658.08382242349,35383.972982474195,157042.05680489767
STR_057,2024-01-09,111018.44,130469.91215452249,35383.972982474195,165853.8851369967
STR_057,2024-01-10,85774.4,112162.39480680306,35383.972982474195,147546.36778927725
STR_057,2024-01-11,122004.75,129745.16322096136,35383.972982474195,165129.13620343554
STR_057,2024-01-12,160865.75,162866.27149078064,35383.972982474195,198250.24447325483
STR_057,2024-01-13,259639.63999999998,219535.29171106996,35383.972982474195,254919.26469354416
STR_057,2024-01-14,154316.03999999998,184082.477605148,35383.972982474195,219466.45058762218
STR_057,2024-01-15,145369.57,141954.5845944934,35383.972982474195,177338.5575769676
STR_057,2024-01-16,99976.13,116111.52243182024,35383.972982474195,151495.49541429442
STR_057,2024-01-17,109820.22,118101.38840242907,35383.972982474195,153485.36138490326
STR_057,2024-01-18,109547.73000000001,109214.24538377543,35383.972982474195,144598.21836624964
STR_057,2024-01-19,133316.88,146469.76940611601,35383.972982474195,181853.7423885902
STR_057,2024-01-20,176972.12,189142.88389176087,35383.972982474195,224526.85687423506
STR_057,2024-01-21,125292.5,148537.7192924775,35383.972982474195,183921.6922749517
STR_057,2024-01-22,84165.12,128016.84593276079,35383.972982474195,163400.818915235
STR_057,2024-01-23,111293.18,124744.967511294,35383.972982474195,160128.9404937682
STR_057,2024-01-24,114829.39,104535.72385026042,35383.972982474195,139919.69683273463
STR_057,2024-01-25,115176.09,124038.01727267925,35383.972982474195,159421.99025515345
STR_057,2024-01-26,133572.09,138614.38902910947,35383.972982474195,173998.36201158367
STR_057,2024-01-27,193271.02000000002,183834.12533573716,35383.972982474195,219218.09831821136
STR_057,2024-01-28,154998.11,167878.20129927425,35383.972982474195,203262.17428174845
STR_057,2024-01-29,101477.54000000001,98662.88847156927,35383.972982474195,134046.86145404348
STR_057,2024-01-30,64460.35,97844.26296752623,35383.972982474195,133228.2359500004
STR_057,2024-01-31,149593.41999999998,144404.81851424402,35383.972982474195,179788.79149671822
STR_057,2024-02-01,114883.34,112959.83320970832,35383.972982474195,148343.80619218253
STR_057,2024-02-02,126606.09,132931.9970548328,35383.972982474195,168315.970037307
STR_057,2024-02-03,195971.05,196074.91205484138,35383.972982474195,231458.88503731557
STR_057,2024-02-04,126558.54000000001,148892.88614643193,35383.972982474195,184276.85912890613
STR_057,2024-02-05,47041.75,68882.1479059639,35383.972982474195,104266.12088843809
STR_057,2024-02-06,105526.81,103774.22810848814,35383.972982474195,139158.20109096234
STR_057,2024-02-07,120926.63,115442.37096131418,35383.972982474195,150826.34394378838
STR_057,2024-02-08,99805.28,113215.83629637882,35383.972982474195,148599.809278853
STR_057,2024-02-09,159585.6,145051.50292624967,35383.972982474195,180435.47590872386
STR_057,2024-02-10,142574.88999999998,181418.27761931974,35383.972982474195,216802.25060179393
STR_057,2024-02-11,135168.77,145570.45995529435,35383.972982474195,180954.43293776855
STR_057,2024-02-12,105168.67,106477.47431299574,35383.972982474195,141861.44729546993
STR_057,2024-02-13,107240.83,115219.78586621274,35383.972982474195,150603.75884868694
STR_057,2024-02-14,103004.88,107898.50948059432,35383.972982474195,143282.4824630685
STR_057,2024-02-15,172949.16999999998,151749.0180900954,35383.972982474195,187132.9910725696
STR_057,2024-02-16,157163.18,140672.9527252435,35383.972982474195,176056.9257077177
STR_057,2024-02-17,169355.68,168174.4147400131,35383.972982474195,203558.3877224873
STR_057,2024-02-18,133810.81,137663.49830690597,35383.972982474195,173047.47128938016
STR_057,2024-02-19,100634.17,106419.83417894435,35383.972982474195,141803.80716141855
STR_057,2024-02-20,115038.06,106974.14708823297,35383.972982474195,142358.12007070717
STR_057,2024-02-21,109035.73,111739.50794489906,35383.972982474195,147123.48092737325
STR_057,2024-02-22,84016.73,121587.38919199887,35383.972982474195,156971.36217447306
STR_057,2024-02-23,155781.07,137866.92529044286,35383.972982474195,173250.89827291705
STR_057,2024-02-24,195517.65,188916.190206191,35383.972982474195,224300.1631886652
STR_057,2024-02-25,178554.35,152683.88908352665,35383.972982474195,188067.86206600085
STR_057,2024-02-26,107409.79999999999,103219.91519919952,35383.972982474195,138603.8881816737
STR_057,2024-02-27,103479.31,103774.22810848814,35383.972982474195,139158.20109096234
STR_057,2024-02-28,87380.09,108636.50182646503,35383.972982474195,144020.4748089392
STR_057,2024-02-29,140486.58,136444.62606404047,35383.972982474195,171828.59904651466
STR_058,2023-12-01,409191.0,452968.78346246586,70429.85774275678,523398.64120522264
STR_058,2023-12-02,539422.77,464890.6073153728,70429.85774275678,535320.4650581295
STR_058,2023-12-03,481920.43,488282.5369839356,70429.85774275678,558712.3947266925
STR_058,2023-12-04,265672.95999999996,280066.7117227701,70429.85774275678,350496.5694655269
STR_058,2023-12-05,297690.0,307815.30305942055,70429.85774275678,378245.1608021773
STR_058,2023-12-06,309891.68,328257.0705203722,70429.85774275678,398686.92826312897
STR_058,2023-12-07,364509.17000000004,359832.5061080151,70429.85774275678,430262.36385077186
STR_058,2023-12-08,417335.02,425029.30856519775,70429.85774275678,495459.1663079545
STR_058,2023-12-09,535897.65,540952.0807201698,70429.85774275678,611381.9384629265
STR_058,2023-12-10,355782.49,437454.97157643136,70429.85774275678,507884.82931918814
STR_058,2023-12-11,300093.87,276631.8847422956,70429.85774275678,347061.7424850524
STR_058,2023-12-12,329576.13,383645.83376844204,70429.85774275678,454075.6915111988
STR_058,2023-12-13,301570.61,334439.60050365725,70429.85774275678,404869.458246414
STR_058,2023-12-14,346604.85,342509.78633229784,70429.85774275678,412939.6440750546
STR_058,2023-12-15,499585.34,577451.3697168126,70429.85774275678,647881.2274595695
STR_058,2023-12-16,549250.1699999999,476384.5907428355,70429.85774275678,546814.4484855923
STR_058,2023-12-17,405930.81000000006,443502.1188826073,70429.85774275678,513931.9766253641
STR_058,2023-12-18,297021.14,304609.99401875894,70429.85774275678,375039.8517615157
STR_058,2023-12-19,240753.57,257982.12767971298,70429.85774275678,328411.9854224698
STR_058,2023-12-20,288553.91000000003,338581.3733265623,70429.85774275678,409011.23106931907
STR_058,2023-12-21,340321.67,290878.6175506072,70429.85774275678,361308.47529336397
STR_058,2023-12-22,497303.2,434556.3272031347,70429.85774275678,504986.1849458915
STR_058,2023-12-23,555390.81,524353.0318142059,70429.85774275678,594782.8895569628
STR_058,2023-12-24,1137041.13,951799.0570878872,70429.85774275678,1022228.9148306439
STR_058,2023-12-25,719330.8500000001,636580.7165690754,70429.85774275678,707010.5743118322
STR_058,2023-12-26,411919.11,349956.36757818895,70429.85774275678,420386.2253209457
STR_058,2023-12-27,394200.26,350852.9823943143,70429.85774275678,421282.8401370711
STR_058,2023-12-28,352900.07,321237.30802283366,70429.85774275678,391667.16576559044
STR_058,2023-12-29,496283.44999999995,455687.021825127,70429.85774275678,526116.8795678838
STR_058,2023-12-30,668085.65,607761.6082196282,70429.85774275678,678191.4659623851
STR_058,2023-12-31,910884.93,1182709.5002047215,70429.85774275678,1253139.3579474783
STR_058,2024-01-01,64439.9,138680.9438677697,70429.85774275678,209110.80161052648
STR_058,2024-01-02,200695.25,205467.21218406566,70429.85774275678,275897.06992682244
STR_058,2024-01-03,167594.17,208619.34853087118,70429.85774275678,279049.20627362793
STR_058,2024-01-04,141291.3,207381.86021381657,70429.85774275678,277811.71795657335
STR_058,2024-01-05,260501.71,259003.6440962831,70429.85774275678,329433.50183903985
STR_058,2024-01-06,294114.89,316638.9257832209,70429.85774275678,387068.7835259777
STR_058,2024-01-07,304379.07,298896.1064430769,70429.85774275678,369325.9641858337
STR_058,2024-01-08,150175.26,191977.682729689,70429.85774275678,262407.5404724458
STR_058,2024-01-09,158968.01,191669.4953877992,70429.85774275678,262099.35313055597
STR_058,2024-01-10,170683.66,221960.10034824072,70429.85774275678,292389.95809099753
STR_058,2024-01-11,196760.02,208056.727590865,70429.85774275678,278486.58533362177
STR_058,2024-01-12,164546.5,294721.95948735153,70429.85774275678,365151.8172301083
STR_058,2024-01-13,251950.5,302922.63024931005,70429.85774275678,373352.48799206683
STR_058,2024-01-14,327707.4,302016.9807711347,70429.85774275678,372446.8385138915
STR_058,2024-01-15,228876.49,233049.89090006665,70429.85774275678,303479.7486428234
STR_058,2024-01-16,193434.13,179749.5310107259,70429.85774275678,250179.3887534827
STR_058,2024-01-17,189732.65,194088.4974030575,70429.85774275678,264518.35514581425
STR_058,2024-01-18,184609.63,227654.9304353113,70429.85774275678,298084.7881780681
STR_058,2024-01-19,241476.62,243967.80879840662,70429.85774275678,314397.6665411634
STR_058,2024-01-20,291409.76,302985.67726803105,70429.85774275678,373415.53501078783
STR_058,2024-01-21,232358.22,280041.1533302199,70429.85774275678,350471.0110729767
STR_058,2024-01-22,140691.37,174369.31049844812,70429.85774275678,244799.1682412049
STR_058,2024-01-23,176919.85,200833.0264795536,70429.85774275678,271262.8842223104
STR_058,2024-01-24,187687.1,183351.94771277023,70429.85774275678,253781.805455527
STR_058,2024-01-25,183661.22,187556.31721190448,70429.85774275678,257986.17495466126
STR_058,2024-01-26,239093.37,277129.78178104345,70429.85774275678,347559.63952380023
STR_058,2024-01-27,270605.3,305288.6782742828,70429.85774275678,375718.53601703956
STR_058,2024-01-28,262275.9,247022.83168359048,70429.85774275678,317452.68942634726
STR_058,2024-01-29,122853.15000000001,141634.1324689646,70429.85774275678,212063.9902117214
STR_058,2024-01-30,192980.28999999998,182499.02529849904,70429.85774275678,252928.88304125582
STR_058,2024-01-31,275303.23,240575.40753481118,70429.85774275678,311005.26527756796
STR_058,2024-02-01,173179.32,187341.0046552207,70429.85774275678,257770.86239797747
STR_058,2024-02-02,220647.66999999998,218834.3113952771,70429.85774275678,289264.1691380339
STR_058,2024-02-03,290529.29,310836.36336308904,70429.85774275678,381266.2211058458
STR_058,2024-02-04,312931.79000000004,296322.78510071133,70429.85774275678,366752.6428434681
STR_058,2024-02-05,66656.48,90589.18195082378,70429.85774275678,161019.03969358056
STR_058,2024-02-06,205220.96,186745.7916932394,70429.85774275678,257175.64943599617
STR_058,2024-02-07,154387.18,165478.30720830587,70429.85774275678,235908.16495106264
STR_058,2024-02-08,240518.52000000002,191695.8578221902,70429.85774275678,262125.715564947
STR_058,2024-02-09,238731.11,213832.9574751425,70429.85774275678,284262.8152178993
STR_058,2024-02-10,316856.12,299861.390969243,70429.85774275678,370291.2487119998
STR_058,2024-02-11,252355.34,241971.3328521326,70429.85774275678,312401.19059488934
STR_058,2024-02-12,88877.04000000001,156077.85529920575,70429.85774275678,226507.71304196253
STR_058,2024-02-13,181791.18,171941.69562184552,70429.85774275678,242371.5533646023
STR_058,2024-02-14,212392.92,205807.54400109046,70429.85774275678,276237.40174384724
STR_058,2024-02-15,296115.74,259211.66619023285,70429.85774275678,329641.5239329896
STR_058,2024-02-16,300230.23,251511.60428273014,70429.85774275678,321941.4620254869
STR_058,2024-02-17,337756.73,302673.72472330753,70429.85774275678,373103.5824660643
STR_058,2024-02-18,254185.36000000002,269477.4187752291,70429.85774275678,339907.27651798585
STR_058,2024-02-19,149638.79,159953.26759520776,70429.85774275678,230383.12533796453
STR_058,2024-02-20,195514.40000000002,179940.24858400007,70429.85774275678,250370.10632675685
STR_058,2024-02-21,181213.79,181401.96616359384,70429.85774275678,251831.82390635062
STR_058,2024-02-22,209431.77,198143.82437253578,70429.85774275678,268573.6821152925
STR_058,2024-02-23,266788.14,219220.88508759948,70429.85774275678,289650.74283035623
STR_058,2024-02-24,257240.59,298690.5549725537,70429.85774275678,369120.41271531046
STR_058,2024-02-25,345581.48,314175.18707915803,70429.85774275678,384605.0448219148
STR_058,2024-02-26,185159.36,151113.79988444803,70429.85774275678,221543.6576272048
STR_058,2024-02-27,206737.36,180747.11819381543,70429.85774275678,251176.9759365722
STR_058,2024-02-28,193418.82,189704.49275186463,70429.85774275678,260134.3504946214
STR_058,2024-02-29,242686.47,270446.95233316324,70429.85774275678,340876.81007592
STR_059,2023-12-01,264363.77,239500.50258806167,45168.63270743747,284669.1352954991
STR_059,2023-12-02,252261.91,275988.3249561598,45168.63270743747,321156.9576635973
STR_059,2023-12-03,259335.22,242429.71446542742,45168.63270743747,287598.3471728649
STR_059,2023-12-04,143249.35,167405.47326844968,45168.63270743747,212574.10597588716
STR_059,2023-12-05,140469.19,155318.26924500798,45168.63270743747,200486.90195244545
STR_059,2023-12-06,143714.5,156548.75815759093,45168.63270743747,201717.3908650284
STR_059,2023-12-07,212005.43,183089.03145089836,45168.63270743747,228257.66415833583
STR_059,2023-12-08,194793.49,245219.15009058485,45168.63270743747,290387.7827980223
STR_059,2023-12-09,270742.88,267568.40473399515,45168.63270743747,312737.0374414326
STR_059,2023-12-10,280055.24,252069.90550857098,45168.63270743747,297238.53821600846
STR_059,2023-12-11,192841.18,148472.85412370742,45168.63270743747,193641.4868311449
STR_059,2023-12-12,149730.22,201371.8075976595,45168.63270743747,246540.44030509697
STR_059,2023-12-13,227154.94,164476.63597642377,45168.63270743747,209645.26868386124
STR_059,2023-12-14,212953.66,178890.98522035056,45168.63270743747,224059.61792778803
STR_059,2023-12-15,278385.39,310847.644912938,45168.63270743747,356016.2776203755
STR_059,2023-12-16,353240.35,299344.82987398736,45168.63270743747,344513.46258142486
STR_059,2023-12-17,299895.26,247736.0325051178,45168.63270743747,292904.66521255526
STR_059,2023-12-18,142313.4,153667.64035625788,45168.63270743747,198836.27306369535
STR_059,2023-12-19,172599.09,161550.45277188774,45168.63270743747,206719.0854793252
STR_059,2023-12-20,176774.07,157526.0081149783,45168.63270743747,202694.64082241576
STR_059,2023-12-21,199871.40000000002,225351.02329516085,45168.63270743747,270519.65600259835
STR_059,2023-12-22,202524.97999999998,223586.86404866213,45168.63270743747,268755.49675609963
STR_059,2023-12-23,208041.95,282194.1255003406,45168.63270743747,327362.7582077781
STR_059,2023-12-24,562661.36,615314.2992766314,45168.63270743747,660482.931984069
STR_059,2023-12-25,315052.48,353435.4218650573,45168.63270743747,398604.0545724948
STR_059,2023-12-26,160943.48,157446.02156777732,45168.63270743747,202614.6542752148
STR_059,2023-12-27,117057.17000000001,181833.5468720171,45168.63270743747,227002.17957945456
STR_059,2023-12-28,194142.69999999998,182109.66908153056,45168.63270743747,227278.30178896803
STR_059,2023-12-29,263576.08,228773.01576582596,45168.63270743747,273941.6484732634
STR_059,2023-12-30,299465.9,303090.4879142274,45168.63270743747,348259.1206216649
STR_059,2023-12-31,684407.05,599755.3827023801,45168.63270743747,644924.0154098176
STR_059,2024-01-01,41395.09,89870.14642936955,45168.63270743747,135038.77913680702
STR_059,2024-01-02,115006.48,118426.58530889527,45168.63270743747,163595.21801633274
STR_059,2024-01-03,115106.03,117282.33599433627,45168.63270743747,162450.96870177373
STR_059,2024-01-04,89028.89,128820.66806857378,45168.63270743747,173989.30077601125
STR_059,2024-01-05,113214.13,144819.30865794403,45168.63270743747,189987.9413653815
STR_059,2024-01-06,183502.47,180109.13351438436,45168.63270743747,225277.76622182183
STR_059,2024-01-07,126619.81,176346.88691057035,45168.63270743747,221515.51961800782
STR_059,2024-01-08,89331.52,129227.19608312218,45168.63270743747,174395.82879055967
STR_059,2024-01-09,66066.38,107864.36865112647,45168.63270743747,153033.00135856395
STR_059,2024-01-10,111257.84,121151.9798980535,45168.63270743747,166320.61260549095
STR_059,2024-01-11,115737.32,124700.30779869523,45168.63270743747,169868.9405061327
STR_059,2024-01-12,138098.61,144121.06776536172,45168.63270743747,189289.7004727992
STR_059,2024-01-13,139463.88,177508.64151592721,45168.63270743747,222677.2742233647
STR_059,2024-01-14,179228.37,184216.48135795692,45168.63270743747,229385.1140653944
STR_059,2024-01-15,125909.8,132438.3085748674,45168.63270743747,177606.94128230488
STR_059,2024-01-16,95696.37,117210.64354850225,45168.63270743747,162379.27625593974
STR_059,2024-01-17,107988.29000000001,124567.29667397069,45168.63270743747,169735.92938140815
STR_059,2024-01-18,122784.41,137922.05093002232,45168.63270743747,183090.6836374598
STR_059,2024-01-19,140642.47999999998,146059.30351736362,45168.63270743747,191227.9362248011
STR_059,2024-01-20,166028.71,186567.51084364892,45168.63270743747,231736.1435510864
STR_059,2024-01-21,136388.22,170437.2619891673,45168.63270743747,215605.89469660478
STR_059,2024-01-22,89623.51,123570.96859335277,45168.63270743747,168739.60130079024
STR_059,2024-01-23,100201.6,111848.68132986536,45168.63270743747,157017.31403730283
STR_059,2024-01-24,102903.62,108577.64186529216,45168.63270743747,153746.27457272963
STR_059,2024-01-25,125527.48999999999,117893.97166558,45168.63270743747,163062.60437301747
STR_059,2024-01-26,144454.36000000002,147920.3191080492,45168.63270743747,193088.95181548668
STR_059,2024-01-27,160195.1,170404.06166593372,45168.63270743747,215572.6943733712
STR_059,2024-01-28,173488.09,168139.0215510605,45168.63270743747,213307.65425849796
STR_059,2024-01-29,70369.93,88937.51306002452,45168.63270743747,134106.14576746197
STR_059,2024-01-30,75337.78,98047.77683677973,45168.63270743747,143216.4095442172
STR_059,2024-01-31,125740.9,129289.53612419756,45168.63270743747,174458.16883163503
STR_059,2024-02-01,87038.25,107772.37394408278,45168.63270743747,152941.00665152026
STR_059,2024-02-02,185561.04,147640.6855623073,45168.63270743747,192809.31826974478
STR_059,2024-02-03,187035.93,172320.94149557588,45168.63270743747,217489.57420301336
STR_059,2024-02-04,122283.17,165214.45070037723,45168.63270743747,210383.0834078147
STR_059,2024-02-05,58213.54,68882.1479059639,45168.63270743747,114050.78061340137
STR_059,2024-02-06,103397.87,112568.63409236551,45168.63270743747,157737.26679980298
STR_059,2024-02-07,77595.56999999999,126288.79699762123,45168.63270743747,171457.4297050587
STR_059,2024-02-08,98904.33,107772.37394408278,45168.63270743747,152941.00665152026
STR_059,2024-02-09,120515.32999999999,139196.59283170977,45168.63270743747,184365.22553914724
STR_059,2024-02-10,183503.74,169142.30248919106,45168.63270743747,214310.93519662853
STR_059,2024-02-11,151761.46,150930.18075535868,45168.63270743747,196098.81346279616
STR_059,2024-02-12,93544.21,94924.2603780334,45168.63270743747,140092.8930854709
STR_059,2024-02-13,94949.9,103977.74197774164,45168.63270743747,149146.3746851791
STR_059,2024-02-14,88382.94,98366.36761386256,45168.63270743747,143535.00032130003
STR_059,2024-02-15,164674.82,144608.33238349753,45168.63270743747,189776.965090935
STR_059,2024-02-16,149241.29,147025.10173610417,45168.63270743747,192193.73444354165
STR_059,2024-02-17,189809.0,179461.93262909626,45168.63270743747,224630.56533653373
STR_059,2024-02-18,168626.03,161050.22769751522,45168.63270743747,206218.8604049527
STR_059,2024-02-19,104185.86,103219.91519919952,45168.63270743747,148388.547906637
STR_059,2024-02-20,96390.45999999999,98047.77683677973,45168.63270743747,143216.4095442172
STR_059,2024-02-21,109714.07,104296.33275482447,45168.63270743747,149464.96546226193
STR_059,2024-02-22,104522.26999999999,110787.16240371304,45168.63270743747,155955.7951111505
STR_059,2024-02-23,126661.62,132999.280424354,45168.63270743747,178167.91313179146
STR_059,2024-02-24,165751.09,155166.4973982392,45168.63270743747,200335.13010567668
STR_059,2024-02-25,160721.61,162453.5982870019,45168.63270743747,207622.23099443936
STR_059,2024-02-26,96755.89,94668.2572913629,45168.63270743747,139836.88999880035
STR_059,2024-02-27,95916.55,95426.08406990502,45168.63270743747,140594.7167773425
STR_059,2024-02-28,65070.33,106466.13099414197,45168.63270743747,151634.76370157945
STR_059,2024-02-29,137409.11,136648.13993329398,45168.63270743747,181816.77264073145
STR_060,2023-12-01,243443.06,222962.89246273605,32728.48074892492,255691.37321166098
STR_060,2023-12-02,326569.92,311531.0250584411,32728.48074892492,344259.505807366
STR_060,2023-12-03,294631.03,319156.68210000696,32728.48074892492,351885.16284893185
STR_060,2023-12-04,158103.71000000002,143666.26382397013,32728.48074892492,176394.74457289506
STR_060,2023-12-05,164060.26,166463.14925999663,32728.48074892492,199191.63000892155
STR_060,2023-12-06,179183.56,159801.54171721853,32728.48074892492,192530.02246614345
STR_060,2023-12-07,251665.16999999998,195844.74597421655,32728.48074892492,228573.22672314147
STR_060,2023-12-08,237083.25,223902.18264405458,32728.48074892492,256630.6633929795
STR_060,2023-12-09,217216.96,295443.4559090313,32728.48074892492,328171.9366579562
STR_060,2023-12-10,251472.45,248258.0263873016,32728.48074892492,280986.5071362265
STR_060,2023-12-11,173929.59,144766.94360822724,32728.48074892492,177495.42435715217
STR_060,2023-12-12,226859.77000000002,172189.77226435434,32728.48074892492,204918.25301327926
STR_060,2023-12-13,178187.66999999998,164407.01407673332,32728.48074892492,197135.49482565824
STR_060,2023-12-14,158172.66,179649.90732235328,32728.48074892492,212378.3880712782
STR_060,2023-12-15,341638.66000000003,312927.10808064876,32728.48074892492,345655.5888295737
STR_060,2023-12-16,208294.14,273630.36706519045,32728.48074892492,306358.84781411535
STR_060,2023-12-17,277484.41,251303.96313339632,32728.48074892492,284032.44388232124
STR_060,2023-12-18,156313.69,170678.03999823335,32728.48074892492,203406.52074715827
STR_060,2023-12-19,122930.94,176402.52563909662,32728.48074892492,209131.00638802155
STR_060,2023-12-20,153103.34,169536.61625836583,32728.48074892492,202265.09700729075
STR_060,2023-12-21,164734.07,166596.40862021127,32728.48074892492,199324.8893691362
STR_060,2023-12-22,239773.39,231756.69552039437,32728.48074892492,264485.17626931926
STR_060,2023-12-23,218123.53,321438.79250637005,32728.48074892492,354167.273255295
STR_060,2023-12-24,663566.06,591818.1422075436,32728.48074892492,624546.6229564685
STR_060,2023-12-25,410182.16,329528.1316925391,32728.48074892492,362256.612441464
STR_060,2023-12-26,167384.45,168283.67636543387,32728.48074892492,201012.1571143588
STR_060,2023-12-27,198916.96,161019.35443060336,32728.48074892492,193747.83517952828
STR_060,2023-12-28,114211.06,184185.4571358999,32728.48074892492,216913.93788482482
STR_060,2023-12-29,262017.66,254691.98988325385,32728.48074892492,287420.47063217877
STR_060,2023-12-30,276355.75,292631.41813185083,32728.48074892492,325359.8988807758
STR_060,2023-12-31,648766.52,580455.131978904,32728.48074892492,613183.6127278289
STR_060,2024-01-01,36382.93,97371.19563584636,32728.48074892492,130099.67638477129
STR_060,2024-01-02,94427.27,105910.47429420942,32728.48074892492,138638.95504313434
STR_060,2024-01-03,102565.73,119596.07647525413,32728.48074892492,152324.55722417904
STR_060,2024-01-04,111961.97,129206.6508154695,32728.48074892492,161935.13156439443
STR_060,2024-01-05,136140.69,151802.55509610433,32728.48074892492,184531.03584502926
STR_060,2024-01-06,160926.68,188947.75277408632,32728.48074892492,221676.23352301124
STR_060,2024-01-07,152225.51,175781.53051541158,32728.48074892492,208510.0112643365
STR_060,2024-01-08,107483.54000000001,130875.99228678894,32728.48074892492,163604.47303571386
STR_060,2024-01-09,74179.69,119917.24368465928,32728.48074892492,152645.7244335842
STR_060,2024-01-10,103777.68,121432.86345245586,32728.48074892492,154161.3442013808
STR_060,2024-01-11,114424.73000000001,121175.40993913477,32728.48074892492,153903.89068805968
STR_060,2024-01-12,142612.03,160673.46831005343,32728.48074892492,193401.94905897835
STR_060,2024-01-13,172935.96,186468.08261349265,32728.48074892492,219196.56336241757
STR_060,2024-01-14,164126.12,191425.91437127846,32728.48074892492,224154.39512020338
STR_060,2024-01-15,113699.98999999999,126178.45335215701,32728.48074892492,158906.93410108192
STR_060,2024-01-16,112348.44,115539.36835497625,32728.48074892492,148267.8491039012
STR_060,2024-01-17,102307.19,111212.82609985673,32728.48074892492,143941.30684878165
STR_060,2024-01-18,90573.38,114631.62089442744,32728.48074892492,147360.10164335236
STR_060,2024-01-19,147521.05,139482.35108340884,32728.48074892492,172210.83183233376
STR_060,2024-01-20,180782.84,164680.39631118884,32728.48074892492,197408.87706011377
STR_060,2024-01-21,165420.22,157547.0209510927,32728.48074892492,190275.50170001763
STR_060,2024-01-22,75347.8,124359.05316201517,32728.48074892492,157087.5339109401
STR_060,2024-01-23,110564.78,113679.04674875103,32728.48074892492,146407.52749767597
STR_060,2024-01-24,122542.1,123965.40893241928,32728.48074892492,156693.8896813442
STR_060,2024-01-25,116965.55,116424.99268169694,32728.48074892492,149153.47343062185
STR_060,2024-01-26,152271.29,154158.93900633935,32728.48074892492,186887.41975526427
STR_060,2024-01-27,139607.03,180582.6247352319,32728.48074892492,213311.1054841568
STR_060,2024-01-28,156605.87,182009.83540556603,32728.48074892492,214738.31615449095
STR_060,2024-01-29,97050.76,103219.91519919952,32728.48074892492,135948.39594812444
STR_060,2024-01-30,103593.72,107177.66095748647,32728.48074892492,139906.14170641138
STR_060,2024-01-31,176441.03,144608.33238349753,32728.48074892492,177336.81313242245
STR_060,2024-02-01,119403.94,113317.18893637802,32728.48074892492,146045.66968530294
STR_060,2024-02-02,110265.72,147176.710339362,32728.48074892492,179905.19108828693
STR_060,2024-02-03,178145.18,156449.61506646726,32728.48074892492,189178.09581539218
STR_060,2024-02-04,134307.85,150116.9272046598,32728.48074892492,182845.4079535847
STR_060,2024-02-05,56108.66,68882.1479059639,32728.48074892492,101610.62865488882
STR_060,2024-02-06,135593.33000000002,115423.29973546624,32728.48074892492,148151.78048439114
STR_060,2024-02-07,109801.49,114350.48187521988,32728.48074892492,147078.9626241448
STR_060,2024-02-08,105860.2,113163.34707896181,32728.48074892492,145891.82782788674
STR_060,2024-02-09,102605.58,124195.32234253756,32728.48074892492,156923.80309146247
STR_060,2024-02-10,144492.02,169749.97820687277,32728.48074892492,202478.4589557977
STR_060,2024-02-11,163699.42,154820.0231336717,32728.48074892492,187548.50388259662
STR_060,2024-02-12,109046.03,110866.6042585276,32728.48074892492,143595.08500745252
STR_060,2024-02-13,116599.40000000001,107177.66095748647,32728.48074892492,139906.14170641138
STR_060,2024-02-14,132659.1,119817.52906441469,32728.48074892492,152546.00981333962
STR_060,2024-02-15,145888.02000000002,139815.20728484957,32728.48074892492,172543.6880337745
STR_060,2024-02-16,129038.76,138800.93119322197,32728.48074892492,171529.4119421469
STR_060,2024-02-17,218446.16999999998,182889.7990593649,32728.48074892492,215618.2798082898
STR_060,2024-02-18,128666.01000000001,166072.95288574367,32728.48074892492,198801.4336346686
STR_060,2024-02-19,101245.5,97289.9500582376,32728.48074892492,130018.43080716253
STR_060,2024-02-20,104743.41,113941.57250569716,32728.48074892492,146670.0532546221
STR_060,2024-02-21,112388.83,115997.89359921958,32728.48074892492,148726.3743481445
STR_060,2024-02-22,104572.84,106923.21924640716,32728.48074892492,139651.69999533208
STR_060,2024-02-23,133051.32,143594.05629186993,32728.48074892492,176322.53704079485
STR_060,2024-02-24,175189.47,169983.4628938574,32728.48074892492,202711.9436427823
STR_060,2024-02-25,80760.34,162353.7640666832,32728.48074892492,195082.2448156081
STR_060,2024-02-26,112949.37,106419.83417894435,32728.48074892492,139148.31492786927
STR_060,2024-02-27,95176.26,103977.74197774164,32728.48074892492,136706.22272666654
STR_060,2024-02-28,110657.86,113957.11468058286,32728.48074892492,146685.59542950778
STR_060,2024-02-29,145380.13,136356.04258811887,32728.48074892492,169084.5233370438
STR_061,2023-12-01,371750.32,382722.74938243494,76466.13615362358,459188.8855360585
STR_061,2023-12-02,477854.8,429934.2619686147,76466.13615362358,506400.3981222383
STR_061,2023-12-03,458600.79,398505.019639212,76466.13615362358,474971.1557928356
STR_061,2023-12-04,182519.99,261541.1838613942,76466.13615362358,338007.32001501776
STR_061,2023-12-05,213133.39,265389.5064295137,76466.13615362358,341855.64258313726
STR_061,2023-12-06,257666.18,232104.03182756164,76466.13615362358,308570.16798118525
STR_061,2023-12-07,207634.32,281804.68137107475,76466.13615362358,358270.81752469833
STR_061,2023-12-08,377186.49,368666.7489965954,76466.13615362358,445132.88515021896
STR_061,2023-12-09,358794.70999999996,496928.479274604,76466.13615362358,573394.6154282276
STR_061,2023-12-10,418911.11,421681.89849036606,76466.13615362358,498148.03464398964
STR_061,2023-12-11,279404.86,262270.81402634457,76466.13615362358,338736.95017996815
STR_061,2023-12-12,278505.66000000003,298311.3720704209,76466.13615362358,374777.50822404446
STR_061,2023-12-13,292316.34,288800.1157585018,76466.13615362358,365266.2519121254
STR_061,2023-12-14,341955.16,312644.05823988514,76466.13615362358,389110.1943935087
STR_061,2023-12-15,445156.8,431006.40248500725,76466.13615362358,507472.5386386308
STR_061,2023-12-16,555328.82,458822.53269342694,76466.13615362358,535288.6688470505
STR_061,2023-12-17,453624.6,429093.0021898872,76466.13615362358,505559.1383435108
STR_061,2023-12-18,189446.37,239911.6899792432,76466.13615362358,316377.8261328668
STR_061,2023-12-19,240809.05000000002,238692.0149907278,76466.13615362358,315158.15114435134
STR_061,2023-12-20,245842.03,258301.5657885798,76466.13615362358,334767.7019422034
STR_061,2023-12-21,255658.2,235560.61284346413,76466.13615362358,312026.7489970877
STR_061,2023-12-22,328865.25,380064.23868182924,76466.13615362358,456530.3748354528
STR_061,2023-12-23,522041.41,482851.4259017748,76466.13615362358,559317.5620553984
STR_061,2023-12-24,1187102.21,898423.7599379714,76466.13615362358,974889.896091595
STR_061,2023-12-25,468206.53,542308.4342162843,76466.13615362358,618774.5703699079
STR_061,2023-12-26,292892.57,267862.57422902423,76466.13615362358,344328.7103826478
STR_061,2023-12-27,295578.06,267892.31301112357,76466.13615362358,344358.44916474714
STR_061,2023-12-28,318396.36,317556.81698065327,76466.13615362358,394022.95313427685
STR_061,2023-12-29,336816.81,369467.6916515063,76466.13615362358,445933.82780512987
STR_061,2023-12-30,360342.62,494142.039726532,76466.13615362358,570608.1758801555
STR_061,2023-12-31,1003642.8300000001,902162.1077430575,76466.13615362358,978628.2438966811
STR_061,2024-01-01,53858.71,114668.40145247446,76466.13615362358,191134.53760609805
STR_061,2024-01-02,174695.38,182132.91505245774,76466.13615362358,258599.05120608132
STR_061,2024-01-03,171281.05,177416.17842987587,76466.13615362358,253882.31458349945
STR_061,2024-01-04,92749.37,216310.3127046548,76466.13615362358,292776.44885827834
STR_061,2024-01-05,185036.44,243461.86204886902,76466.13615362358,319927.9982024926
STR_061,2024-01-06,295299.79,297343.8997146986,76466.13615362358,373810.0358683222
STR_061,2024-01-07,233062.6,266136.6251610647,76466.13615362358,342602.76131468825
STR_061,2024-01-08,131977.06,189883.99543362198,76466.13615362358,266350.13158724556
STR_061,2024-01-09,136558.09,184553.94569152736,76466.13615362358,261020.08184515094
STR_061,2024-01-10,115775.33,192817.3672941981,76466.13615362358,269283.5034478217
STR_061,2024-01-11,154824.31,212102.53238823166,76466.13615362358,288568.66854185524
STR_061,2024-01-12,215150.32,230119.89254316714,76466.13615362358,306586.0286967907
STR_061,2024-01-13,290813.22,278769.1870245093,76466.13615362358,355235.3231781329
STR_061,2024-01-14,157257.97999999998,230962.0565611949,76466.13615362358,307428.1927148185
STR_061,2024-01-15,223609.66999999998,194339.51089639333,76466.13615362358,270805.6470500169
STR_061,2024-01-16,180293.71,168198.7776882455,76466.13615362358,244664.91384186907
STR_061,2024-01-17,186100.39,168517.36846532833,76466.13615362358,244983.5046189519
STR_061,2024-01-18,183606.65,194460.28995890255,76466.13615362358,270926.4261125261
STR_061,2024-01-19,226423.03999999998,233059.23187866245,76466.13615362358,309525.36803228606
STR_061,2024-01-20,304459.12,308961.71225311735,76466.13615362358,385427.84840674093
STR_061,2024-01-21,272383.64,246312.84352370503,76466.13615362358,322778.9796773286
STR_061,2024-01-22,98869.4,171569.15781837224,76466.13615362358,248035.29397199582
STR_061,2024-01-23,137612.8,163332.15311754562,76466.13615362358,239798.2892711692
STR_061,2024-01-24,105219.61,162668.82259831947,76466.13615362358,239134.95875194305
STR_061,2024-01-25,114176.11,188318.07268297306,76466.13615362358,264784.20883659663
STR_061,2024-01-26,188802.77,205677.34406090478,76466.13615362358,282143.4802145284
STR_061,2024-01-27,244330.61,258236.3402394196,76466.13615362358,334702.4763930432
STR_061,2024-01-28,238252.03999999998,223543.91379794915,76466.13615362358,300010.0499515727
STR_061,2024-01-29,141079.98,162814.34237621463,76466.13615362358,239280.4785298382
STR_061,2024-01-30,130690.42,148984.99285491457,76466.13615362358,225451.12900853815
STR_061,2024-01-31,170140.2,222689.3449674711,76466.13615362358,299155.48112109466
STR_061,2024-02-01,204424.32,173726.78087795887,76466.13615362358,250192.91703158244
STR_061,2024-02-02,134759.13,257426.89342578483,76466.13615362358,333893.0295794084
STR_061,2024-02-03,290841.62,266941.83826411376,76466.13615362358,343407.97441773734
STR_061,2024-02-04,267119.2,249024.3241479531,76466.13615362358,325490.46030157665
STR_061,2024-02-05,90141.26000000001,95102.06261786955,76466.13615362358,171568.19877149313
STR_061,2024-02-06,148425.6,147030.91878812303,76466.13615362358,223497.0549417466
STR_061,2024-02-07,160560.83000000002,156912.5534327566,76466.13615362358,233378.68958638018
STR_061,2024-02-08,202435.65,180890.72119286156,76466.13615362358,257356.85734648514
STR_061,2024-02-09,238052.28000000003,207835.25153393138,76466.13615362358,284301.38768755493
STR_061,2024-02-10,261484.87,265412.5345353759,76466.13615362358,341878.67068899947
STR_061,2024-02-11,270331.85,259919.75725965833,76466.13615362358,336385.8934132819
STR_061,2024-02-12,91110.2,153373.70613252008,76466.13615362358,229839.84228614366
STR_061,2024-02-13,163666.46,158506.6664205043,76466.13615362358,234972.80257412788
STR_061,2024-02-14,183153.28,171587.51899110005,76466.13615362358,248053.65514472363
STR_061,2024-02-15,196488.93,215270.39045602604,76466.13615362358,291736.52660964965
STR_061,2024-02-16,202884.09,218934.08146094842,76466.13615362358,295400.21761457203
STR_061,2024-02-17,259197.63,268613.4903399055,76466.13615362358,345079.62649352907
STR_061,2024-02-18,272557.8,242860.82742344963,76466.13615362358,319326.9635770732
STR_061,2024-02-19,145348.67,139810.66617604633,76466.13615362358,216276.8023296699
STR_061,2024-02-20,153532.84,147475.406187946,76466.13615362358,223941.54234156958
STR_061,2024-02-21,134198.1,158125.88671914375,76466.13615362358,234592.02287276732
STR_061,2024-02-22,142837.91,183127.4081703517,76466.13615362358,259593.54432397528
STR_061,2024-02-23,206397.09999999998,197400.18140807402,76466.13615362358,273866.31756169756
STR_061,2024-02-24,268681.29,293811.0866574969,76466.13615362358,370277.2228111205
STR_061,2024-02-25,276918.02999999997,260585.33713558258,76466.13615362358,337051.47328920616
STR_061,2024-02-26,124849.58,137607.12805428595,76466.13615362358,214073.26420790952
STR_061,2024-02-27,125271.25,172024.244062048,76466.13615362358,248490.38021567158
STR_061,2024-02-28,160602.53,170031.19178735086,76466.13615362358,246497.32794097444
STR_061,2024-02-29,242636.97,243105.8045972154,76466.13615362358,319571.94075083896
STR_062,2023-12-01,412529.31,362230.16382296896,52490.306564818195,414720.47038778715
STR_062,2023-12-02,503451.74,464145.0313149143,52490.306564818195,516635.3378797325
STR_062,2023-12-03,454699.25,403729.4820361803,52490.306564818195,456219.7886009985
STR_062,2023-12-04,268740.18,293157.17981718824,52490.306564818195,345647.48638200643
STR_062,2023-12-05,279639.63,258380.35412134143,52490.306564818195,310870.6606861596
STR_062,2023-12-06,309138.07,294215.4335829476,52490.306564818195,346705.7401477658
STR_062,2023-12-07,357094.51,313086.2160392147,52490.306564818195,365576.5226040329
STR_062,2023-12-08,359076.56,327748.1177074566,52490.306564818195,380238.4242722748
STR_062,2023-12-09,497336.71,471279.4688318775,52490.306564818195,523769.7753966957
STR_062,2023-12-10,298866.72,343497.6491640354,52490.306564818195,395987.9557288536
STR_062,2023-12-11,221558.35,231188.8516475426,52490.306564818195,283679.1582123608
STR_062,2023-12-12,360475.35,294518.2501526966,52490.306564818195,347008.5567175148
STR_062,2023-12-13,256463.19,290438.8702937394,52490.306564818195,342929.1768585576
STR_062,2023-12-14,198135.82,287563.3751857775,52490.306564818195,340053.6817505957
STR_062,2023-12-15,536082.27,544882.2105472226,52490.306564818195,597372.5171120409
STR_062,2023-12-16,519855.66,462937.3090902973,52490.306564818195,515427.6156551155
STR_062,2023-12-17,393321.99,405202.0361254026,52490.306564818195,457692.3426902208
STR_062,2023-12-18,220221.51,238747.73768179977,52490.306564818195,291238.04424661794
STR_062,2023-12-19,181758.43000000002,236379.07576335804,52490.306564818195,288869.38232817623
STR_062,2023-12-20,322029.71,274779.5939223774,52490.306564818195,327269.9004871956
STR_062,2023-12-21,299360.74,294729.92792578414,52490.306564818195,347220.23449060234
STR_062,2023-12-22,408960.45999999996,368182.1343186572,52490.306564818195,420672.4408834754
STR_062,2023-12-23,522305.22,501222.2036569173,52490.306564818195,553712.5102217356
STR_062,2023-12-24,919280.54,756667.4037760183,52490.306564818195,809157.7103408366
STR_062,2023-12-25,584352.05,540623.8102036676,52490.306564818195,593114.1167684859
STR_062,2023-12-26,231324.38999999998,254464.13919987244,52490.306564818195,306954.44576469064
STR_062,2023-12-27,331753.62,304331.8900695739,52490.306564818195,356822.1966343921
STR_062,2023-12-28,293705.04,292590.1082002362,52490.306564818195,345080.4147650544
STR_062,2023-12-29,367622.59,380078.9897451154,52490.306564818195,432569.2963099336
STR_062,2023-12-30,472633.11,420257.0420902101,52490.306564818195,472747.34865502827
STR_062,2023-12-31,1106580.42,881984.4299277338,52490.306564818195,934474.7364925521
STR_062,2024-01-01,50738.67,126977.39415529449,52490.306564818195,179467.70072011268
STR_062,2024-01-02,128232.53,163124.9350413067,52490.306564818195,215615.24160612488
STR_062,2024-01-03,135352.61,180287.6518748899,52490.306564818195,232777.9584397081
STR_062,2024-01-04,170107.45,206630.58176266702,52490.306564818195,259120.8883274852
STR_062,2024-01-05,195865.0,234495.95721089598,52490.306564818195,286986.2637757142
STR_062,2024-01-06,229553.50999999998,320679.963271625,52490.306564818195,373170.2698364432
STR_062,2024-01-07,164396.77000000002,247994.43623030346,52490.306564818195,300484.7427951216
STR_062,2024-01-08,137079.06,160611.96436020677,52490.306564818195,213102.27092502496
STR_062,2024-01-09,145856.69,182834.60704238867,52490.306564818195,235324.91360720686
STR_062,2024-01-10,141384.01,182713.7021306612,52490.306564818195,235204.0086954794
STR_062,2024-01-11,88472.05,184189.37487968858,52490.306564818195,236679.68144450677
STR_062,2024-01-12,218656.6,224923.4890018011,52490.306564818195,277413.79556661926
STR_062,2024-01-13,257775.34999999998,291188.4947453548,52490.306564818195,343678.801310173
STR_062,2024-01-14,243221.18,252881.20216054237,52490.306564818195,305371.50872536056
STR_062,2024-01-15,229401.08000000002,212950.15248080797,52490.306564818195,265440.45904562616
STR_062,2024-01-16,174115.38,172122.43253893568,52490.306564818195,224612.73910375388
STR_062,2024-01-17,175356.72,187078.66280076798,52490.306564818195,239568.96936558618
STR_062,2024-01-18,164174.29,173781.13779239097,52490.306564818195,226271.44435720917
STR_062,2024-01-19,218970.59,208899.0091312026,52490.306564818195,261389.31569602079
STR_062,2024-01-20,249681.11,249170.14281944776,52490.306564818195,301660.4493842659
STR_062,2024-01-21,202126.84,221820.62234773007,52490.306564818195,274310.92891254823
STR_062,2024-01-22,144429.85,170566.5604435053,52490.306564818195,223056.8670083235
STR_062,2024-01-23,161940.26,162866.163849996,52490.306564818195,215356.4704148142
STR_062,2024-01-24,141293.0,166813.028334546,52490.306564818195,219303.33489936418
STR_062,2024-01-25,178896.8,178215.95737674338,52490.306564818195,230706.26394156157
STR_062,2024-01-26,205458.54,220699.7764474842,52490.306564818195,273190.0830123024
STR_062,2024-01-27,248922.34,247080.96724726408,52490.306564818195,299571.27381208225
STR_062,2024-01-28,207918.28,232237.1994146104,52490.306564818195,284727.5059794286
STR_062,2024-01-29,144905.58000000002,145578.93948361342,52490.306564818195,198069.2460484316
STR_062,2024-01-30,152009.21,157418.25578985008,52490.306564818195,209908.56235466828
STR_062,2024-01-31,228473.81,187965.63247651348,52490.306564818195,240455.93904133167
STR_062,2024-02-01,162270.58,185946.78155483303,52490.306564818195,238437.08811965122
STR_062,2024-02-02,215288.28999999998,242401.1031907027,52490.306564818195,294891.4097555209
STR_062,2024-02-03,268571.3,248695.08263039278,52490.306564818195,301185.389195211
STR_062,2024-02-04,129337.89,232038.63497102907,52490.306564818195,284528.94153584726
STR_062,2024-02-05,106973.49,97007.97584260482,52490.306564818195,149498.28240742302
STR_062,2024-02-06,170664.7,167184.40033005681,52490.306564818195,219674.706894875
STR_062,2024-02-07,126935.05,160738.37291998236,52490.306564818195,213228.67948480055
STR_062,2024-02-08,201033.99,173367.03996710488,52490.306564818195,225857.34653192307
STR_062,2024-02-09,169751.8,222417.56508076252,52490.306564818195,274907.87164558074
STR_062,2024-02-10,212882.81,263856.50558617775,52490.306564818195,316346.81215099595
STR_062,2024-02-11,270134.46,258289.0561727313,52490.306564818195,310779.36273754947
STR_062,2024-02-12,148959.8,149830.53702631983,52490.306564818195,202320.84359113802
STR_062,2024-02-13,147607.65,170628.86396069123,52490.306564818195,223119.17052550943
STR_062,2024-02-14,147987.09,162295.36977902713,52490.306564818195,214785.67634384532
STR_062,2024-02-15,226288.76,245568.1168250234,52490.306564818195,298058.42338984157
STR_062,2024-02-16,178656.13,204928.95568608365,52490.306564818195,257419.26225090184
STR_062,2024-02-17,316697.77,248673.20377275726,52490.306564818195,301163.51033757546
STR_062,2024-02-18,235422.43,211051.57692458402,52490.306564818195,263541.88348940224
STR_062,2024-02-19,140257.36,145134.56837281797,52490.306564818195,197624.87493763617
STR_062,2024-02-20,168892.75,179634.8920556937,52490.306564818195,232125.1986205119
STR_062,2024-02-21,177146.24,153183.94498152978,52490.306564818195,205674.25154634798
STR_062,2024-02-22,175250.38,184555.03017407164,52490.306564818195,237045.33673888983
STR_062,2024-02-23,166552.0,227995.57688474984,52490.306564818195,280485.88344956806
STR_062,2024-02-24,241135.88,282316.8501513399,52490.306564818195,334807.1567161581
STR_062,2024-02-25,270250.34,232059.9688736007,52490.306564818195,284550.2754384189
STR_062,2024-02-26,174727.96,154833.7301542733,52490.306564818195,207324.0367190915
STR_062,2024-02-27,153561.47,170106.56020149527,52490.306564818195,222596.86676631347
STR_062,2024-02-28,203245.66,174457.3232055428,52490.306564818195,226947.629770361
STR_062,2024-02-29,250050.39,231631.86183124737,52490.306564818195,284122.1683960656
STR_063,2023-12-01,288388.15,261469.81463557432,41509.80278076918,302979.61741634354
STR_063,2023-12-02,390595.25,353150.9128821808,41509.80278076918,394660.71566295
STR_063,2023-12-03,308805.67,300642.03491522965,41509.80278076918,342151.83769599884
STR_063,2023-12-04,175215.03,172818.65183193513,41509.80278076918,214328.4546127043
STR_063,2023-12-05,196334.3,181108.38951099484,41509.80278076918,222618.19229176402
STR_063,2023-12-06,179131.85,191243.53436145512,41509.80278076918,232753.3371422243
STR_063,2023-12-07,207175.94,247446.30753345025,41509.80278076918,288956.11031421943
STR_063,2023-12-08,235137.89,209859.81426656106,41509.80278076918,251369.61704733025
STR_063,2023-12-09,253163.15,354764.72927136195,41509.80278076918,396274.53205213114
STR_063,2023-12-10,276204.62,280482.14352097665,41509.80278076918,321991.94630174583
STR_063,2023-12-11,183496.33000000002,152955.19258590377,41509.80278076918,194464.99536667296
STR_063,2023-12-12,190163.16999999998,232331.72440778365,41509.80278076918,273841.52718855283
STR_063,2023-12-13,224955.74000000002,199346.05275230826,41509.80278076918,240855.85553307744
STR_063,2023-12-14,216489.28999999998,206174.73390992102,41509.80278076918,247684.5366906902
STR_063,2023-12-15,311401.62,391237.49262521835,41509.80278076918,432747.29540598753
STR_063,2023-12-16,366111.92,356131.71858139336,41509.80278076918,397641.52136216254
STR_063,2023-12-17,175578.37,272472.1587703464,41509.80278076918,313981.96155111556
STR_063,2023-12-18,156881.57,169028.80040797923,41509.80278076918,210538.6031887484
STR_063,2023-12-19,197877.24000000002,180497.85466388002,41509.80278076918,222007.6574446492
STR_063,2023-12-20,186151.05,185958.19419799277,41509.80278076918,227467.99697876195
STR_063,2023-12-21,167840.41,213393.28207179348,41509.80278076918,254903.08485256266
STR_063,2023-12-22,220434.18,256937.7447485914,41509.80278076918,298447.54752936057
STR_063,2023-12-23,364340.61,330463.5220622856,41509.80278076918,371973.3248430548
STR_063,2023-12-24,824814.4199999999,721282.6823928097,41509.80278076918,762792.4851735788
STR_063,2023-12-25,498771.57999999996,348830.69890581275,41509.80278076918,390340.50168658193
STR_063,2023-12-26,212436.34,189737.93127808557,41509.80278076918,231247.73405885475
STR_063,2023-12-27,198536.13,181520.21227297824,41509.80278076918,223030.01505374743
STR_063,2023-12-28,135405.94,206010.1566995164,41509.80278076918,247519.9594802856
STR_063,2023-12-29,287315.79,266542.9473102472,41509.80278076918,308052.7500910164
STR_063,2023-12-30,402395.58999999997,396179.5173097001,41509.80278076918,437689.32009046926
STR_063,2023-12-31,630112.96,710997.1764668522,41509.80278076918,752506.9792476214
STR_063,2024-01-01,29606.7,120023.0717383734,41509.80278076918,161532.87451914258
STR_063,2024-01-02,102018.31,140966.93605029728,41509.80278076918,182476.73883106647
STR_063,2024-01-03,117983.48000000001,139955.25784222342,41509.80278076918,181465.0606229926
STR_063,2024-01-04,122316.97,138105.5356748506,41509.80278076918,179615.33845561979
STR_063,2024-01-05,144571.69999999998,162290.96993235662,41509.80278076918,203800.7727131258
STR_063,2024-01-06,181370.38,217231.36639823584,41509.80278076918,258741.16917900502
STR_063,2024-01-07,161286.29,204604.88511196853,41509.80278076918,246114.6878927377
STR_063,2024-01-08,111978.22,137463.6548344251,41509.80278076918,178973.4576151943
STR_063,2024-01-09,121065.17,136717.97498070964,41509.80278076918,178227.77776147882
STR_063,2024-01-10,120906.79,134406.13993040667,41509.80278076918,175915.94271117586
STR_063,2024-01-11,100108.2,134828.3290929095,41509.80278076918,176338.13187367868
STR_063,2024-01-12,142203.33,166441.11879313926,41509.80278076918,207950.92157390845
STR_063,2024-01-13,201008.07,209795.98736178593,41509.80278076918,251305.7901425551
STR_063,2024-01-14,137348.82,164738.8396108191,41509.80278076918,206248.64239158828
STR_063,2024-01-15,155723.67,150795.83043525548,41509.80278076918,192305.63321602467
STR_063,2024-01-16,121663.42000000001,126866.48461988874,41509.80278076918,168376.28740065792
STR_063,2024-01-17,117077.58,127080.47760624759,41509.80278076918,168590.28038701677
STR_063,2024-01-18,101293.81,129961.34809084049,41509.80278076918,171471.1508716097
STR_063,2024-01-19,163965.62,163554.94924118355,41509.80278076918,205064.75202195274
STR_063,2024-01-20,218571.81,212693.3529861677,41509.80278076918,254203.1557669369
STR_063,2024-01-21,190560.77000000002,180919.20322939698,41509.80278076918,222429.00601016617
STR_063,2024-01-22,96349.32,135367.93013565522,41509.80278076918,176877.7329164244
STR_063,2024-01-23,124177.56999999999,126628.12666067056,41509.80278076918,168137.92944143974
STR_063,2024-01-24,95326.33,126946.7174377534,41509.80278076918,168456.52021852258
STR_063,2024-01-25,154817.7,135432.22484571443,41509.80278076918,176942.0276264836
STR_063,2024-01-26,171427.81,171117.88925948663,41509.80278076918,212627.69204025582
STR_063,2024-01-27,102208.31,198688.63006185627,41509.80278076918,240198.43284262545
STR_063,2024-01-28,202870.2,186642.5111007423,41509.80278076918,228152.31388151148
STR_063,2024-01-29,116512.73000000001,110490.48322130537,41509.80278076918,152000.28600207454
STR_063,2024-01-30,107662.95,118949.83883053549,41509.80278076918,160459.64161130466
STR_063,2024-01-31,166633.4,150577.52038321612,41509.80278076918,192087.3231639853
STR_063,2024-02-01,109872.59,123212.51287149145,41509.80278076918,164722.31565226062
STR_063,2024-02-02,147781.46,147150.53480279088,41509.80278076918,188660.33758356006
STR_063,2024-02-03,215908.82,178821.24326675665,41509.80278076918,220331.04604752583
STR_063,2024-02-04,163789.88,179120.1996587324,41509.80278076918,220630.00243950158
STR_063,2024-02-05,63881.17999999999,78784.82502682245,41509.80278076918,120294.62780759163
STR_063,2024-02-06,108239.6,109528.85511281171,41509.80278076918,151038.6578935809
STR_063,2024-02-07,124865.53,125631.92568080273,41509.80278076918,167141.7284615719
STR_063,2024-02-08,130639.37,119582.15636949646,41509.80278076918,161091.95915026564
STR_063,2024-02-09,170177.36000000002,153725.04137189253,41509.80278076918,195234.8441526617
STR_063,2024-02-10,188468.55,196315.750479029,41509.80278076918,237825.55325979818
STR_063,2024-02-11,188936.1,159852.19230266116,41509.80278076918,201361.99508343035
STR_063,2024-02-12,107407.77,109942.35174007824,41509.80278076918,151452.15452084743
STR_063,2024-02-13,93602.84,102842.04963364753,41509.80278076918,144351.85241441673
STR_063,2024-02-14,120902.84,134265.4067906438,41509.80278076918,175775.209571413
STR_063,2024-02-15,140266.23,151128.59314807403,41509.80278076918,192638.3959288432
STR_063,2024-02-16,168200.15,159005.47631702895,41509.80278076918,200515.27909779813
STR_063,2024-02-17,205238.59,206576.7283004308,41509.80278076918,248086.5310812
STR_063,2024-02-18,215046.48,195070.5413623836,41509.80278076918,236580.3441431528
STR_063,2024-02-19,76843.38,106376.71873325671,41509.80278076918,147886.5215140259
STR_063,2024-02-20,127351.57,126338.4395033582,41509.80278076918,167848.2422841274
STR_063,2024-02-21,101780.42,117516.0832586186,41509.80278076918,159025.88603938778
STR_063,2024-02-22,113987.28,129691.73095795525,41509.80278076918,171201.53373872442
STR_063,2024-02-23,192084.33000000002,160665.85602587814,41509.80278076918,202175.65880664732
STR_063,2024-02-24,186711.24,207640.955149374,41509.80278076918,249150.75793014318
STR_063,2024-02-25,226264.41,186728.05002974995,41509.80278076918,228237.85281051914
STR_063,2024-02-26,119094.01999999999,106376.71873325671,41509.80278076918,147886.5215140259
STR_063,2024-02-27,124361.75,119349.66255173787,41509.80278076918,160859.46533250704
STR_063,2024-02-28,103165.56,123890.13161839834,41509.80278076918,165399.93439916754
STR_063,2024-02-29,187182.97,151173.87959957807,41509.80278076918,192683.68238034725
STR_064,2023-12-01,349332.32,288557.1560351972,37925.5606521272,326482.7166873244
STR_064,2023-12-02,314229.95,323233.17139424663,37925.5606521272,361158.7320463738
STR_064,2023-12-03,304398.35,287648.0259105892,37925.5606521272,325573.5865627164
STR_064,2023-12-04,190651.13,189974.13544891015,37925.5606521272,227899.69610103735
STR_064,2023-12-05,167821.77,162929.1243564703,37925.5606521272,200854.6850085975
STR_064,2023-12-06,189895.52,192360.19307739203,37925.5606521272,230285.75372951923
STR_064,2023-12-07,252117.24,230087.4249956246,37925.5606521272,268012.98564775183
STR_064,2023-12-08,293693.78,262803.85987554066,37925.5606521272,300729.42052766785
STR_064,2023-12-09,332332.25,310227.91437530867,37925.5606521272,348153.47502743587
STR_064,2023-12-10,247831.05,283328.18127736286,37925.5606521272,321253.74192949006
STR_064,2023-12-11,146241.29,184299.74579209666,37925.5606521272,222225.30644422385
STR_064,2023-12-12,283557.34,231181.46425203158,37925.5606521272,269107.0249041588
STR_064,2023-12-13,147184.44,173643.50934297865,37925.5606521272,211569.06999510585
STR_064,2023-12-14,219077.12,232102.08157462376,37925.5606521272,270027.64222675096
STR_064,2023-12-15,312111.79,329377.417429384,37925.5606521272,367302.9780815112
STR_064,2023-12-16,309956.78,315711.30677777034,37925.5606521272,353636.86742989754
STR_064,2023-12-17,377558.86,319382.0088675378,37925.5606521272,357307.569519665
STR_064,2023-12-18,176279.56,196578.98857649375,37925.5606521272,234504.54922862095
STR_064,2023-12-19,263718.46,210884.22237746185,37925.5606521272,248809.78302958905
STR_064,2023-12-20,197477.86,175139.39051128735,37925.5606521272,213064.95116341455
STR_064,2023-12-21,256499.27,205397.18074055138,37925.5606521272,243322.74139267858
STR_064,2023-12-22,257086.49,261693.4862082685,37925.5606521272,299619.0468603957
STR_064,2023-12-23,355624.72,352459.3779541106,37925.5606521272,390384.9386062378
STR_064,2023-12-24,1026506.71,791843.0096271768,37925.5606521272,829768.5702793039
STR_064,2023-12-25,490432.39999999997,371541.99711008026,37925.5606521272,409467.55776220746
STR_064,2023-12-26,195922.75,202721.85245689037,37925.5606521272,240647.41310901757
STR_064,2023-12-27,164169.3,188624.15613390395,37925.5606521272,226549.71678603115
STR_064,2023-12-28,216146.65000000002,237723.52515157676,37925.5606521272,275649.085803704
STR_064,2023-12-29,272180.29,283144.301168275,37925.5606521272,321069.8618204022
STR_064,2023-12-30,327776.17,313180.4539114093,37925.5606521272,351106.0145635365
STR_064,2023-12-31,693142.1799999999,730412.2163874275,37925.5606521272,768337.7770395547
STR_064,2024-01-01,31760.86,126252.28261053345,37925.5606521272,164177.84326266067
STR_064,2024-01-02,106102.66,133183.7237524769,37925.5606521272,171109.28440460408
STR_064,2024-01-03,106155.98,132750.92703865873,37925.5606521272,170676.48769078593
STR_064,2024-01-04,123897.57999999999,152451.83626820164,37925.5606521272,190377.39692032884
STR_064,2024-01-05,130584.44,177638.2796566376,37925.5606521272,215563.8403087648
STR_064,2024-01-06,227417.19,227634.87812770501,37925.5606521272,265560.4387798322
STR_064,2024-01-07,160005.79,180601.5972335351,37925.5606521272,218527.1578856623
STR_064,2024-01-08,102243.98999999999,130390.46455996604,37925.5606521272,168316.02521209326
STR_064,2024-01-09,103735.36,146374.09046711272,37925.5606521272,184299.65111923992
STR_064,2024-01-10,63045.77,116534.48570376042,37925.5606521272,154460.0463558876
STR_064,2024-01-11,132373.33,141791.9660530838,37925.5606521272,179717.526705211
STR_064,2024-01-12,156206.69,163782.44970422206,37925.5606521272,201708.01035634926
STR_064,2024-01-13,206332.05,235435.07473865725,37925.5606521272,273360.6353907845
STR_064,2024-01-14,91141.8,199495.2490046032,37925.5606521272,237420.8096567304
STR_064,2024-01-15,131530.55,169669.39774188277,37925.5606521272,207594.95839400997
STR_064,2024-01-16,72064.62,134710.87513058403,37925.5606521272,172636.43578271123
STR_064,2024-01-17,130688.23,141112.93447310652,37925.5606521272,179038.49512523372
STR_064,2024-01-18,150895.77,148890.15828251254,37925.5606521272,186815.71893463974
STR_064,2024-01-19,152600.87,169326.39391585535,37925.5606521272,207251.95456798255
STR_064,2024-01-20,243811.1,224371.72597644548,37925.5606521272,262297.2866285727
STR_064,2024-01-21,138946.38,187752.5065004552,37925.5606521272,225678.0671525824
STR_064,2024-01-22,117196.29,134172.96683258482,37925.5606521272,172098.52748471202
STR_064,2024-01-23,118076.03,130055.4977223204,37925.5606521272,167981.0583744476
STR_064,2024-01-24,153579.6,135476.58902527875,37925.5606521272,173402.14967740595
STR_064,2024-01-25,170053.19,144463.9860565795,37925.5606521272,182389.5467087067
STR_064,2024-01-26,171472.97,165575.3281592057,37925.5606521272,203500.8888113329
STR_064,2024-01-27,179609.74,216386.12789947996,37925.5606521272,254311.68855160716
STR_064,2024-01-28,193659.18,172713.69159691944,37925.5606521272,210639.25224904664
STR_064,2024-01-29,103383.62,107749.65714658836,37925.5606521272,145675.21779871557
STR_064,2024-01-30,135084.28,119349.66255173787,37925.5606521272,157275.22320386505
STR_064,2024-01-31,154477.62,153532.6964303234,37925.5606521272,191458.2570824506
STR_064,2024-02-01,121608.26999999999,128497.64623408533,37925.5606521272,166423.20688621252
STR_064,2024-02-02,165490.3,145282.9405451563,37925.5606521272,183208.5011972835
STR_064,2024-02-03,231571.84,216656.29426867721,37925.5606521272,254581.8549208044
STR_064,2024-02-04,182168.63,170114.00136328788,37925.5606521272,208039.56201541508
STR_064,2024-02-05,48136.66,78784.82502682245,37925.5606521272,116710.38567894965
STR_064,2024-02-06,117725.39,117197.49248153577,37925.5606521272,155123.05313366296
STR_064,2024-02-07,128173.32,121968.39190987514,37925.5606521272,159893.95256200235
STR_064,2024-02-08,98170.23,123419.36455871537,37925.5606521272,161344.92521084257
STR_064,2024-02-09,139927.13,143603.45502515716,37925.5606521272,181529.01567728436
STR_064,2024-02-10,224561.21,207150.50806205493,37925.5606521272,245076.06871418213
STR_064,2024-02-11,154136.59,162647.8167052766,37925.5606521272,200573.3773574038
STR_064,2024-02-12,117353.44,108720.24614159015,37925.5606521272,146645.80679371735
STR_064,2024-02-13,77977.36,108024.09767259815,37925.5606521272,145949.65832472534
STR_064,2024-02-14,78302.33,121416.32813666516,37925.5606521272,159341.88878879236
STR_064,2024-02-15,184700.99,163639.10446574344,37925.5606521272,201564.66511787064
STR_064,2024-02-16,176621.71,171719.23546484567,37925.5606521272,209644.79611697287
STR_064,2024-02-17,199025.54,209116.50283850002,37925.5606521272,247042.06349062722
STR_064,2024-02-18,140840.13,169015.12052821624,37925.5606521272,206940.68118034344
STR_064,2024-02-19,117160.75,108464.24305491964,37925.5606521272,146389.80370704684
STR_064,2024-02-20,110632.0,102442.22591244515,37925.5606521272,140367.78656457237
STR_064,2024-02-21,135604.28,121012.0172899699,37925.5606521272,158937.5779420971
STR_064,2024-02-22,134679.93,133272.1610548754,37925.5606521272,171197.7217070026
STR_064,2024-02-23,177154.25,150222.8173496839,37925.5606521272,188148.3780018111
STR_064,2024-02-24,248347.31,209773.4995750785,37925.5606521272,247699.0602272057
STR_064,2024-02-25,172197.21000000002,170013.39681313024,37925.5606521272,207938.95746525744
STR_064,2024-02-26,112943.08,116388.8835103142,37925.5606521272,154314.44416244142
STR_064,2024-02-27,109161.78,107306.98606713938,37925.5606521272,145232.54671926657
STR_064,2024-02-28,94763.38,118859.84721976782,37925.5606521272,156785.407871895
STR_064,2024-02-29,193541.81,167178.05490798823,37925.5606521272,205103.61556011543
STR_065,2023-12-01,308453.5,346621.48813777167,57681.34452635393,404302.8326641256
STR_065,2023-12-02,334463.02999999997,341542.2090866606,57681.34452635393,399223.5536130145
STR_065,2023-12-03,330005.86000000004,317597.33909371175,57681.34452635393,375278.6836200657
STR_065,2023-12-04,194435.03999999998,189369.34972360925,57681.34452635393,247050.69424996318
STR_065,2023-12-05,255928.39,224792.73783448935,57681.34452635393,282474.0823608433
STR_065,2023-12-06,222466.89,216611.46002850833,57681.34452635393,274292.80455486226
STR_065,2023-12-07,206358.47,233635.78436096016,57681.34452635393,291317.1288873141
STR_065,2023-12-08,306936.82,308640.44758609316,57681.34452635393,366321.7921124471
STR_065,2023-12-09,455808.04000000004,368192.38484420505,57681.34452635393,425873.729370559
STR_065,2023-12-10,264914.01,342365.2117690694,57681.34452635393,400046.55629542336
STR_065,2023-12-11,223603.39,209087.31061015086,57681.34452635393,266768.6551365048
STR_065,2023-12-12,324807.1,287976.99511674413,57681.34452635393,345658.33964309806
STR_065,2023-12-13,129984.42000000001,212851.68413564807,57681.34452635393,270533.028662002
STR_065,2023-12-14,266295.33,233526.4783659124,57681.34452635393,291207.8228922663
STR_065,2023-12-15,418760.28,395685.54937207367,57681.34452635393,453366.8938984276
STR_065,2023-12-16,468763.19,394217.536780344,57681.34452635393,451898.8813066979
STR_065,2023-12-17,349504.23,376307.69040548854,57681.34452635393,433989.03493184247
STR_065,2023-12-18,206321.55,201719.06209680394,57681.34452635393,259400.40662315788
STR_065,2023-12-19,235516.97,230399.73845499626,57681.34452635393,288081.0829813502
STR_065,2023-12-20,246046.31,214450.06082204636,57681.34452635393,272131.4053484003
STR_065,2023-12-21,198965.35,233893.31398437597,57681.34452635393,291574.6585107299
STR_065,2023-12-22,350666.22,316742.5417832578,57681.34452635393,374423.8863096117
STR_065,2023-12-23,429613.9,403767.9929736849,57681.34452635393,461449.33750003885
STR_065,2023-12-24,791602.11,656103.1773671107,57681.34452635393,713784.5218934647
STR_065,2023-12-25,408052.38,410857.29016845307,57681.34452635393,468538.634694807
STR_065,2023-12-26,261844.62,225747.08693484138,57681.34452635393,283428.43146119535
STR_065,2023-12-27,225994.66999999998,244200.0833480314,57681.34452635393,301881.4278743853
STR_065,2023-12-28,217246.63,262618.54484817374,57681.34452635393,320299.8893745277
STR_065,2023-12-29,218729.4,282913.14418951713,57681.34452635393,340594.48871587106
STR_065,2023-12-30,382823.67000000004,398817.3718688922,57681.34452635393,456498.71639524616
STR_065,2023-12-31,970613.87,869289.6493015989,57681.34452635393,926970.9938279528
STR_065,2024-01-01,47726.83,114614.48317722898,57681.34452635393,172295.8277035829
STR_065,2024-01-02,132334.77,169770.58295644997,57681.34452635393,227451.9274828039
STR_065,2024-01-03,120328.25,158145.95408218532,57681.34452635393,215827.29860853925
STR_065,2024-01-04,164198.68,179116.21894104872,57681.34452635393,236797.56346740265
STR_065,2024-01-05,182210.79,204576.82665005332,57681.34452635393,262258.17117640725
STR_065,2024-01-06,236289.34999999998,237386.6905289901,57681.34452635393,295068.035055344
STR_065,2024-01-07,218748.9,236169.4756113377,57681.34452635393,293850.8201376916
STR_065,2024-01-08,107421.76999999999,146976.2093009025,57681.34452635393,204657.55382725643
STR_065,2024-01-09,134615.66999999998,155746.86142166625,57681.34452635393,213428.2059480202
STR_065,2024-01-10,141216.22,139962.79807334623,57681.34452635393,197644.14259970016
STR_065,2024-01-11,122802.69,170511.90209168752,57681.34452635393,228193.24661804145
STR_065,2024-01-12,150805.2,189123.06257748793,57681.34452635393,246804.40710384186
STR_065,2024-01-13,236158.76,239580.88368479325,57681.34452635393,297262.2282111472
STR_065,2024-01-14,193055.7,214709.83151075192,57681.34452635393,272391.17603710585
STR_065,2024-01-15,132579.34,160093.0922018929,57681.34452635393,217774.43672824683
STR_065,2024-01-16,133520.61,140436.87561678427,57681.34452635393,198118.2201431382
STR_065,2024-01-17,117706.54000000001,131301.84840270874,57681.34452635393,188983.19292906267
STR_065,2024-01-18,116450.51,154231.92508191892,57681.34452635393,211913.26960827285
STR_065,2024-01-19,208732.22999999998,192630.00363530288,57681.34452635393,250311.34816165682
STR_065,2024-01-20,234297.02,235345.1346164979,57681.34452635393,293026.47914285184
STR_065,2024-01-21,170344.7,182605.59370436764,57681.34452635393,240286.93823072157
STR_065,2024-01-22,101879.9,133755.66326472771,57681.34452635393,191437.00779108165
STR_065,2024-01-23,140749.66,159926.74378001003,57681.34452635393,217608.08830636396
STR_065,2024-01-24,85576.1,151126.50564027467,57681.34452635393,208807.8501666286
STR_065,2024-01-25,120536.22,150184.38846114342,57681.34452635393,207865.73298749735
STR_065,2024-01-26,178742.61000000002,177846.08134993937,57681.34452635393,235527.4258762933
STR_065,2024-01-27,267543.49,268737.960947754,57681.34452635393,326419.3054741079
STR_065,2024-01-28,198611.35,201494.61385882623,57681.34452635393,259175.95838518016
STR_065,2024-01-29,91705.39,130966.19851331202,57681.34452635393,188647.54303966596
STR_065,2024-01-30,139567.19,134787.06606045685,57681.34452635393,192468.4105868108
STR_065,2024-01-31,184101.34,163523.09692835007,57681.34452635393,221204.441454704
STR_065,2024-02-01,102043.84,155117.89526971764,57681.34452635393,212799.23979607158
STR_065,2024-02-02,208494.51,200816.62729771418,57681.34452635393,258497.9718240681
STR_065,2024-02-03,267097.38,262411.9002745053,57681.34452635393,320093.24480085925
STR_065,2024-02-04,176743.41,215324.35776973885,57681.34452635393,273005.70229609276
STR_065,2024-02-05,53744.71,76275.99697931907,57681.34452635393,133957.34150567302
STR_065,2024-02-06,139616.58,144708.43276278445,57681.34452635393,202389.77728913838
STR_065,2024-02-07,149327.22,157998.61447657613,57681.34452635393,215679.95900293006
STR_065,2024-02-08,103984.89,147700.342123219,57681.34452635393,205381.68664957292
STR_065,2024-02-09,152346.69,178680.199531072,57681.34452635393,236361.54405742593
STR_065,2024-02-10,235024.9,224710.28647282923,57681.34452635393,282391.63099918317
STR_065,2024-02-11,188918.50999999998,214238.17779069114,57681.34452635393,271919.5223170451
STR_065,2024-02-12,119588.27,130052.7645053039,57681.34452635393,187734.10903165783
STR_065,2024-02-13,72058.14,132080.75000490513,57681.34452635393,189762.09453125906
STR_065,2024-02-14,141256.5,144493.9300640493,57681.34452635393,202175.27459040322
STR_065,2024-02-15,224957.96,205695.38763178728,57681.34452635393,263376.7321581412
STR_065,2024-02-16,218369.78,192844.00175666696,57681.34452635393,250525.3462830209
STR_065,2024-02-17,261516.24,233807.3504508491,57681.34452635393,291488.69497720303
STR_065,2024-02-18,238258.25,212097.02054561704,57681.34452635393,269778.36507197097
STR_065,2024-02-19,84806.2,124380.96647946129,57681.34452635393,182062.31100581522
STR_065,2024-02-20,124653.06,132569.00318827835,57681.34452635393,190250.34771463228
STR_065,2024-02-21,146538.24,135368.6107799139,57681.34452635393,193049.95530626783
STR_065,2024-02-22,143408.21,161645.62761890652,57681.34452635393,219326.97214526046
STR_065,2024-02-23,155861.96000000002,192393.14851429051,57681.34452635393,250074.49304064445
STR_065,2024-02-24,227805.56,221956.4015448558,57681.34452635393,279637.7460712097
STR_065,2024-02-25,224110.21,207922.4463061777,57681.34452635393,265603.79083253164
STR_065,2024-02-26,130822.9,132503.07747418512,57681.34452635393,190184.42200053905
STR_065,2024-02-27,126948.4,136228.84244930546,57681.34452635393,193910.1869756594
STR_065,2024-02-28,139933.15,156212.11273090125,57681.34452635393,213893.45725725518
STR_065,2024-02-29,215415.09999999998,201384.24841307505,57681.34452635393,259065.59293942899
STR_066,2023-12-01,201638.61,294268.2702010521,43768.86206059475,338037.1322616468
STR_066,2023-12-02,379329.58999999997,338281.69102852134,43768.86206059475,382050.5530891161
STR_066,2023-12-03,310178.97000000003,315004.2666581733,43768.86206059475,358773.128718768
STR_066,2023-12-04,169559.95,190228.1564055132,43768.86206059475,233997.01846610795
STR_066,2023-12-05,176792.49,198432.81598583283,43768.86206059475,242201.67804642758
STR_066,2023-12-06,215775.31,201662.34654104814,43768.86206059475,245431.2086016429
STR_066,2023-12-07,227462.63,212918.92835237965,43768.86206059475,256687.7904129744
STR_066,2023-12-08,292964.73,260018.1271022824,43768.86206059475,303786.98916287714
STR_066,2023-12-09,345130.23,330806.29160105844,43768.86206059475,374575.15366165317
STR_066,2023-12-10,338961.58,311826.7788192049,43768.86206059475,355595.6408797996
STR_066,2023-12-11,179863.59,185706.75823924647,43768.86206059475,229475.62029984122
STR_066,2023-12-12,331721.7,279852.9841699043,43768.86206059475,323621.8462304991
STR_066,2023-12-13,249815.26,219900.21857381615,43768.86206059475,263669.0806344109
STR_066,2023-12-14,209984.90000000002,223782.8371445375,43768.86206059475,267551.69920513226
STR_066,2023-12-15,336216.08999999997,446585.5106248785,43768.86206059475,490354.3726854733
STR_066,2023-12-16,337373.73,382286.5754766835,43768.86206059475,426055.4375372783
STR_066,2023-12-17,338350.17,329253.1973944282,43768.86206059475,373022.0594550229
STR_066,2023-12-18,192411.07,193681.98768571852,43768.86206059475,237450.84974631327
STR_066,2023-12-19,143026.28,202006.9340720385,43768.86206059475,245775.79613263326
STR_066,2023-12-20,191629.94,208761.2087728331,43768.86206059475,252530.07083342786
STR_066,2023-12-21,170685.57,240345.58312698617,43768.86206059475,284114.4451875809
STR_066,2023-12-22,288612.39,263628.537716745,43768.86206059475,307397.3997773398
STR_066,2023-12-23,334300.5,326533.1106050667,43768.86206059475,370301.9726656615
STR_066,2023-12-24,934464.8400000001,712898.1174086261,43768.86206059475,756666.9794692209
STR_066,2023-12-25,443482.06,400025.4328537629,43768.86206059475,443794.2949143576
STR_066,2023-12-26,202959.7,204721.1497704975,43768.86206059475,248490.01183109224
STR_066,2023-12-27,238695.72,225257.4466039968,43768.86206059475,269026.3086645915
STR_066,2023-12-28,198693.09999999998,235058.0993111312,43768.86206059475,278826.96137172595
STR_066,2023-12-29,295195.3,286645.73592816,43768.86206059475,330414.59798875474
STR_066,2023-12-30,361327.79,351802.25015111803,43768.86206059475,395571.11221171275
STR_066,2023-12-31,710925.6799999999,786811.7963584518,43768.86206059475,830580.6584190466
STR_066,2024-01-01,44574.740000000005,108610.27391625808,43768.86206059475,152379.13597685285
STR_066,2024-01-02,98951.14,138461.7081579703,43768.86206059475,182230.57021856506
STR_066,2024-01-03,119221.48999999999,145331.74248934994,43768.86206059475,189100.6045499447
STR_066,2024-01-04,119472.22,152015.69572417322,43768.86206059475,195784.55778476797
STR_066,2024-01-05,196762.08000000002,200373.72626936273,43768.86206059475,244142.58832995748
STR_066,2024-01-06,181422.31,225880.43972691067,43768.86206059475,269649.3017875054
STR_066,2024-01-07,196506.71,218508.37899091947,43768.86206059475,262277.2410515142
STR_066,2024-01-08,139999.97,145363.62197239985,43768.86206059475,189132.4840329946
STR_066,2024-01-09,89723.42,162851.1201447373,43768.86206059475,206619.98220533205
STR_066,2024-01-10,120913.65,137540.65798796783,43768.86206059475,181309.52004856258
STR_066,2024-01-11,129129.13,154076.93538825787,43768.86206059475,197845.79744885262
STR_066,2024-01-12,150183.82,185802.15981898663,43768.86206059475,229571.02187958139
STR_066,2024-01-13,234484.92,227749.16158522718,43768.86206059475,271518.02364582196
STR_066,2024-01-14,236433.6,212271.77367524835,43768.86206059475,256040.6357358431
STR_066,2024-01-15,189459.77,169812.88118643855,43768.86206059475,213581.7432470333
STR_066,2024-01-16,130425.01,132545.56538904895,43768.86206059475,176314.4274496437
STR_066,2024-01-17,130604.19,141132.2576946134,43768.86206059475,184901.11975520814
STR_066,2024-01-18,141276.45,139535.81484349468,43768.86206059475,183304.67690408943
STR_066,2024-01-19,190886.28999999998,209338.37316402313,43768.86206059475,253107.23522461788
STR_066,2024-01-20,204094.22,221903.85094369124,43768.86206059475,265672.713004286
STR_066,2024-01-21,206889.0,201935.42114013087,43768.86206059475,245704.28320072562
STR_066,2024-01-22,103851.62,138936.21629623792,43768.86206059475,182705.07835683267
STR_066,2024-01-23,133978.8,141315.16320333493,43768.86206059475,185084.02526392968
STR_066,2024-01-24,95611.87,130892.6017086798,43768.86206059475,174661.46376927453
STR_066,2024-01-25,140420.63,141909.87618993124,43768.86206059475,185678.738250526
STR_066,2024-01-26,189539.6,195990.35895203543,43768.86206059475,239759.22101263018
STR_066,2024-01-27,193689.94,198748.07647827695,43768.86206059475,242516.9385388717
STR_066,2024-01-28,180473.99,194137.98242005604,43768.86206059475,237906.8444806508
STR_066,2024-01-29,98151.6,123208.00806950298,43768.86206059475,166976.87013009773
STR_066,2024-01-30,116519.34,132079.04298016758,43768.86206059475,175847.90504076233
STR_066,2024-01-31,195509.85,186490.32528798934,43768.86206059475,230259.1873485841
STR_066,2024-02-01,149630.59,142413.27846565796,43768.86206059475,186182.1405262527
STR_066,2024-02-02,186742.11000000002,192533.30743346756,43768.86206059475,236302.1694940623
STR_066,2024-02-03,119181.98000000001,233529.20282548812,43768.86206059475,277298.0648860829
STR_066,2024-02-04,192904.25,192944.88207176645,43768.86206059475,236713.7441323612
STR_066,2024-02-05,76183.59,78411.00475427495,43768.86206059475,122179.8668148697
STR_066,2024-02-06,120495.12,126663.24804099547,43768.86206059475,170432.11010159022
STR_066,2024-02-07,129492.43,139599.05518430704,43768.86206059475,183367.9172449018
STR_066,2024-02-08,143162.3,142051.41811333326,43768.86206059475,185820.280173928
STR_066,2024-02-09,173446.79,164218.4739898921,43768.86206059475,207987.33605048686
STR_066,2024-02-10,252495.27000000002,231790.53412877224,43768.86206059475,275559.396189367
STR_066,2024-02-11,168101.55,193722.59594365468,43768.86206059475,237491.45800424943
STR_066,2024-02-12,84384.86,122457.7930492689,43768.86206059475,166226.65510986367
STR_066,2024-02-13,122434.03,131994.81840218426,43768.86206059475,175763.680462779
STR_066,2024-02-14,131205.14,136389.04773113268,43768.86206059475,180157.90979172743
STR_066,2024-02-15,232100.62,198892.3235587585,43768.86206059475,242661.18561935326
STR_066,2024-02-16,183812.8,178628.85306867983,43768.86206059475,222397.71512927458
STR_066,2024-02-17,181230.22999999998,190849.38488208636,43768.86206059475,234618.24694268111
STR_066,2024-02-18,178611.1,190152.63478042302,43768.86206059475,233921.49684101777
STR_066,2024-02-19,103857.88,119178.21287927774,43768.86206059475,162947.0749398725
STR_066,2024-02-20,128508.67,131994.81840218426,43768.86206059475,175763.680462779
STR_066,2024-02-21,128127.56,132057.40609259662,43768.86206059475,175826.26815319137
STR_066,2024-02-22,146714.82,154151.74989535252,43768.86206059475,197920.61195594727
STR_066,2024-02-23,188372.22,177570.62497440836,43768.86206059475,221339.4870350031
STR_066,2024-02-24,206631.8,212138.31094498376,43768.86206059475,255907.17300557852
STR_066,2024-02-25,214614.54,199920.70644926268,43768.86206059475,243689.56850985743
STR_066,2024-02-26,120916.65,124964.65830857104,43768.86206059475,168733.5203691658
STR_066,2024-02-27,144764.41,133412.42062238764,43768.86206059475,177181.2826829824
STR_066,2024-02-28,129493.48000000001,155090.57415102035,43768.86206059475,198859.4362116151
STR_066,2024-02-29,231294.21000000002,213429.7866055683,43768.86206059475,257198.64866616306
STR_067,2023-12-01,309340.5,320757.63978692534,57185.410604123026,377943.05039104837
STR_067,2023-12-02,387719.06,361758.5214570769,57185.410604123026,418943.9320611999
STR_067,2023-12-03,308458.44,342639.2446833689,57185.410604123026,399824.6552874919
STR_067,2023-12-04,273999.33,234406.24887253233,57185.410604123026,291591.65947665536
STR_067,2023-12-05,214925.98,208869.55370474912,57185.410604123026,266054.9643088721
STR_067,2023-12-06,217629.96,196105.27570677976,57185.410604123026,253290.6863109028
STR_067,2023-12-07,249524.52,232772.1921298499,57185.410604123026,289957.60273397295
STR_067,2023-12-08,349199.07,330096.6346708649,57185.410604123026,387282.04527498793
STR_067,2023-12-09,394978.4,385056.8098425059,57185.410604123026,442242.2204466289
STR_067,2023-12-10,372210.35,336743.4068291006,57185.410604123026,393928.81743322365
STR_067,2023-12-11,242023.78999999998,226240.77579459615,57185.410604123026,283426.1863987192
STR_067,2023-12-12,404972.28,292800.65006073826,57185.410604123026,349986.0606648613
STR_067,2023-12-13,262643.05,257984.6981110842,57185.410604123026,315170.1087152072
STR_067,2023-12-14,256382.19,258949.1885689899,57185.410604123026,316134.5991731129
STR_067,2023-12-15,401883.19999999995,363786.1686120363,57185.410604123026,420971.5792161593
STR_067,2023-12-16,382954.4,397823.5927316261,57185.410604123026,455009.00333574915
STR_067,2023-12-17,420359.0,353860.4850612332,57185.410604123026,411045.89566535625
STR_067,2023-12-18,235444.83000000002,218630.8215051956,57185.410604123026,275816.2321093186
STR_067,2023-12-19,274691.99,234118.42463646323,57185.410604123026,291303.83524058625
STR_067,2023-12-20,250054.49,224137.09938873368,57185.410604123026,281322.5099928567
STR_067,2023-12-21,155518.09,233418.68480699928,57185.410604123026,290604.0954111223
STR_067,2023-12-22,242421.29,282143.04045239894,57185.410604123026,339328.45105652197
STR_067,2023-12-23,392372.59,400051.40475942893,57185.410604123026,457236.81536355196
STR_067,2023-12-24,1030754.41,783232.2475378076,57185.410604123026,840417.6581419306
STR_067,2023-12-25,399145.75,378765.5511333467,57185.410604123026,435950.9617374697
STR_067,2023-12-26,207371.02,237995.16174895587,57185.410604123026,295180.57235307887
STR_067,2023-12-27,221413.92,220311.17880357266,57185.410604123026,277496.5894076957
STR_067,2023-12-28,231137.76,221442.3287494803,57185.410604123026,278627.73935360333
STR_067,2023-12-29,337362.26,288874.23415424174,57185.410604123026,346059.64475836477
STR_067,2023-12-30,433429.42000000004,376438.7569870766,57185.410604123026,433624.1675911996
STR_067,2023-12-31,824975.67,858779.3558183912,57185.410604123026,915964.7664225142
STR_067,2024-01-01,37704.8,129904.98711034624,57185.410604123026,187090.39771446926
STR_067,2024-01-02,130113.44,150321.23689545447,57185.410604123026,207506.6474995775
STR_067,2024-01-03,143153.68,159968.1692385529,57185.410604123026,217153.5798426759
STR_067,2024-01-04,138821.64,166218.59924736916,57185.410604123026,223404.00985149218
STR_067,2024-01-05,179544.91999999998,182069.6903615398,57185.410604123026,239255.10096566283
STR_067,2024-01-06,257553.9,286461.9486012681,57185.410604123026,343647.35920539114
STR_067,2024-01-07,229864.16999999998,225368.85158920928,57185.410604123026,282554.2621933323
STR_067,2024-01-08,123117.32,147925.31748325573,57185.410604123026,205110.72808737875
STR_067,2024-01-09,132343.02,150396.57389889177,57185.410604123026,207581.9845030148
STR_067,2024-01-10,130431.64,158871.99371345135,57185.410604123026,216057.40431757437
STR_067,2024-01-11,127776.5,154860.87139549365,57185.410604123026,212046.28199961668
STR_067,2024-01-12,200002.83,213297.84428263587,57185.410604123026,270483.25488675886
STR_067,2024-01-13,178161.56,245460.74811171953,57185.410604123026,302646.1587158425
STR_067,2024-01-14,211149.21,215526.27644630574,57185.410604123026,272711.68705042877
STR_067,2024-01-15,128525.76000000001,165049.00753327308,57185.410604123026,222234.4181373961
STR_067,2024-01-16,125792.79,145371.60262387796,57185.410604123026,202557.013228001
STR_067,2024-01-17,121559.26,148251.6820048934,57185.410604123026,205437.09260901643
STR_067,2024-01-18,126430.84,118298.06904635012,57185.410604123026,175483.47965047316
STR_067,2024-01-19,204898.75,201704.96466704353,57185.410604123026,258890.37527116656
STR_067,2024-01-20,200359.72,215296.2676229747,57185.410604123026,272481.6782270977
STR_067,2024-01-21,189629.36000000002,212766.1238974397,57185.410604123026,269951.5345015627
STR_067,2024-01-22,88018.92,141337.31569703383,57185.410604123026,198522.72630115686
STR_067,2024-01-23,108020.34,143513.4746897607,57185.410604123026,200698.88529388374
STR_067,2024-01-24,143627.22,134628.1553834521,57185.410604123026,191813.56598757513
STR_067,2024-01-25,130512.16,140716.6912494612,57185.410604123026,197902.10185358423
STR_067,2024-01-26,180587.46000000002,190936.48566259485,57185.410604123026,248121.89626671787
STR_067,2024-01-27,228369.14,258223.27509641257,57185.410604123026,315408.6857005356
STR_067,2024-01-28,200026.52000000002,213067.55995704676,57185.410604123026,270252.9705611698
STR_067,2024-01-29,141706.66,130799.58483951243,57185.410604123026,187984.99544363545
STR_067,2024-01-30,46434.72,122525.94209000363,57185.410604123026,179711.35269412666
STR_067,2024-01-31,100952.69,172272.40166438674,57185.410604123026,229457.81226850976
STR_067,2024-02-01,172261.24,151476.61392067824,57185.410604123026,208662.02452480127
STR_067,2024-02-02,152913.52000000002,199060.5006325461,57185.410604123026,256245.91123666914
STR_067,2024-02-03,231338.31,204389.99951140434,57185.410604123026,261575.41011552737
STR_067,2024-02-04,180683.65,201907.89342040574,57185.410604123026,259093.30402452877
STR_067,2024-02-05,64353.740000000005,79715.23828458141,57185.410604123026,136900.64888870443
STR_067,2024-02-06,170051.94,142573.9005131265,57185.410604123026,199759.3111172495
STR_067,2024-02-07,99910.08,122125.44685732752,57185.410604123026,179310.85746145056
STR_067,2024-02-08,153549.66999999998,147982.31795339836,57185.410604123026,205167.7285575214
STR_067,2024-02-09,224501.59,194794.83360825427,57185.410604123026,251980.2442123773
STR_067,2024-02-10,252976.63,238214.405583323,57185.410604123026,295399.816187446
STR_067,2024-02-11,207431.83,198134.64767896573,57185.410604123026,255320.05828308876
STR_067,2024-02-12,127235.87,136593.63017896874,57185.410604123026,193779.04078309177
STR_067,2024-02-13,153881.87,137837.34515990896,57185.410604123026,195022.755764032
STR_067,2024-02-14,90326.22,122844.53286708647,57185.410604123026,180029.9434712095
STR_067,2024-02-15,206340.98,201337.41509711705,57185.410604123026,258522.82570124007
STR_067,2024-02-16,180985.25,197469.83961379764,57185.410604123026,254655.25021792066
STR_067,2024-02-17,166271.5,233563.44344233678,57185.410604123026,290748.8540464598
STR_067,2024-02-18,238189.45,212113.1125039844,57185.410604123026,269298.5231081074
STR_067,2024-02-19,166809.99,133121.27567120956,57185.410604123026,190306.68627533258
STR_067,2024-02-20,158903.88,152077.04700302385,57185.410604123026,209262.45760714688
STR_067,2024-02-21,124406.52,135457.89465665372,57185.410604123026,192643.30526077675
STR_067,2024-02-22,118993.88,141170.19775912922,57185.410604123026,198355.60836325225
STR_067,2024-02-23,217562.32,198906.6587751299,57185.410604123026,256092.06937925293
STR_067,2024-02-24,243038.18,214003.6725399359,57185.410604123026,271189.08314405894
STR_067,2024-02-25,214900.2,218975.97302688556,57185.410604123026,276161.38363100856
STR_067,2024-02-26,132709.66,135779.70556873397,57185.410604123026,192965.116172857
STR_067,2024-02-27,90765.23,150743.54804124945,57185.410604123026,207928.95864537248
STR_067,2024-02-28,156898.51,132023.99537122273,57185.410604123026,189209.40597534575
STR_067,2024-02-29,207444.18,192880.9956800508,57185.410604123026,250066.40628417383
STR_068,2023-12-01,334494.04,331531.87296222115,64219.70898385727,395751.58194607846
STR_068,2023-12-02,440638.5,375704.5058202869,64219.70898385727,439924.2148041442
STR_068,2023-12-03,407777.09,335146.69442611537,64219.70898385727,399366.40340997267
STR_068,2023-12-04,204558.85,208194.21930966206,64219.70898385727,272413.9282935193
STR_068,2023-12-05,212774.95,228610.72130116817,64219.70898385727,292830.43028502545
STR_068,2023-12-06,264456.63,205436.265020756,64219.70898385727,269655.97400461324
STR_068,2023-12-07,293868.15,239598.97692409603,64219.70898385727,303818.6859079533
STR_068,2023-12-08,361063.38,324231.9086296522,64219.70898385727,388451.6176135094
STR_068,2023-12-09,452975.18,393937.2210918107,64219.70898385727,458156.9300756679
STR_068,2023-12-10,330794.45,342008.06876778335,64219.70898385727,406227.77775164065
STR_068,2023-12-11,233920.24,193295.90462996965,64219.70898385727,257515.61361382692
STR_068,2023-12-12,358213.51,262744.8601933144,64219.70898385727,326964.5691771717
STR_068,2023-12-13,220432.28,246705.26459834664,64219.70898385727,310924.9735822039
STR_068,2023-12-14,271001.48,293213.15117608896,64219.70898385727,357432.86015994626
STR_068,2023-12-15,436701.94999999995,449199.24851814413,64219.70898385727,513418.95750200143
STR_068,2023-12-16,385859.54,417468.900615198,64219.70898385727,481688.60959905526
STR_068,2023-12-17,456120.55,363356.78748894297,64219.70898385727,427576.49647280027
STR_068,2023-12-18,123329.01000000001,194817.7204226286,64219.70898385727,259037.42940648587
STR_068,2023-12-19,219329.81,209972.1747900825,64219.70898385727,274191.8837739398
STR_068,2023-12-20,291951.12,239991.28671499807,64219.70898385727,304210.9956988554
STR_068,2023-12-21,206120.44,251230.58866678196,64219.70898385727,315450.2976506392
STR_068,2023-12-22,364096.91000000003,328449.36120433826,64219.70898385727,392669.07018819556
STR_068,2023-12-23,371466.81,438013.1607029541,64219.70898385727,502232.86968681135
STR_068,2023-12-24,1011047.39,779152.9193971176,64219.70898385727,843372.6283809749
STR_068,2023-12-25,325918.58999999997,385856.95036928094,64219.70898385727,450076.6593531382
STR_068,2023-12-26,248354.26,247163.28077245402,64219.70898385727,311382.9897563113
STR_068,2023-12-27,230795.33000000002,257998.28643775836,64219.70898385727,322217.99542161566
STR_068,2023-12-28,285795.82,260646.43735956366,64219.70898385727,324866.14634342096
STR_068,2023-12-29,327408.41000000003,356106.1515926933,64219.70898385727,420325.8605765506
STR_068,2023-12-30,505124.29000000004,424842.1353495962,64219.70898385727,489061.84433345345
STR_068,2023-12-31,867431.53,821444.4263906127,64219.70898385727,885664.13537447
STR_068,2024-01-01,57824.130000000005,137035.50699080096,64219.70898385727,201255.21597465823
STR_068,2024-01-02,162234.36000000002,175412.85672761605,64219.70898385727,239632.56571147332
STR_068,2024-01-03,119468.16,188117.56761325893,64219.70898385727,252337.2765971162
STR_068,2024-01-04,148176.41999999998,192231.72200502577,64219.70898385727,256451.43098888305
STR_068,2024-01-05,203741.19,214283.64017232123,64219.70898385727,278503.34915617853
STR_068,2024-01-06,252895.31,271481.64006074844,64219.70898385727,335701.34904460574
STR_068,2024-01-07,227339.19,283116.85023292335,64219.70898385727,347336.5592167806
STR_068,2024-01-08,151438.81,168841.63274940013,64219.70898385727,233061.3417332574
STR_068,2024-01-09,112181.01999999999,167653.869059381,64219.70898385727,231873.57804323826
STR_068,2024-01-10,151608.94,161842.0547601004,64219.70898385727,226061.76374395768
STR_068,2024-01-11,133606.88999999998,176541.1459756368,64219.70898385727,240760.85495949409
STR_068,2024-01-12,166538.7,204924.8048792084,64219.70898385727,269144.51386306563
STR_068,2024-01-13,209980.4,265530.24382217834,64219.70898385727,329749.95280603564
STR_068,2024-01-14,228489.06,212725.5968962516,64219.70898385727,276945.30588010885
STR_068,2024-01-15,161738.54,156951.71663180477,64219.70898385727,221171.42561566204
STR_068,2024-01-16,129055.02,151220.10748143174,64219.70898385727,215439.816465289
STR_068,2024-01-17,112071.96,151228.84923337126,64219.70898385727,215448.55821722854
STR_068,2024-01-18,133491.62,153847.20897875467,64219.70898385727,218066.91796261194
STR_068,2024-01-19,191003.83,199932.89081213728,64219.70898385727,264152.5997959946
STR_068,2024-01-20,242534.86,256386.1873430359,64219.70898385727,320605.8963268932
STR_068,2024-01-21,268111.6,222371.89072115548,64219.70898385727,286591.59970501275
STR_068,2024-01-22,132245.57,159077.93581779438,64219.70898385727,223297.64480165165
STR_068,2024-01-23,154331.15,144267.90262430086,64219.70898385727,208487.61160815813
STR_068,2024-01-24,150932.71,152951.4009736807,64219.70898385727,217171.10995753796
STR_068,2024-01-25,149487.41,169949.30437354243,64219.70898385727,234169.0133573997
STR_068,2024-01-26,155916.84,206185.79882901613,64219.70898385727,270405.5078128734
STR_068,2024-01-27,190035.94,242442.87965389254,64219.70898385727,306662.5886377498
STR_068,2024-01-28,202048.2,196607.11956324297,64219.70898385727,260826.82854710025
STR_068,2024-01-29,123867.15,126277.84853562596,64219.70898385727,190497.55751948323
STR_068,2024-01-30,139961.12,126415.69102854423,64219.70898385727,190635.40001240151
STR_068,2024-01-31,163876.21,165021.92854053812,64219.70898385727,229241.6375243954
STR_068,2024-02-01,143578.33,136758.26811708522,64219.70898385727,200977.9771009425
STR_068,2024-02-02,183672.47999999998,184453.9986197,64219.70898385727,248673.70760355727
STR_068,2024-02-03,261392.47999999998,276100.9666586042,64219.70898385727,340320.6756424615
STR_068,2024-02-04,275656.16,249160.85786333715,64219.70898385727,313380.56684719445
STR_068,2024-02-05,76214.17,98468.59098870943,64219.70898385727,162688.29997256672
STR_068,2024-02-06,101644.79999999999,143760.6469273075,64219.70898385727,207980.35591116478
STR_068,2024-02-07,146258.8,139069.53686390485,64219.70898385727,203289.24584776213
STR_068,2024-02-08,141586.01,147567.5776298112,64219.70898385727,211787.28661366846
STR_068,2024-02-09,231973.57,197851.91839225954,64219.70898385727,262071.6273761168
STR_068,2024-02-10,295377.19,238476.08774164948,64219.70898385727,302695.7967255068
STR_068,2024-02-11,222147.1,233062.76408248275,64219.70898385727,297282.47306634
STR_068,2024-02-12,141044.45,124209.04387574358,64219.70898385727,188428.75285960085
STR_068,2024-02-13,156137.29,134441.27045847045,64219.70898385727,198660.97944232772
STR_068,2024-02-14,140542.06,135707.63910745058,64219.70898385727,199927.34809130785
STR_068,2024-02-15,193556.51,162961.70330291914,64219.70898385727,227181.4122867764
STR_068,2024-02-16,206032.61,192449.90518464317,64219.70898385727,256669.61416850044
STR_068,2024-02-17,220529.03,234474.6596487321,64219.70898385727,298694.36863258935
STR_068,2024-02-18,198225.74,238643.20999778484,64219.70898385727,302862.9189816421
STR_068,2024-02-19,128867.95,132798.26980565928,64219.70898385727,197017.97878951655
STR_068,2024-02-20,140269.75,128113.86614430867,64219.70898385727,192333.57512816595
STR_068,2024-02-21,122106.76,133695.4520398299,64219.70898385727,197915.16102368716
STR_068,2024-02-22,142293.13999999998,154004.98047366083,64219.70898385727,218224.6894575181
STR_068,2024-02-23,227245.28,174734.0495889584,64219.70898385727,238953.75857281568
STR_068,2024-02-24,190836.18,239226.3213134448,64219.70898385727,303446.03029730206
STR_068,2024-02-25,211870.09,211014.6550994373,64219.70898385727,275234.3640832946
STR_068,2024-02-26,161188.39,121872.52864772188,64219.70898385727,186092.23763157916
STR_068,2024-02-27,154706.79,136668.84843683313,64219.70898385727,200888.5574206904
STR_068,2024-02-28,174842.86,137549.47184330443,64219.70898385727,201769.1808271617
STR_068,2024-02-29,233713.0,211021.23692530862,64219.70898385727,275240.9459091659
STR_069,2023-12-01,470682.67,400955.58273535996,74112.33316290815,475067.9158982681
STR_069,2023-12-02,555145.94,504594.47271296324,74112.33316290815,578706.8058758713
STR_069,2023-12-03,284601.92000000004,427960.2118191256,74112.33316290815,502072.5449820337
STR_069,2023-12-04,295691.82,270725.1315458283,74112.33316290815,344837.46470873646
STR_069,2023-12-05,217776.45,306120.65680623916,74112.33316290815,380232.9899691473
STR_069,2023-12-06,270740.65,280450.9660247413,74112.33316290815,354563.29918764945
STR_069,2023-12-07,402691.57,355208.816048098,74112.33316290815,429321.1492110061
STR_069,2023-12-08,431398.36,417483.22235401184,74112.33316290815,491595.55551692
STR_069,2023-12-09,515185.08999999997,475656.3221368565,74112.33316290815,549768.6552997646
STR_069,2023-12-10,424586.35,449061.92678083596,74112.33316290815,523174.2599437441
STR_069,2023-12-11,237275.44,262289.8230644361,74112.33316290815,336402.15622734424
STR_069,2023-12-12,441057.94,334739.5034375717,74112.33316290815,408851.83660047984
STR_069,2023-12-13,311942.02,314379.9321237174,74112.33316290815,388492.26528662554
STR_069,2023-12-14,323321.55,323312.36408335716,74112.33316290815,397424.6972462653
STR_069,2023-12-15,598063.6799999999,506091.33113903017,74112.33316290815,580203.6643019384
STR_069,2023-12-16,546295.0,518079.49895019387,74112.33316290815,592191.8321131021
STR_069,2023-12-17,491627.86,508527.7146604799,74112.33316290815,582640.0478233881
STR_069,2023-12-18,271972.56,259870.23494205723,74112.33316290815,333982.5681049654
STR_069,2023-12-19,321694.56,273605.3967216432,74112.33316290815,347717.7298845514
STR_069,2023-12-20,313900.82,302365.10224856826,74112.33316290815,376477.4354114764
STR_069,2023-12-21,268994.39,318524.88316039485,74112.33316290815,392637.216323303
STR_069,2023-12-22,457547.17000000004,459197.024104309,74112.33316290815,533309.3572672171
STR_069,2023-12-23,634169.13,604750.2018239201,74112.33316290815,678862.5349868282
STR_069,2023-12-24,1161988.91,952873.7946720781,74112.33316290815,1026986.1278349862
STR_069,2023-12-25,650269.65,562186.8826599631,74112.33316290815,636299.2158228713
STR_069,2023-12-26,313108.54,325688.7077121051,74112.33316290815,399801.0408750133
STR_069,2023-12-27,349786.33,317808.21410257457,74112.33316290815,391920.5472654827
STR_069,2023-12-28,329326.55,317835.8279588205,74112.33316290815,391948.16112172866
STR_069,2023-12-29,453198.82,459087.7799057013,74112.33316290815,533200.1130686095
STR_069,2023-12-30,586936.51,546476.2057509739,74112.33316290815,620588.5389138821
STR_069,2023-12-31,1201838.46,1031599.1963995993,74112.33316290815,1105711.5295625075
STR_069,2024-01-01,66937.48,134306.46767168186,74112.33316290815,208418.80083459002
STR_069,2024-01-02,167926.72,207565.0155980518,74112.33316290815,281677.3487609599
STR_069,2024-01-03,197830.94,213316.57179324562,74112.33316290815,287428.90495615377
STR_069,2024-01-04,231468.43,226730.44554858614,74112.33316290815,300842.7787114943
STR_069,2024-01-05,235915.09,247095.8038837532,74112.33316290815,321208.13704666134
STR_069,2024-01-06,252764.59,341576.728631066,74112.33316290815,415689.06179397414
STR_069,2024-01-07,223628.8,257025.58109995723,74112.33316290815,331137.9142628654
STR_069,2024-01-08,170522.08000000002,180790.95333407618,74112.33316290815,254903.28649698434
STR_069,2024-01-09,171547.93,223726.82496592772,74112.33316290815,297839.15812883584
STR_069,2024-01-10,176921.66,218134.2220511281,74112.33316290815,292246.55521403626
STR_069,2024-01-11,141753.47,235431.9314742036,74112.33316290815,309544.26463711174
STR_069,2024-01-12,272874.22000000003,257935.69014267836,74112.33316290815,332048.02330558654
STR_069,2024-01-13,237077.79,311258.9781745518,74112.33316290815,385371.31133745995
STR_069,2024-01-14,257546.07,283200.64380001335,74112.33316290815,357312.9769629215
STR_069,2024-01-15,214547.13,237514.589566463,74112.33316290815,311626.9227293711
STR_069,2024-01-16,156798.57,197909.33635942612,74112.33316290815,272021.66952233424
STR_069,2024-01-17,173922.35,193679.90377636522,74112.33316290815,267792.23693927337
STR_069,2024-01-18,202489.54,244040.0525912033,74112.33316290815,318152.38575411146
STR_069,2024-01-19,182063.46,266889.88856781326,74112.33316290815,341002.2217307214
STR_069,2024-01-20,363461.95,325202.1816607958,74112.33316290815,399314.51482370397
STR_069,2024-01-21,248837.75,261614.0825322872,74112.33316290815,335726.4156951953
STR_069,2024-01-22,164500.54,158168.20663186954,74112.33316290815,232280.5397947777
STR_069,2024-01-23,172522.24,187906.3665359337,74112.33316290815,262018.69969884184
STR_069,2024-01-24,132352.98,181503.84239995596,74112.33316290815,255616.1755628641
STR_069,2024-01-25,202067.58000000002,185372.5547820506,74112.33316290815,259484.88794495875
STR_069,2024-01-26,191439.12,240743.2773950814,74112.33316290815,314855.61055798957
STR_069,2024-01-27,233143.86,266535.7692052916,74112.33316290815,340648.10236819973
STR_069,2024-01-28,237340.34,263739.06129826105,74112.33316290815,337851.3944611692
STR_069,2024-01-29,135955.35,143955.94871250217,74112.33316290815,218068.28187541032
STR_069,2024-01-30,178520.48,165673.22151793668,74112.33316290815,239785.55468084483
STR_069,2024-01-31,267884.76,244055.82966317688,74112.33316290815,318168.162826085
STR_069,2024-02-01,197576.28,191377.1595347039,74112.33316290815,265489.49269761203
STR_069,2024-02-02,284562.2,242762.04521095546,74112.33316290815,316874.37837386364
STR_069,2024-02-03,292454.58,309277.16394782707,74112.33316290815,383389.4971107352
STR_069,2024-02-04,195634.35,291069.1821063524,74112.33316290815,365181.51526926056
STR_069,2024-02-05,103706.88,96736.71486307004,74112.33316290815,170849.0480259782
STR_069,2024-02-06,158517.79,161615.0777168998,74112.33316290815,235727.41087980795
STR_069,2024-02-07,195706.77,171410.35168660388,74112.33316290815,245522.68484951204
STR_069,2024-02-08,141420.25,203268.73559228427,74112.33316290815,277381.06875519245
STR_069,2024-02-09,255380.07,256910.74705139556,74112.33316290815,331023.0802143037
STR_069,2024-02-10,379119.56,299370.54290069494,74112.33316290815,373482.8760636031
STR_069,2024-02-11,302617.99,255407.23603197926,74112.33316290815,329519.5691948874
STR_069,2024-02-12,186081.32,174839.61445889814,74112.33316290815,248951.9476218063
STR_069,2024-02-13,176812.53,172298.07119083666,74112.33316290815,246410.40435374482
STR_069,2024-02-14,170218.63,169923.76580121805,74112.33316290815,244036.0989641262
STR_069,2024-02-15,204575.28,224122.41862637317,74112.33316290815,298234.7517892813
STR_069,2024-02-16,268717.99,246202.4363318909,74112.33316290815,320314.7694947991
STR_069,2024-02-17,319150.89,348985.95334310154,74112.33316290815,423098.2865060097
STR_069,2024-02-18,266290.49,263158.52653980965,74112.33316290815,337270.8597027178
STR_069,2024-02-19,213125.49000000002,169415.47710490038,74112.33316290815,243527.81026780853
STR_069,2024-02-20,237316.03000000003,190335.52066810764,74112.33316290815,264447.85383101576
STR_069,2024-02-21,189945.51,174431.5988451491,74112.33316290815,248543.93200805725
STR_069,2024-02-22,143264.53,176168.73130029417,74112.33316290815,250281.06446320232
STR_069,2024-02-23,286985.87,231018.31885624127,74112.33316290815,305130.6520191494
STR_069,2024-02-24,330605.66,313555.48003028095,74112.33316290815,387667.8131931891
STR_069,2024-02-25,300254.78,304894.0072053969,74112.33316290815,379006.34036830504
STR_069,2024-02-26,210331.89,168349.12267977637,74112.33316290815,242461.45584268452
STR_069,2024-02-27,176265.6,182874.02492930114,74112.33316290815,256986.3580922093
STR_069,2024-02-28,199628.11,188063.23725571987,74112.33316290815,262175.57041862805
STR_069,2024-02-29,304844.98,288452.137677159,74112.33316290815,362564.47084006714
STR_070,2023-12-01,350847.58999999997,286602.52081338945,57250.571667163254,343853.09248055273
STR_070,2023-12-02,433168.29000000004,384752.24133085425,57250.571667163254,442002.8129980175
STR_070,2023-12-03,356359.74,328779.9112091324,57250.571667163254,386030.4828762957
STR_070,2023-12-04,245503.16,221947.0328257635,57250.571667163254,279197.60449292674
STR_070,2023-12-05,268768.83999999997,224100.02686943515,57250.571667163254,281350.5985365984
STR_070,2023-12-06,267985.14,224542.37510775693,57250.571667163254,281792.9467749202
STR_070,2023-12-07,250169.04,241429.7219007581,57250.571667163254,298680.2935679214
STR_070,2023-12-08,323420.03,300993.1567300419,57250.571667163254,358243.7283972051
STR_070,2023-12-09,499060.20999999996,388629.3877666877,57250.571667163254,445879.95943385095
STR_070,2023-12-10,378931.76,373181.43651264126,57250.571667163254,430432.00817980454
STR_070,2023-12-11,203342.65,198050.09517478323,57250.571667163254,255300.66684194648
STR_070,2023-12-12,298482.91000000003,249378.80308485974,57250.571667163254,306629.374752023
STR_070,2023-12-13,266280.61,265063.19631075836,57250.571667163254,322313.76797792164
STR_070,2023-12-14,252076.62,245333.17511351296,57250.571667163254,302583.7467806762
STR_070,2023-12-15,413142.55000000005,372549.07654397486,57250.571667163254,429799.6482111381
STR_070,2023-12-16,391834.74,395227.4443927617,57250.571667163254,452478.01605992496
STR_070,2023-12-17,389539.14,334633.9860915543,57250.571667163254,391884.55775871756
STR_070,2023-12-18,190637.51,199136.6652491094,57250.571667163254,256387.23691627267
STR_070,2023-12-19,234381.47,207949.5514565867,57250.571667163254,265200.12312375
STR_070,2023-12-20,284904.13,249151.6836704521,57250.571667163254,306402.2553376154
STR_070,2023-12-21,318024.55,277608.22889556264,57250.571667163254,334858.80056272587
STR_070,2023-12-22,347785.54000000004,323501.1631956659,57250.571667163254,380751.7348628292
STR_070,2023-12-23,437329.72,411673.98821261124,57250.571667163254,468924.55987977446
STR_070,2023-12-24,616982.45,740483.7622003366,57250.571667163254,797734.3338674998
STR_070,2023-12-25,292044.66,429964.6002436821,57250.571667163254,487215.1719108453
STR_070,2023-12-26,234544.07,225601.0124427274,57250.571667163254,282851.5841098906
STR_070,2023-12-27,286598.76,219170.1134070399,57250.571667163254,276420.6850742032
STR_070,2023-12-28,255556.75,277381.59593088756,57250.571667163254,334632.1675980508
STR_070,2023-12-29,408839.44,367772.19834185863,57250.571667163254,425022.77000902186
STR_070,2023-12-30,403318.55,423236.17405499786,57250.571667163254,480486.74572216114
STR_070,2023-12-31,652049.13,783958.8556442341,57250.571667163254,841209.4273113974
STR_070,2024-01-01,32734.22,110901.53995551723,57250.571667163254,168152.1116226805
STR_070,2024-01-02,96069.91,149189.60261951218,57250.571667163254,206440.17428667544
STR_070,2024-01-03,136609.61,160432.54968233572,57250.571667163254,217683.12134949898
STR_070,2024-01-04,180810.96,173836.40993676923,57250.571667163254,231086.98160393248
STR_070,2024-01-05,153439.96,183694.41451107076,57250.571667163254,240944.98617823402
STR_070,2024-01-06,293538.02,265205.40612273425,57250.571667163254,322455.9777898975
STR_070,2024-01-07,209901.9,217990.41527741897,57250.571667163254,275240.9869445822
STR_070,2024-01-08,86420.79,138960.26532785865,57250.571667163254,196210.8369950219
STR_070,2024-01-09,118561.05,150871.30920489895,57250.571667163254,208121.8808720622
STR_070,2024-01-10,136055.92,165633.67968132076,57250.571667163254,222884.25134848402
STR_070,2024-01-11,131416.91,153276.8361925342,57250.571667163254,210527.40785969744
STR_070,2024-01-12,225301.93,203179.7182945525,57250.571667163254,260430.28996171575
STR_070,2024-01-13,217028.44,224468.73821343642,57250.571667163254,281719.30988059967
STR_070,2024-01-14,196046.9,211796.65829328063,57250.571667163254,269047.2299604439
STR_070,2024-01-15,183111.97,172217.0651930673,57250.571667163254,229467.63686023056
STR_070,2024-01-16,136447.13,144426.2252555289,57250.571667163254,201676.79692269216
STR_070,2024-01-17,143578.44,153749.2474824976,57250.571667163254,210999.81914966085
STR_070,2024-01-18,132247.5,157924.11745233467,57250.571667163254,215174.68911949793
STR_070,2024-01-19,219083.72,196057.49291349988,57250.571667163254,253308.06458066314
STR_070,2024-01-20,210355.97999999998,228216.8182915979,57250.571667163254,285467.38995876117
STR_070,2024-01-21,204348.0,194529.1374776058,57250.571667163254,251779.70914476906
STR_070,2024-01-22,151405.69,142263.3571916012,57250.571667163254,199513.92885876444
STR_070,2024-01-23,132077.53,137713.43520517644,57250.571667163254,194964.0068723397
STR_070,2024-01-24,141239.64,157649.78331286644,57250.571667163254,214900.3549800297
STR_070,2024-01-25,108706.4,134909.69160066597,57250.571667163254,192160.26326782923
STR_070,2024-01-26,172907.13,205710.67801235477,57250.571667163254,262961.24967951805
STR_070,2024-01-27,236181.33,251881.82407222947,57250.571667163254,309132.3957393927
STR_070,2024-01-28,224282.80000000002,194606.92045730617,57250.571667163254,251857.49212446943
STR_070,2024-01-29,112966.58,141912.19851756055,57250.571667163254,199162.7701847238
STR_070,2024-01-30,94143.98999999999,126848.84392954732,57250.571667163254,184099.41559671058
STR_070,2024-01-31,185162.15,164123.31723522872,57250.571667163254,221373.88890239198
STR_070,2024-02-01,143788.04,143289.5418643974,57250.571667163254,200540.11353156067
STR_070,2024-02-02,115073.53,205263.34932590512,57250.571667163254,262513.9209930684
STR_070,2024-02-03,232861.99,220547.90235966942,57250.571667163254,277798.4740268327
STR_070,2024-02-04,222072.16,213745.70463242434,57250.571667163254,270996.27629958757
STR_070,2024-02-05,76302.55,76619.90763646075,57250.571667163254,133870.47930362402
STR_070,2024-02-06,126859.52,116745.80306551112,57250.571667163254,173996.3747326744
STR_070,2024-02-07,120673.93,127717.49268164116,57250.571667163254,184968.06434880442
STR_070,2024-02-08,173526.54,141209.80597497188,57250.571667163254,198460.37764213514
STR_070,2024-02-09,195599.35,179026.716014122,57250.571667163254,236277.28768128526
STR_070,2024-02-10,244641.2,258963.3557812428,57250.571667163254,316213.92744840606
STR_070,2024-02-11,212583.21999999997,198081.53901728205,57250.571667163254,255332.1106844453
STR_070,2024-02-12,110570.69,132187.59426398113,57250.571667163254,189438.16593114438
STR_070,2024-02-13,134114.44,127600.71500483474,57250.571667163254,184851.28667199798
STR_070,2024-02-14,144116.95,136274.0393204757,57250.571667163254,193524.61098763897
STR_070,2024-02-15,200344.7,196806.0875772824,57250.571667163254,254056.65924444565
STR_070,2024-02-16,161991.13,187421.38550573727,57250.571667163254,244671.95717290053
STR_070,2024-02-17,237598.66,239617.26224003942,57250.571667163254,296867.8339072027
STR_070,2024-02-18,220555.25,217492.86068938888,57250.571667163254,274743.4323565521
STR_070,2024-02-19,119109.47,120424.0967391844,57250.571667163254,177674.66840634766
STR_070,2024-02-20,132892.88,130206.83193414655,57250.571667163254,187457.4036013098
STR_070,2024-02-21,136959.15,141910.12904733,57250.571667163254,199160.70071449326
STR_070,2024-02-22,163562.68,149886.99126635774,57250.571667163254,207137.562933521
STR_070,2024-02-23,159313.89,179405.95407341814,57250.571667163254,236656.5257405814
STR_070,2024-02-24,262244.46,234071.47775299096,57250.571667163254,291322.0494201542
STR_070,2024-02-25,99155.12,196342.72245622615,57250.571667163254,253593.2941233894
STR_070,2024-02-26,102609.5,130111.32675866345,57250.571667163254,187361.8984258267
STR_070,2024-02-27,147319.51,132242.09195053723,57250.571667163254,189492.66361770048
STR_070,2024-02-28,141966.03,133714.52094026597,57250.571667163254,190965.09260742922
STR_070,2024-02-29,228971.07,210272.958567473,57250.571667163254,267523.5302346363
STR_071,2023-12-01,291680.67,316884.29299752106,51218.66479418485,368102.9577917059
STR_071,2023-12-02,425914.43,425264.0631246435,51218.66479418485,476482.7279188284
STR_071,2023-12-03,410042.70999999996,361961.957731586,51218.66479418485,413180.62252577086
STR_071,2023-12-04,221388.71,210299.83894890168,51218.66479418485,261518.50374308653
STR_071,2023-12-05,203726.85,206458.70451445106,51218.66479418485,257677.3693086359
STR_071,2023-12-06,250546.41,227376.03190461296,51218.66479418485,278594.6966987978
STR_071,2023-12-07,267176.43,251574.82158600359,51218.66479418485,302793.48638018843
STR_071,2023-12-08,359368.92,326351.2626504994,51218.66479418485,377569.92744468426
STR_071,2023-12-09,469463.99,450473.3327691063,51218.66479418485,501691.99756329117
STR_071,2023-12-10,357132.77999999997,318602.8391645534,51218.66479418485,369821.50395873823
STR_071,2023-12-11,239984.21,226251.23899819248,51218.66479418485,277469.9037923773
STR_071,2023-12-12,214749.36,263905.830442282,51218.66479418485,315124.4952364669
STR_071,2023-12-13,251608.66999999998,239444.93717368995,51218.66479418485,290663.6019678748
STR_071,2023-12-14,307177.47,260527.28115364708,51218.66479418485,311745.94594783196
STR_071,2023-12-15,370860.8,368124.26123679406,51218.66479418485,419342.9260309789
STR_071,2023-12-16,349123.27,391525.9413273836,51218.66479418485,442744.6061215685
STR_071,2023-12-17,433294.05000000005,365531.17051070277,51218.66479418485,416749.8353048876
STR_071,2023-12-18,199359.88,210541.90455587528,51218.66479418485,261760.56935006013
STR_071,2023-12-19,220117.8,211640.5691434321,51218.66479418485,262859.2339376169
STR_071,2023-12-20,222389.72,253717.8623273862,51218.66479418485,304936.527121571
STR_071,2023-12-21,269905.26,256573.65873506118,51218.66479418485,307792.32352924603
STR_071,2023-12-22,317581.86,342013.00176979264,51218.66479418485,393231.6665639775
STR_071,2023-12-23,422885.0,374782.289624437,51218.66479418485,426000.95441862184
STR_071,2023-12-24,975765.49,783665.3495231108,51218.66479418485,834884.0143172956
STR_071,2023-12-25,482808.61,424360.9478774372,51218.66479418485,475579.6126716221
STR_071,2023-12-26,264520.13,244099.11333529392,51218.66479418485,295317.7781294788
STR_071,2023-12-27,194589.84,250615.7980290597,51218.66479418485,301834.4628232445
STR_071,2023-12-28,159969.9,214779.5919401574,51218.66479418485,265998.25673434226
STR_071,2023-12-29,360029.39999999997,315880.81879907945,51218.66479418485,367099.4835932643
STR_071,2023-12-30,509165.75,420836.7076598954,51218.66479418485,472055.37245408027
STR_071,2023-12-31,614004.92,842563.9520687407,51218.66479418485,893782.6168629256
STR_071,2024-01-01,56392.06,120826.30204343227,51218.66479418485,172044.9668376171
STR_071,2024-01-02,159747.24,155183.84425050186,51218.66479418485,206402.5090446867
STR_071,2024-01-03,122424.70999999999,142785.2334597761,51218.66479418485,194003.89825396094
STR_071,2024-01-04,152006.09,173713.77424790687,51218.66479418485,224932.43904209172
STR_071,2024-01-05,238531.7,234557.49873550612,51218.66479418485,285776.16352969094
STR_071,2024-01-06,230183.86000000002,231357.91566092955,51218.66479418485,282576.58045511437
STR_071,2024-01-07,240287.50999999998,225796.22155833725,51218.66479418485,277014.88635252207
STR_071,2024-01-08,144460.48,149805.52990607126,51218.66479418485,201024.1947002561
STR_071,2024-01-09,163842.61,156826.22753785164,51218.66479418485,208044.89233203648
STR_071,2024-01-10,134643.66,158046.24588397655,51218.66479418485,209264.9106781614
STR_071,2024-01-11,97898.51000000001,171554.08370446065,51218.66479418485,222772.7484986455
STR_071,2024-01-12,180997.88999999998,226892.8104882151,51218.66479418485,278111.4752823999
STR_071,2024-01-13,204692.45,248713.53035796405,51218.66479418485,299932.1951521489
STR_071,2024-01-14,182376.06,204600.81171684692,51218.66479418485,255819.47651103177
STR_071,2024-01-15,179517.22,179490.05562711752,51218.66479418485,230708.72042130237
STR_071,2024-01-16,170484.45,144152.7050379564,51218.66479418485,195371.36983214124
STR_071,2024-01-17,142864.35,138640.95789534488,51218.66479418485,189859.62268952973
STR_071,2024-01-18,140579.84,148038.07307751096,51218.66479418485,199256.7378716958
STR_071,2024-01-19,190284.54,186181.7526542563,51218.66479418485,237400.41744844115
STR_071,2024-01-20,218053.11,242083.00841367716,51218.66479418485,293301.673207862
STR_071,2024-01-21,222576.53999999998,201460.328696316,51218.66479418485,252678.99349050084
STR_071,2024-01-22,130517.28,147718.1981367634,51218.66479418485,198936.86293094826
STR_071,2024-01-23,104580.0,145170.78759949113,51218.66479418485,196389.45239367598
STR_071,2024-01-24,143805.35,138448.37805411717,51218.66479418485,189667.04284830202
STR_071,2024-01-25,166030.87,155698.26318056614,51218.66479418485,206916.927974751
STR_071,2024-01-26,239970.43,216009.80127714903,51218.66479418485,267228.46607133385
STR_071,2024-01-27,260322.1,221330.1353556209,51218.66479418485,272548.8001498057
STR_071,2024-01-28,222783.06,233784.6790803583,51218.66479418485,285003.34387454315
STR_071,2024-01-29,125291.58,123155.97132990081,51218.66479418485,174374.63612408566
STR_071,2024-01-30,179677.15,144637.75730976637,51218.66479418485,195856.42210395122
STR_071,2024-01-31,180000.76,164560.28636465094,51218.66479418485,215778.9511588358
STR_071,2024-02-01,159837.84,135986.99937003062,51218.66479418485,187205.66416421547
STR_071,2024-02-02,191541.63,203051.63751842335,51218.66479418485,254270.3023126082
STR_071,2024-02-03,230001.73,204414.66273107173,51218.66479418485,255633.32752525658
STR_071,2024-02-04,219895.08,231329.86227928838,51218.66479418485,282548.5270734732
STR_071,2024-02-05,82795.2,77901.80008964725,51218.66479418485,129120.4648838321
STR_071,2024-02-06,96923.28,140025.5001234726,51218.66479418485,191244.16491765744
STR_071,2024-02-07,175191.5,147980.38594121326,51218.66479418485,199199.0507353981
STR_071,2024-02-08,138217.47,136341.84954228438,51218.66479418485,187560.51433646923
STR_071,2024-02-09,221010.76,207932.57255172625,51218.66479418485,259151.2373459111
STR_071,2024-02-10,202468.15999999997,263714.878104388,51218.66479418485,314933.54289857286
STR_071,2024-02-11,230102.94,200626.77603599874,51218.66479418485,251845.4408301836
STR_071,2024-02-12,129529.57,124246.80470822076,51218.66479418485,175465.4695024056
STR_071,2024-02-13,142997.42,152757.01488246492,51218.66479418485,203975.67967664977
STR_071,2024-02-14,150426.7,151222.48196416872,51218.66479418485,202441.14675835357
STR_071,2024-02-15,217911.5,184993.26683064923,51218.66479418485,236211.93162483408
STR_071,2024-02-16,197779.19,198026.19570034885,51218.66479418485,249244.8604945337
STR_071,2024-02-17,187909.75,245630.6936788032,51218.66479418485,296849.358472988
STR_071,2024-02-18,258218.94,231329.86227928838,51218.66479418485,282548.5270734732
STR_071,2024-02-19,131016.2,129883.24234977788,51218.66479418485,181101.90714396274
STR_071,2024-02-20,140134.91,140222.44080188265,51218.66479418485,191441.1055960675
STR_071,2024-02-21,162421.01,144498.35533992507,51218.66479418485,195717.02013410992
STR_071,2024-02-22,155656.12,154087.01202169093,51218.66479418485,205305.67681587578
STR_071,2024-02-23,185684.68,192153.45283026592,51218.66479418485,243372.11762445077
STR_071,2024-02-24,312635.33,246336.34063772112,51218.66479418485,297555.005431906
STR_071,2024-02-25,232891.03,230802.7676188032,51218.66479418485,282021.43241298804
STR_071,2024-02-26,118491.09,129883.24234977788,51218.66479418485,181101.90714396274
STR_071,2024-02-27,165985.63999999998,162008.14242576077,51218.66479418485,213226.80721994562
STR_071,2024-02-28,152209.51,157856.2257577548,51218.66479418485,209074.89055193964
STR_071,2024-02-29,178400.09,212376.40376293455,51218.66479418485,263595.0685571194
STR_072,2023-12-01,255905.93,259538.5458015112,42892.88003352925,302431.42583504046
STR_072,2023-12-02,304179.8,319988.4522662752,42892.88003352925,362881.33229980443
STR_072,2023-12-03,222025.85,275581.4620271051,42892.88003352925,318474.34206063434
STR_072,2023-12-04,197102.52000000002,167492.76306030885,42892.88003352925,210385.6430938381
STR_072,2023-12-05,183734.16,194744.34544237237,42892.88003352925,237637.22547590162
STR_072,2023-12-06,110389.3,158294.78696197548,42892.88003352925,201187.66699550473
STR_072,2023-12-07,173830.46,177130.19802788072,42892.88003352925,220023.07806140996
STR_072,2023-12-08,274587.26,221717.98729949552,42892.88003352925,264610.86733302474
STR_072,2023-12-09,391344.56,342267.21623282833,42892.88003352925,385160.0962663576
STR_072,2023-12-10,210253.45,264061.5102729352,42892.88003352925,306954.39030646445
STR_072,2023-12-11,133786.38,180174.46396912955,42892.88003352925,223067.3440026588
STR_072,2023-12-12,221872.28,245882.94106214496,42892.88003352925,288775.8210956742
STR_072,2023-12-13,132739.89,171731.1333190167,42892.88003352925,214624.01335254594
STR_072,2023-12-14,242399.34,210362.28288852485,42892.88003352925,253255.1629220541
STR_072,2023-12-15,370662.3,363938.17565867084,42892.88003352925,406831.0556922001
STR_072,2023-12-16,208903.31,296801.28215181106,42892.88003352925,339694.1621853403
STR_072,2023-12-17,244146.8,261856.98078130875,42892.88003352925,304749.860814838
STR_072,2023-12-18,145775.34,159202.87453001743,42892.88003352925,202095.75456354668
STR_072,2023-12-19,208880.85,183162.8088018526,42892.88003352925,226055.68883538185
STR_072,2023-12-20,192396.52,168969.00516225005,42892.88003352925,211861.8851957793
STR_072,2023-12-21,221363.4,198671.37057241367,42892.88003352925,241564.2506059429
STR_072,2023-12-22,230939.89,262438.44239422947,42892.88003352925,305331.3224277587
STR_072,2023-12-23,285535.43,337181.7743607217,42892.88003352925,380074.65439425095
STR_072,2023-12-24,741755.39,634243.5031569868,42892.88003352925,677136.383190516
STR_072,2023-12-25,330352.23,284673.16773745784,42892.88003352925,327566.0477709871
STR_072,2023-12-26,184266.06,179083.94545892827,42892.88003352925,221976.82549245752
STR_072,2023-12-27,156059.78,191829.85600004363,42892.88003352925,234722.73603357287
STR_072,2023-12-28,140034.21000000002,195134.57598894986,42892.88003352925,238027.4560224791
STR_072,2023-12-29,277973.16,274260.98892274586,42892.88003352925,317153.8689562751
STR_072,2023-12-30,302098.47,289662.188294996,42892.88003352925,332555.06832852523
STR_072,2023-12-31,776046.79,691099.8684036981,42892.88003352925,733992.7484372273
STR_072,2024-01-01,37592.72,99585.6776368393,42892.88003352925,142478.55767036855
STR_072,2024-01-02,102489.82,133557.67946910515,42892.88003352925,176450.5595026344
STR_072,2024-01-03,120924.39,124379.91591680908,42892.88003352925,167272.79595033833
STR_072,2024-01-04,107920.01,128435.0737140001,42892.88003352925,171327.95374752936
STR_072,2024-01-05,157052.62,167998.66538802488,42892.88003352925,210891.54542155412
STR_072,2024-01-06,191988.69,210906.74063431332,42892.88003352925,253799.62066784257
STR_072,2024-01-07,153227.81,184766.17663989644,42892.88003352925,227659.0566734257
STR_072,2024-01-08,106503.69,131671.9791499937,42892.88003352925,174564.85918352296
STR_072,2024-01-09,67735.76,129334.80920667421,42892.88003352925,172227.68924020347
STR_072,2024-01-10,108433.21,116007.92773657318,42892.88003352925,158900.80777010243
STR_072,2024-01-11,94469.03,134147.2438042164,42892.88003352925,177040.12383774566
STR_072,2024-01-12,145892.45,164326.3310642026,42892.88003352925,207219.21109773184
STR_072,2024-01-13,224263.36000000002,201899.47512725386,42892.88003352925,244792.3551607831
STR_072,2024-01-14,164295.89,191729.4400416274,42892.88003352925,234622.32007515663
STR_072,2024-01-15,117967.01,139796.81297490103,42892.88003352925,182689.69300843027
STR_072,2024-01-16,109019.07,125792.14546621221,42892.88003352925,168685.02549974146
STR_072,2024-01-17,103027.59,131386.89781521057,42892.88003352925,174279.77784873982
STR_072,2024-01-18,87121.01999999999,131561.7809020984,42892.88003352925,174454.66093562765
STR_072,2024-01-19,128320.77,161127.8303986412,42892.88003352925,204020.71043217045
STR_072,2024-01-20,183219.04,193333.920334364,42892.88003352925,236226.80036789324
STR_072,2024-01-21,149230.65,167603.2707953553,42892.88003352925,210496.15082888454
STR_072,2024-01-22,101515.34,138844.52620937137,42892.88003352925,181737.40624290062
STR_072,2024-01-23,106919.62,121356.01578744852,42892.88003352925,164248.89582097775
STR_072,2024-01-24,126867.19,125330.3655445737,42892.88003352925,168223.24557810294
STR_072,2024-01-25,79574.31,109437.57336061017,42892.88003352925,152330.45339413942
STR_072,2024-01-26,143897.4,155289.2937812823,42892.88003352925,198182.17381481154
STR_072,2024-01-27,183824.41,191259.23015935536,42892.88003352925,234152.1101928846
STR_072,2024-01-28,160292.4,167129.22682531283,42892.88003352925,210022.10685884207
STR_072,2024-01-29,85412.84,108477.74804794151,42892.88003352925,151370.62808147076
STR_072,2024-01-30,81846.8,119096.87211591893,42892.88003352925,161989.75214944818
STR_072,2024-01-31,115676.87,144394.8641234383,42892.88003352925,187287.74415696756
STR_072,2024-02-01,93866.78,120904.10959130163,42892.88003352925,163796.9896248309
STR_072,2024-02-02,135229.41,147667.27237481697,42892.88003352925,190560.1524083462
STR_072,2024-02-03,191546.98,198566.25801355264,42892.88003352925,241459.13804708188
STR_072,2024-02-04,172518.15,171395.77839618194,42892.88003352925,214288.65842971118
STR_072,2024-02-05,65726.53,73901.09180601295,42892.88003352925,116793.9718395422
STR_072,2024-02-06,113928.53,119051.02875427846,42892.88003352925,161943.9087878077
STR_072,2024-02-07,77735.20000000001,119369.6195313613,42892.88003352925,162262.49956489055
STR_072,2024-02-08,139083.41,120904.10959130163,42892.88003352925,163796.9896248309
STR_072,2024-02-09,115675.48999999999,145348.09464282775,42892.88003352925,188240.974676357
STR_072,2024-02-10,185032.25,204902.72439469685,42892.88003352925,247795.6044282261
STR_072,2024-02-11,165159.76,186977.53051152927,42892.88003352925,229870.41054505852
STR_072,2024-02-12,89598.59,102472.05126365204,42892.88003352925,145364.9312971813
STR_072,2024-02-13,76101.89,119096.87211591893,42892.88003352925,161989.75214944818
STR_072,2024-02-14,87410.55,113149.52043270948,42892.88003352925,156042.40046623873
STR_072,2024-02-15,151740.0,167423.8297031697,42892.88003352925,210316.70973669895
STR_072,2024-02-16,131942.9,140208.59779102876,42892.88003352925,183101.477824558
STR_072,2024-02-17,131509.52000000002,188055.85673993334,42892.88003352925,230948.7367734626
STR_072,2024-02-18,103964.08,149857.79103048868,42892.88003352925,192750.67106401792
STR_072,2024-02-19,106521.02,118536.47196904838,42892.88003352925,161429.35200257762
STR_072,2024-02-20,103013.09999999999,109976.26401252592,42892.88003352925,152869.14404605515
STR_072,2024-02-21,93789.18,112872.54870797638,42892.88003352925,155765.42874150563
STR_072,2024-02-22,133986.79,123579.0933630867,42892.88003352925,166471.97339661594
STR_072,2024-02-23,131468.36,143687.1341391945,42892.88003352925,186580.01417272375
STR_072,2024-02-24,212303.05,204751.10850729028,42892.88003352925,247643.98854081953
STR_072,2024-02-25,169570.88,159325.80125101074,42892.88003352925,202218.68128453998
STR_072,2024-02-26,105350.31,112276.61674633803,42892.88003352925,155169.49677986727
STR_072,2024-02-27,92960.98000000001,109032.06095723013,42892.88003352925,151924.94099075938
STR_072,2024-02-28,131388.56,119409.37565541983,42892.88003352925,162302.25568894908
STR_072,2024-02-29,188714.05,167352.05549734962,42892.88003352925,210244.93553087887
STR_073,2023-12-01,218274.80000000002,405041.5079106492,87518.2476526651,492559.7555633143
STR_073,2023-12-02,624509.15,561847.5574174338,87518.2476526651,649365.805070099
STR_073,2023-12-03,435779.58,505213.0520901211,87518.2476526651,592731.2997427862
STR_073,2023-12-04,292331.23,300892.34399055166,87518.2476526651,388410.5916432168
STR_073,2023-12-05,315711.51,287809.77347736136,87518.2476526651,375328.02113002643
STR_073,2023-12-06,323765.48,337327.1822485227,87518.2476526651,424845.4299011878
STR_073,2023-12-07,250641.47,345978.29720387526,87518.2476526651,433496.5448565404
STR_073,2023-12-08,362629.43,457410.3365312004,87518.2476526651,544928.5841838655
STR_073,2023-12-09,461938.42,519206.960698283,87518.2476526651,606725.208350948
STR_073,2023-12-10,540890.03,495947.4357274883,87518.2476526651,583465.6833801534
STR_073,2023-12-11,230768.71,264037.0639410576,87518.2476526651,351555.31159372267
STR_073,2023-12-12,335062.87,347796.8839224276,87518.2476526651,435315.1315750927
STR_073,2023-12-13,302224.48,325767.95693687117,87518.2476526651,413286.2045895363
STR_073,2023-12-14,328081.47,310894.05206406466,87518.2476526651,398412.2997167298
STR_073,2023-12-15,588027.44,508137.231945524,87518.2476526651,595655.4795981891
STR_073,2023-12-16,586670.94,550065.1915999565,87518.2476526651,637583.4392526216
STR_073,2023-12-17,517197.37,497099.9043301569,87518.2476526651,584618.151982822
STR_073,2023-12-18,301806.36,295222.97413585504,87518.2476526651,382741.2217885201
STR_073,2023-12-19,335472.68,288315.626603058,87518.2476526651,375833.8742557231
STR_073,2023-12-20,293193.19,291017.416707302,87518.2476526651,378535.6643599671
STR_073,2023-12-21,342703.67000000004,345563.601246538,87518.2476526651,433081.8488992031
STR_073,2023-12-22,459567.31,409845.43709082477,87518.2476526651,497363.68474348984
STR_073,2023-12-23,357771.6,513161.6431671262,87518.2476526651,600679.8908197914
STR_073,2023-12-24,1067709.1,966921.1615268172,87518.2476526651,1054439.4091794824
STR_073,2023-12-25,621437.0,618390.2617012942,87518.2476526651,705908.5093539594
STR_073,2023-12-26,313184.01,323971.9554233209,87518.2476526651,411490.203075986
STR_073,2023-12-27,288674.42,296048.15831248905,87518.2476526651,383566.4059651542
STR_073,2023-12-28,367292.16,346309.0777796634,87518.2476526651,433827.3254323285
STR_073,2023-12-29,472082.76999999996,431078.4505933418,87518.2476526651,518596.69824600685
STR_073,2023-12-30,621477.0700000001,584916.052416741,87518.2476526651,672434.3000694062
STR_073,2023-12-31,1159125.51,1135816.775528395,87518.2476526651,1223335.02318106
STR_073,2024-01-01,68288.04000000001,150052.5595870322,87518.2476526651,237570.80723969731
STR_073,2024-01-02,207456.22,206334.86063124155,87518.2476526651,293853.10828390665
STR_073,2024-01-03,192565.38999999998,233133.11139887333,87518.2476526651,320651.3590515384
STR_073,2024-01-04,132491.32,232292.47115986547,87518.2476526651,319810.71881253057
STR_073,2024-01-05,232642.94,254506.87620548494,87518.2476526651,342025.12385815004
STR_073,2024-01-06,249976.17,308131.1010992328,87518.2476526651,395649.3487518979
STR_073,2024-01-07,246119.26,263307.11909996194,87518.2476526651,350825.3667526271
STR_073,2024-01-08,148914.38,174659.15885531667,87518.2476526651,262177.40650798177
STR_073,2024-01-09,141834.86,203349.9219201409,87518.2476526651,290868.169572806
STR_073,2024-01-10,166696.25,201038.9376806416,87518.2476526651,288557.18533330667
STR_073,2024-01-11,107743.13,215118.65856807312,87518.2476526651,302636.9062207382
STR_073,2024-01-12,238470.72,247068.24582089367,87518.2476526651,334586.4934735588
STR_073,2024-01-13,283152.93,316749.51579353586,87518.2476526651,404267.763446201
STR_073,2024-01-14,274600.14,283138.09944265475,87518.2476526651,370656.3470953199
STR_073,2024-01-15,260299.51,269522.23923224886,87518.2476526651,357040.486884914
STR_073,2024-01-16,203960.78,207723.31401803438,87518.2476526651,295241.5616706995
STR_073,2024-01-17,218160.16,208203.42676287977,87518.2476526651,295721.67441554484
STR_073,2024-01-18,178668.86,192338.95460644085,87518.2476526651,279857.202259106
STR_073,2024-01-19,233594.0,239752.8447530799,87518.2476526651,327271.092405745
STR_073,2024-01-20,259101.08000000002,290099.93939356646,87518.2476526651,377618.1870462316
STR_073,2024-01-21,308745.38,286932.3133465698,87518.2476526651,374450.5609992349
STR_073,2024-01-22,178399.83,183773.01685446315,87518.2476526651,271291.2645071283
STR_073,2024-01-23,170589.63,187388.37568239035,87518.2476526651,274906.6233350554
STR_073,2024-01-24,185690.37,177371.2380050783,87518.2476526651,264889.4856577434
STR_073,2024-01-25,187517.98,200634.06355501286,87518.2476526651,288152.31120767794
STR_073,2024-01-26,310230.99,267911.92130056414,87518.2476526651,355430.1689532292
STR_073,2024-01-27,303311.15,306266.1611405656,87518.2476526651,393784.40879323066
STR_073,2024-01-28,131377.22,288178.3847827742,87518.2476526651,375696.6324354393
STR_073,2024-01-29,109366.29000000001,157320.39729121825,87518.2476526651,244838.64494388335
STR_073,2024-01-30,177132.14,181678.08045857944,87518.2476526651,269196.32811124454
STR_073,2024-01-31,252182.18,238772.4176576027,87518.2476526651,326290.6653102678
STR_073,2024-02-01,184463.08000000002,175463.13555276784,87518.2476526651,262981.3832054329
STR_073,2024-02-02,240656.12,219657.30658340134,87518.2476526651,307175.5542360664
STR_073,2024-02-03,265054.01,323473.40636520815,87518.2476526651,410991.6540178732
STR_073,2024-02-04,339714.3,302243.38825667865,87518.2476526651,389761.6359093437
STR_073,2024-02-05,121778.45999999999,95744.19092086678,87518.2476526651,183262.43857353186
STR_073,2024-02-06,180746.92,174255.2124947842,87518.2476526651,261773.4601474493
STR_073,2024-02-07,199478.84,192185.75367534047,87518.2476526651,279704.0013280056
STR_073,2024-02-08,126871.32,186918.4120105381,87518.2476526651,274436.6596632032
STR_073,2024-02-09,240747.21,223864.04195867348,87518.2476526651,311382.2896113386
STR_073,2024-02-10,394421.91000000003,312240.25276591623,87518.2476526651,399758.5004185813
STR_073,2024-02-11,244574.64,263105.74557826994,87518.2476526651,350623.99323093507
STR_073,2024-02-12,175569.71,162628.17129369557,87518.2476526651,250146.41894636067
STR_073,2024-02-13,189029.67,181612.8748631468,87518.2476526651,269131.12251581193
STR_073,2024-02-14,244954.55,201698.1775354985,87518.2476526651,289216.4251881636
STR_073,2024-02-15,252713.83000000002,208094.60787133008,87518.2476526651,295612.8555239952
STR_073,2024-02-16,271684.1,269426.3025637777,87518.2476526651,356944.5502164428
STR_073,2024-02-17,325143.32,290669.2832346993,87518.2476526651,378187.5308873644
STR_073,2024-02-18,271019.25,282838.06559296325,87518.2476526651,370356.3132456284
STR_073,2024-02-19,175847.44,168745.31957763244,87518.2476526651,256263.56723029754
STR_073,2024-02-20,171947.1,179390.11967571915,87518.2476526651,266908.36732838425
STR_073,2024-02-21,201529.26,197244.92943899875,87518.2476526651,284763.1770916638
STR_073,2024-02-22,202662.93,204921.58905820004,87518.2476526651,292439.83671086514
STR_073,2024-02-23,296582.55,275693.21007135714,87518.2476526651,363211.4577240222
STR_073,2024-02-24,225502.25,287737.9176775719,87518.2476526651,375256.165330237
STR_073,2024-02-25,323209.43,275603.89425141225,87518.2476526651,363122.1419040774
STR_073,2024-02-26,180894.51,193784.10145398558,87518.2476526651,281302.3491066507
STR_073,2024-02-27,187342.36000000002,194172.0086221914,87518.2476526651,281690.2562748565
STR_073,2024-02-28,169582.88,179522.16508219106,87518.2476526651,267040.41273485613
STR_073,2024-02-29,261601.82,253017.36561272113,87518.2476526651,340535.6132653862
STR_074,2023-12-01,280359.57,280806.6496291663,45192.65124639281,325999.3008755591
STR_074,2023-12-02,303338.64,392137.1863854032,45192.65124639281,437329.837631796
STR_074,2023-12-03,430607.29,343883.12451536744,45192.65124639281,389075.77576176025
STR_074,2023-12-04,212050.02000000002,211112.7867939102,45192.65124639281,256305.438040303
STR_074,2023-12-05,194922.28999999998,226875.69319699626,45192.65124639281,272068.3444433891
STR_074,2023-12-06,221231.78,209229.79005001427,45192.65124639281,254422.44129640708
STR_074,2023-12-07,273249.05,238417.91884325596,45192.65124639281,283610.57008964877
STR_074,2023-12-08,285895.51,275596.92920497194,45192.65124639281,320789.58045136475
STR_074,2023-12-09,330766.01,339226.8094896249,45192.65124639281,384419.46073601773
STR_074,2023-12-10,269591.49,340262.49098445504,45192.65124639281,385455.14223084785
STR_074,2023-12-11,163352.06,208040.29535737453,45192.65124639281,253232.94660376734
STR_074,2023-12-12,285212.32,240689.7136772109,45192.65124639281,285882.3649236037
STR_074,2023-12-13,100847.94,223780.37669351842,45192.65124639281,268973.02793991123
STR_074,2023-12-14,258189.51,256663.55858539825,45192.65124639281,301856.20983179106
STR_074,2023-12-15,396670.72000000003,369367.9820346822,45192.65124639281,414560.633281075
STR_074,2023-12-16,311469.02,362946.8427820399,45192.65124639281,408139.4940284327
STR_074,2023-12-17,354211.1,328130.87853118614,45192.65124639281,373323.52977757895
STR_074,2023-12-18,207444.97,204324.94816329767,45192.65124639281,249517.59940969048
STR_074,2023-12-19,198196.27,232446.84656570738,45192.65124639281,277639.4978121002
STR_074,2023-12-20,254294.05,251316.9394893669,45192.65124639281,296509.5907357597
STR_074,2023-12-21,200419.87,226920.6342857741,45192.65124639281,272113.28553216695
STR_074,2023-12-22,317140.93,315786.5709429225,45192.65124639281,360979.2221893153
STR_074,2023-12-23,398292.76,358647.5248348427,45192.65124639281,403840.1760812355
STR_074,2023-12-24,847479.74,744901.3567128278,45192.65124639281,790094.0079592206
STR_074,2023-12-25,414720.81,388657.36149673734,45192.65124639281,433850.01274313015
STR_074,2023-12-26,157323.64,214208.9971154941,45192.65124639281,259401.6483618869
STR_074,2023-12-27,233875.19,212477.99790652352,45192.65124639281,257670.64915291633
STR_074,2023-12-28,186450.32,219704.43058818302,45192.65124639281,264897.08183457586
STR_074,2023-12-29,345567.67,282880.1416125623,45192.65124639281,328072.7928589551
STR_074,2023-12-30,431665.8,411525.7959432354,45192.65124639281,456718.4471896282
STR_074,2023-12-31,809957.7,749281.5597273883,45192.65124639281,794474.2109737811
STR_074,2024-01-01,42049.91,124650.24915279564,45192.65124639281,169842.90039918845
STR_074,2024-01-02,135219.83,150170.28557205183,45192.65124639281,195362.93681844464
STR_074,2024-01-03,139644.53,149500.13935199025,45192.65124639281,194692.79059838306
STR_074,2024-01-04,113387.12,154470.2570278605,45192.65124639281,199662.9082742533
STR_074,2024-01-05,139054.5,186755.57405490454,45192.65124639281,231948.22530129735
STR_074,2024-01-06,228012.47,246162.20701015834,45192.65124639281,291354.85825655115
STR_074,2024-01-07,172295.07,235965.62755270337,45192.65124639281,281158.2787990962
STR_074,2024-01-08,130661.85,141721.5595866062,45192.65124639281,186914.210832999
STR_074,2024-01-09,134936.31,153704.4641380988,45192.65124639281,198897.1153844916
STR_074,2024-01-10,137547.51,129957.71912279115,45192.65124639281,175150.37036918395
STR_074,2024-01-11,121980.04999999999,155549.99642783453,45192.65124639281,200742.64767422734
STR_074,2024-01-12,164113.8,198826.32515847014,45192.65124639281,244018.97640486294
STR_074,2024-01-13,202419.49,263198.335386036,45192.65124639281,308390.98663242883
STR_074,2024-01-14,237537.78999999998,214545.38256361213,45192.65124639281,259738.03381000494
STR_074,2024-01-15,180812.39,160110.47584120286,45192.65124639281,205303.12708759567
STR_074,2024-01-16,114061.36,144091.0488124397,45192.65124639281,189283.7000588325
STR_074,2024-01-17,108622.6,138579.3354126169,45192.65124639281,183771.9866590097
STR_074,2024-01-18,136438.22999999998,146569.0871430255,45192.65124639281,191761.73838941831
STR_074,2024-01-19,143982.91999999998,186315.65705275835,45192.65124639281,231508.30829915116
STR_074,2024-01-20,181237.8,228268.8056854982,45192.65124639281,273461.45693189104
STR_074,2024-01-21,187343.9,202303.42024806218,45192.65124639281,247496.07149445498
STR_074,2024-01-22,133366.79,141765.46844876956,45192.65124639281,186958.11969516237
STR_074,2024-01-23,84612.89,123504.3645650682,45192.65124639281,168697.01581146102
STR_074,2024-01-24,131600.91999999998,133203.8342842652,45192.65124639281,178396.485530658
STR_074,2024-01-25,120412.84,139565.08189543433,45192.65124639281,184757.73314182714
STR_074,2024-01-26,178405.21000000002,165943.02189748763,45192.65124639281,211135.67314388044
STR_074,2024-01-27,208535.45,211360.028019994,45192.65124639281,256552.6792663868
STR_074,2024-01-28,191125.18,184080.01658214963,45192.65124639281,229272.66782854244
STR_074,2024-01-29,134655.94,123865.15125849422,45192.65124639281,169057.80250488705
STR_074,2024-01-30,134019.58000000002,120229.29361681739,45192.65124639281,165421.9448632102
STR_074,2024-01-31,237386.72999999998,196236.24860779234,45192.65124639281,241428.89985418515
STR_074,2024-02-01,118276.35,145744.92110548928,45192.65124639281,190937.5723518821
STR_074,2024-02-02,204493.16,181165.9864788814,45192.65124639281,226358.6377252742
STR_074,2024-02-03,278806.07,255808.95933652317,45192.65124639281,301001.61058291595
STR_074,2024-02-04,204343.27,184601.80688364062,45192.65124639281,229794.45813003342
STR_074,2024-02-05,59667.86,84317.07860963944,45192.65124639281,129509.72985603225
STR_074,2024-02-06,122163.79000000001,120811.18192562049,45192.65124639281,166003.83317201328
STR_074,2024-02-07,127265.78,132230.77419025727,45192.65124639281,177423.42543665008
STR_074,2024-02-08,122159.9,123367.7520641109,45192.65124639281,168560.4033105037
STR_074,2024-02-09,112943.94,174751.84343462225,45192.65124639281,219944.49468101506
STR_074,2024-02-10,228660.93,241496.0934031376,45192.65124639281,286688.7446495304
STR_074,2024-02-11,254484.56,234262.2471350584,45192.65124639281,279454.8983814512
STR_074,2024-02-12,137428.69,128904.08130958903,45192.65124639281,174096.73255598184
STR_074,2024-02-13,63551.34,132796.00530737682,45192.65124639281,177988.65655376963
STR_074,2024-02-14,119315.83,129087.02779057914,45192.65124639281,174279.67903697194
STR_074,2024-02-15,225958.23,198580.9988727264,45192.65124639281,243773.6501191192
STR_074,2024-02-16,186072.33,174188.80096712877,45192.65124639281,219381.45221352158
STR_074,2024-02-17,241375.55,240211.4304500942,45192.65124639281,285404.08169648703
STR_074,2024-02-18,186775.74,202217.12735580787,45192.65124639281,247409.77860220068
STR_074,2024-02-19,108515.41,119699.5077725894,45192.65124639281,164892.1590189822
STR_074,2024-02-20,150561.63999999998,122219.15681065369,45192.65124639281,167411.8080570465
STR_074,2024-02-21,153229.45,135340.51849939759,45192.65124639281,180533.1697457904
STR_074,2024-02-22,71667.72,138610.75294098794,45192.65124639281,183803.40418738074
STR_074,2024-02-23,210888.24,189951.5577559373,45192.65124639281,235144.2090023301
STR_074,2024-02-24,260900.7,270526.17687525606,45192.65124639281,315718.82812164887
STR_074,2024-02-25,189724.75,197197.91507481463,45192.65124639281,242390.56632120744
STR_074,2024-02-26,141239.08,133198.62857867192,45192.65124639281,178391.27982506473
STR_074,2024-02-27,167490.7,145690.94666197343,45192.65124639281,190883.59790836624
STR_074,2024-02-28,130087.18,135531.1342863759,45192.65124639281,180723.7855327687
STR_074,2024-02-29,206249.09,176132.05526854598,45192.65124639281,221324.7065149388
STR_075,2023-12-01,227049.22,248732.16475426705,64489.66933794235,313221.8340922094
STR_075,2023-12-02,417872.47000000003,382041.70204187225,64489.66933794235,446531.3713798146
STR_075,2023-12-03,336900.15,297664.0695168712,64489.66933794235,362153.7388548135
STR_075,2023-12-04,178556.33000000002,190366.08616462658,64489.66933794235,254855.75550256894
STR_075,2023-12-05,209976.41,209289.21063102686,64489.66933794235,273778.8799689692
STR_075,2023-12-06,239164.41,212311.83216875233,64489.66933794235,276801.5015066947
STR_075,2023-12-07,207265.59,216215.7674164182,64489.66933794235,280705.43675436056
STR_075,2023-12-08,311650.9,293193.4403393866,64489.66933794235,357683.10967732896
STR_075,2023-12-09,406089.93,368096.29535703926,64489.66933794235,432585.9646949816
STR_075,2023-12-10,338174.73,312663.12965308886,64489.66933794235,377152.79899103125
STR_075,2023-12-11,178522.94,173572.8438290375,64489.66933794235,238062.51316697986
STR_075,2023-12-12,252228.73,278907.3287553767,64489.66933794235,343396.998093319
STR_075,2023-12-13,195196.45,213353.62687002987,64489.66933794235,277843.2962079722
STR_075,2023-12-14,205195.44,226858.96263262827,64489.66933794235,291348.63197057066
STR_075,2023-12-15,297055.56,347577.79688684095,64489.66933794235,412067.46622478333
STR_075,2023-12-16,379690.53,373920.10927441914,64489.66933794235,438409.7786123615
STR_075,2023-12-17,307927.5,322976.7872118889,64489.66933794235,387466.4565498312
STR_075,2023-12-18,181002.88,188303.84470374425,64489.66933794235,252793.5140416866
STR_075,2023-12-19,224519.56,213015.34879994692,64489.66933794235,277505.0181378893
STR_075,2023-12-20,244892.54,215973.27834808777,64489.66933794235,280462.9476860301
STR_075,2023-12-21,205612.6,213872.37402082235,64489.66933794235,278362.0433587647
STR_075,2023-12-22,334264.64,281547.75612226356,64489.66933794235,346037.4254602059
STR_075,2023-12-23,478273.42,388204.61096356873,64489.66933794235,452694.28030151105
STR_075,2023-12-24,687040.98,712456.6813695638,64489.66933794235,776946.3507075062
STR_075,2023-12-25,360091.5,412143.8561732521,64489.66933794235,476633.5255111945
STR_075,2023-12-26,173085.18,193800.9804472778,64489.66933794235,258290.64978522016
STR_075,2023-12-27,222076.33,228466.00308382037,64489.66933794235,292955.6724217627
STR_075,2023-12-28,255826.55,226741.0717521576,64489.66933794235,291230.7410900999
STR_075,2023-12-29,258221.78999999998,297988.6229246622,64489.66933794235,362478.2922626046
STR_075,2023-12-30,381438.18,338725.8093429195,64489.66933794235,403215.4786808619
STR_075,2023-12-31,754860.37,683912.1523315579,64489.66933794235,748401.8216695003
STR_075,2024-01-01,44604.72,103101.7583281287,64489.66933794235,167591.42766607105
STR_075,2024-01-02,110244.51,141135.35377153597,64489.66933794235,205625.02310947832
STR_075,2024-01-03,100386.09,146099.15493225594,64489.66933794235,210588.8242701983
STR_075,2024-01-04,132254.88999999998,157520.01078264837,64489.66933794235,222009.68012059072
STR_075,2024-01-05,174081.86000000002,202053.05321513588,64489.66933794235,266542.7225530782
STR_075,2024-01-06,162364.6,228503.4086914731,64489.66933794235,292993.07802941545
STR_075,2024-01-07,187284.56,236569.92251562624,64489.66933794235,301059.59185356856
STR_075,2024-01-08,103691.01999999999,137100.65465412545,64489.66933794235,201590.3239920678
STR_075,2024-01-09,126094.85,146759.67329986196,64489.66933794235,211249.3426378043
STR_075,2024-01-10,101134.85,130698.52937820448,64489.66933794235,195188.1987161468
STR_075,2024-01-11,131538.6,148578.73111439674,64489.66933794235,213068.4004523391
STR_075,2024-01-12,114993.33,181322.16524823837,64489.66933794235,245811.83458618072
STR_075,2024-01-13,215790.65000000002,224871.10192442726,64489.66933794235,289360.7712623696
STR_075,2024-01-14,192607.03,220608.85547824154,64489.66933794235,285098.5248161839
STR_075,2024-01-15,141395.5,150335.56458272724,64489.66933794235,214825.2339206696
STR_075,2024-01-16,126778.47,142106.6763980712,64489.66933794235,206596.34573601355
STR_075,2024-01-17,70131.58,142271.93566083832,64489.66933794235,206761.60499878068
STR_075,2024-01-18,126928.97,142920.27863671322,64489.66933794235,207409.94797465557
STR_075,2024-01-19,171976.06,185800.3334535761,64489.66933794235,250290.00279151846
STR_075,2024-01-20,173133.75,217997.26348008378,64489.66933794235,282486.93281802617
STR_075,2024-01-21,185150.53,206227.1890656085,64489.66933794235,270716.8584035508
STR_075,2024-01-22,129997.84,150560.94743993928,64489.66933794235,215050.61677788163
STR_075,2024-01-23,83030.92,131280.62949813428,64489.66933794235,195770.29883607663
STR_075,2024-01-24,118965.25,138558.97199407028,64489.66933794235,203048.64133201263
STR_075,2024-01-25,117572.77,146659.519990829,64489.66933794235,211149.18932877135
STR_075,2024-01-26,147423.38,194527.14778420603,64489.66933794235,259016.81712214838
STR_075,2024-01-27,221045.07,225434.05646714647,64489.66933794235,289923.7258050888
STR_075,2024-01-28,199399.04,204791.11278730293,64489.66933794235,269280.7821252453
STR_075,2024-01-29,98210.3,120214.58716418342,64489.66933794235,184704.25650212576
STR_075,2024-01-30,139730.33,130863.17715853166,64489.66933794235,195352.846496474
STR_075,2024-01-31,100693.20999999999,150808.54567280723,64489.66933794235,215298.21501074958
STR_075,2024-02-01,133807.06,138242.53662114003,64489.66933794235,202732.20595908238
STR_075,2024-02-02,172904.06,185247.59777739708,64489.66933794235,249737.26711533943
STR_075,2024-02-03,233791.93,204927.2613446745,64489.66933794235,269416.9306826169
STR_075,2024-02-04,228666.94,211561.1362124171,64489.66933794235,276050.8055503594
STR_075,2024-02-05,65440.6,75300.91991468845,64489.66933794235,139790.5892526308
STR_075,2024-02-06,142943.59,131269.62603841638,64489.66933794235,195759.29537635873
STR_075,2024-02-07,131583.5,128053.63669964398,64489.66933794235,192543.30603758633
STR_075,2024-02-08,145066.06,131864.33902501268,64489.66933794235,196354.00836295504
STR_075,2024-02-09,145010.64,185960.31162682752,64489.66933794235,250449.98096476987
STR_075,2024-02-10,196410.03,217316.5188409181,64489.66933794235,281806.18817886047
STR_075,2024-02-11,194494.07,195179.7689772314,64489.66933794235,259669.43831517376
STR_075,2024-02-12,115206.29,127417.23991842872,64489.66933794235,191906.9092563711
STR_075,2024-02-13,104580.39,129363.98742256328,64489.66933794235,193853.65676050563
STR_075,2024-02-14,78472.33,113219.88321176176,64489.66933794235,177709.5525497041
STR_075,2024-02-15,155302.97,175364.48932601002,64489.66933794235,239854.15866395237
STR_075,2024-02-16,159955.23,170523.2161790879,64489.66933794235,235012.88551703026
STR_075,2024-02-17,283468.39,235148.09244370868,64489.66933794235,299637.76178165106
STR_075,2024-02-18,149348.16,202841.71341936055,64489.66933794235,267331.3827573029
STR_075,2024-02-19,131352.73,126998.14332969917,64489.66933794235,191487.81266764153
STR_075,2024-02-20,118462.85,122285.67260849285,64489.66933794235,186775.34194643522
STR_075,2024-02-21,155434.5,140013.7629960467,64489.66933794235,204503.43233398904
STR_075,2024-02-22,136681.89,139030.751448948,64489.66933794235,203520.42078689035
STR_075,2024-02-23,176486.4,175044.5917418339,64489.66933794235,239534.26107977625
STR_075,2024-02-24,218350.82,222559.86206031518,64489.66933794235,287049.53139825753
STR_075,2024-02-25,215264.91,190450.0638057957,64489.66933794235,254939.73314373806
STR_075,2024-02-26,125099.65,124761.15698991797,64489.66933794235,189250.82632786033
STR_075,2024-02-27,122758.58,134594.0867982503,64489.66933794235,199083.75613619265
STR_075,2024-02-28,148436.2,148766.1270255545,64489.66933794235,213255.79636349686
STR_075,2024-02-29,187383.09,171900.2610256085,64489.66933794235,236389.93036355084
STR_076,2023-12-01,262133.89,227635.64766374516,53521.454989995225,281157.1026537404
STR_076,2023-12-02,348569.98,309955.600841041,53521.454989995225,363477.05583103624
STR_076,2023-12-03,284605.31,268750.3392562137,53521.454989995225,322271.7942462089
STR_076,2023-12-04,114758.33,163474.81406080804,53521.454989995225,216996.26905080327
STR_076,2023-12-05,187509.65,157390.16703109845,53521.454989995225,210911.62202109367
STR_076,2023-12-06,167769.49,149730.2380640768,53521.454989995225,203251.69305407204
STR_076,2023-12-07,196671.44,181976.42712385906,53521.454989995225,235497.88211385428
STR_076,2023-12-08,201385.97,239035.91604183707,53521.454989995225,292557.3710318323
STR_076,2023-12-09,310858.5,296223.7155515357,53521.454989995225,349745.17054153094
STR_076,2023-12-10,343837.36,264905.68411280203,53521.454989995225,318427.13910279726
STR_076,2023-12-11,137827.93,142391.06925896837,53521.454989995225,195912.5242489636
STR_076,2023-12-12,145108.12,206150.98216453686,53521.454989995225,259672.4371545321
STR_076,2023-12-13,178883.78,170944.42335498676,53521.454989995225,224465.878344982
STR_076,2023-12-14,213087.66999999998,170817.50260255687,53521.454989995225,224338.9575925521
STR_076,2023-12-15,319212.63,367007.44183005876,53521.454989995225,420528.896820054
STR_076,2023-12-16,355572.73,300706.23153777944,53521.454989995225,354227.68652777467
STR_076,2023-12-17,299217.99,299638.7261237297,53521.454989995225,353160.18111372495
STR_076,2023-12-18,123049.20999999999,149239.2683145061,53521.454989995225,202760.72330450133
STR_076,2023-12-19,173942.01,145437.816368045,53521.454989995225,198959.27135804022
STR_076,2023-12-20,225271.46000000002,171840.09486653568,53521.454989995225,225361.5498565309
STR_076,2023-12-21,153376.11000000002,193720.13568112973,53521.454989995225,247241.59067112496
STR_076,2023-12-22,259620.53,232157.04932119336,53521.454989995225,285678.5043111886
STR_076,2023-12-23,322041.17,331026.79226241936,53521.454989995225,384548.2472524146
STR_076,2023-12-24,719205.5700000001,664322.8079581326,53521.454989995225,717844.2629481278
STR_076,2023-12-25,386471.35,336073.47660292103,53521.454989995225,389594.93159291625
STR_076,2023-12-26,131004.88,150701.04659418293,53521.454989995225,204222.50158417816
STR_076,2023-12-27,196700.41999999998,183972.02791833095,53521.454989995225,237493.48290832617
STR_076,2023-12-28,178106.82,169196.1048226149,53521.454989995225,222717.55981261012
STR_076,2023-12-29,245215.26,250555.46240836865,53521.454989995225,304076.9173983639
STR_076,2023-12-30,358436.1,307596.31224743323,53521.454989995225,361117.76723742846
STR_076,2023-12-31,760913.84,675184.4688449256,53521.454989995225,728705.9238349209
STR_076,2024-01-01,40699.12,86822.49399618675,53521.454989995225,140343.948986182
STR_076,2024-01-02,68255.06999999999,119172.87505416389,53521.454989995225,172694.3300441591
STR_076,2024-01-03,94933.48999999999,136933.10265906714,53521.454989995225,190454.55764906236
STR_076,2024-01-04,111683.47,136644.51906050014,53521.454989995225,190165.97405049537
STR_076,2024-01-05,133564.76,156750.30632505685,53521.454989995225,210271.76131505208
STR_076,2024-01-06,185393.22,194096.19074393844,53521.454989995225,247617.64573393366
STR_076,2024-01-07,109683.23000000001,183670.91632028806,53521.454989995225,237192.37131028328
STR_076,2024-01-08,36882.479999999996,118438.15771826282,53521.454989995225,171959.61270825804
STR_076,2024-01-09,104017.77,113553.29756320336,53521.454989995225,167074.7525531986
STR_076,2024-01-10,68506.13,119519.06829980886,53521.454989995225,173040.52328980408
STR_076,2024-01-11,111682.52,132770.3511111155,53521.454989995225,186291.80610111073
STR_076,2024-01-12,136586.19,160836.57227220456,53521.454989995225,214358.0272621998
STR_076,2024-01-13,115260.14,210202.04348445724,53521.454989995225,263723.49847445247
STR_076,2024-01-14,133501.76,167560.9771102145,53521.454989995225,221082.43210020973
STR_076,2024-01-15,136933.98,125090.69247767828,53521.454989995225,178612.14746767352
STR_076,2024-01-16,77645.84,109651.60317463342,53521.454989995225,163173.05816462863
STR_076,2024-01-17,107677.83,121758.80378806744,53521.454989995225,175280.25877806265
STR_076,2024-01-18,88218.85,111643.64733405717,53521.454989995225,165165.1023240524
STR_076,2024-01-19,137353.80000000002,149685.0166198266,53521.454989995225,203206.47160982183
STR_076,2024-01-20,215512.40000000002,208077.92959097205,53521.454989995225,261599.38458096728
STR_076,2024-01-21,142862.22,153458.76048724283,53521.454989995225,206980.21547723806
STR_076,2024-01-22,125198.70999999999,129336.14671027965,53521.454989995225,182857.60170027486
STR_076,2024-01-23,114414.61,116234.03357335174,53521.454989995225,169755.48856334697
STR_076,2024-01-24,72518.95,113347.12970053428,53521.454989995225,166868.5846905295
STR_076,2024-01-25,133038.54,120181.21440614898,53521.454989995225,173702.66939614422
STR_076,2024-01-26,146468.9,142066.36210038114,53521.454989995225,195587.81709037637
STR_076,2024-01-27,149846.81,191359.69456697875,53521.454989995225,244881.14955697398
STR_076,2024-01-28,110822.83,156569.68149179147,53521.454989995225,210091.1364817867
STR_076,2024-01-29,73308.79000000001,98662.88847156927,53521.454989995225,152184.3434615645
STR_076,2024-01-30,118403.22,111675.21322974916,53521.454989995225,165196.6682197444
STR_076,2024-01-31,147369.66999999998,131021.25264992699,53521.454989995225,184542.7076399222
STR_076,2024-02-01,115329.84,128022.21818804198,53521.454989995225,181543.67317803722
STR_076,2024-02-02,120078.04000000001,144655.0072431261,53521.454989995225,198176.46223312133
STR_076,2024-02-03,156594.12,164433.079596254,53521.454989995225,217954.53458624924
STR_076,2024-02-04,128042.05,147254.4986255645,53521.454989995225,200775.95361555973
STR_076,2024-02-05,63948.24,68882.1479059639,53521.454989995225,122403.60289595912
STR_076,2024-02-06,90412.98,111675.21322974916,53521.454989995225,165196.6682197444
STR_076,2024-02-07,111612.57,115696.66702324712,53521.454989995225,169218.12201324233
STR_076,2024-02-08,90834.32,117441.73332807366,53521.454989995225,170963.1883180689
STR_076,2024-02-09,130543.95999999999,134592.80990499357,53521.454989995225,188114.2648949888
STR_076,2024-02-10,153291.04,172714.85318338507,53521.454989995225,226236.3081733803
STR_076,2024-02-11,175810.39,157803.3688904315,53521.454989995225,211324.82388042673
STR_076,2024-02-12,109480.97,105389.71343851702,53521.454989995225,158911.16842851223
STR_076,2024-02-13,102489.43,107228.44315016591,53521.454989995225,160749.89814016112
STR_076,2024-02-14,93641.35,113366.74242016363,53521.454989995225,166888.19741015887
STR_076,2024-02-15,155851.83,135033.88636746662,53521.454989995225,188555.34135746185
STR_076,2024-02-16,137996.35,142557.07761007064,53521.454989995225,196078.53260006587
STR_076,2024-02-17,202291.28,191209.8707575875,53521.454989995225,244731.3257475827
STR_076,2024-02-18,156934.91,163124.47244490194,53521.454989995225,216645.92743489717
STR_076,2024-02-19,92724.17,97545.95314490811,53521.454989995225,151067.40813490335
STR_076,2024-02-20,98003.35,104028.52417042108,53521.454989995225,157549.9791604163
STR_076,2024-02-21,95609.78,104347.11494750391,53521.454989995225,157868.56993749912
STR_076,2024-02-22,113838.44,115284.71467597567,53521.454989995225,168806.1696659709
STR_076,2024-02-23,156672.78,140512.67388953464,53521.454989995225,194034.12887952986
STR_076,2024-02-24,163712.86,160710.84356410822,53521.454989995225,214232.29855410344
STR_076,2024-02-25,187268.02000000002,152966.65318243596,53521.454989995225,206488.10817243118
STR_076,2024-02-26,105537.86,97424.294782247,53521.454989995225,150945.7497722422
STR_076,2024-02-27,108470.0,112875.41937171546,53521.454989995225,166396.87436171068
STR_076,2024-02-28,86214.94,117136.43666637773,53521.454989995225,170657.89165637296
STR_076,2024-02-29,157276.04,146551.0100185533,53521.454989995225,200072.46500854852
STR_077,2023-12-01,379215.17,335091.1668680638,83785.05650416654,418876.2233722303
STR_077,2023-12-02,596448.88,587548.3152754258,83785.05650416654,671333.3717795924
STR_077,2023-12-03,467073.11,459563.3599699601,83785.05650416654,543348.4164741266
STR_077,2023-12-04,232961.03,249649.8312931468,83785.05650416654,333434.88779731333
STR_077,2023-12-05,278788.39999999997,264757.59866368084,83785.05650416654,348542.6551678474
STR_077,2023-12-06,214617.98,281559.72001284757,83785.05650416654,365344.77651701414
STR_077,2023-12-07,224027.59,309920.6100125224,83785.05650416654,393705.6665166889
STR_077,2023-12-08,383275.49,370716.08197036065,83785.05650416654,454501.13847452716
STR_077,2023-12-09,475310.62,543124.1670646402,83785.05650416654,626909.2235688068
STR_077,2023-12-10,383963.62,413682.3449774613,83785.05650416654,497467.40148162784
STR_077,2023-12-11,264339.41000000003,255266.12526637438,83785.05650416654,339051.1817705409
STR_077,2023-12-12,368991.25,330331.95113224926,83785.05650416654,414117.0076364158
STR_077,2023-12-13,321778.0,293496.3991554029,83785.05650416654,377281.4556595695
STR_077,2023-12-14,300821.18,294653.01962645573,83785.05650416654,378438.0761306223
STR_077,2023-12-15,559682.69,508316.512444586,83785.05650416654,592101.5689487526
STR_077,2023-12-16,516822.1,467884.38026335783,83785.05650416654,551669.4367675243
STR_077,2023-12-17,336557.11,384619.9088925999,83785.05650416654,468404.96539676643
STR_077,2023-12-18,247346.38,264593.3275352839,83785.05650416654,348378.38403945044
STR_077,2023-12-19,285380.76,263278.3784880656,83785.05650416654,347063.4349922321
STR_077,2023-12-20,318839.79,309228.14961132366,83785.05650416654,393013.2061154902
STR_077,2023-12-21,311195.46,262291.2814159983,83785.05650416654,346076.3379201648
STR_077,2023-12-22,331251.02,379868.9484709367,83785.05650416654,463654.0049751032
STR_077,2023-12-23,444901.69,494441.26118285715,83785.05650416654,578226.3176870237
STR_077,2023-12-24,1097068.43,895825.8009110016,83785.05650416654,979610.8574151682
STR_077,2023-12-25,594953.7,556919.5895909113,83785.05650416654,640704.6460950779
STR_077,2023-12-26,300319.94,280972.00952484435,83785.05650416654,364757.0660290109
STR_077,2023-12-27,323735.76,305179.03405086807,83785.05650416654,388964.0905550346
STR_077,2023-12-28,276707.79,287137.0568414556,83785.05650416654,370922.1133456221
STR_077,2023-12-29,365200.67,427311.49222158815,83785.05650416654,511096.5487257547
STR_077,2023-12-30,531784.58,487049.86169810785,83785.05650416654,570834.9182022744
STR_077,2023-12-31,1118841.76,1094813.531231718,83785.05650416654,1178598.5877358844
STR_077,2024-01-01,53891.44,130826.77456857287,83785.05650416654,214611.8310727394
STR_077,2024-01-02,175926.26,184297.18502352817,83785.05650416654,268082.24152769474
STR_077,2024-01-03,139009.08000000002,175571.4845000776,83785.05650416654,259356.54100424415
STR_077,2024-01-04,201812.45,216739.94613287505,83785.05650416654,300525.0026370416
STR_077,2024-01-05,226167.66,254164.53457988953,83785.05650416654,337949.59108405607
STR_077,2024-01-06,230043.16999999998,302684.3187203271,83785.05650416654,386469.3752244937
STR_077,2024-01-07,269419.38,286098.67916759435,83785.05650416654,369883.73567176086
STR_077,2024-01-08,120777.94,196461.88699123292,83785.05650416654,280246.94349539944
STR_077,2024-01-09,184062.27,190494.2826903877,83785.05650416654,274279.33919455425
STR_077,2024-01-10,178325.8,199828.59819891732,83785.05650416654,283613.65470308386
STR_077,2024-01-11,177488.19,202256.61364081796,83785.05650416654,286041.6701449845
STR_077,2024-01-12,239849.88,283412.1527760704,83785.05650416654,367197.209280237
STR_077,2024-01-13,251502.84,274799.50281742826,83785.05650416654,358584.5593215948
STR_077,2024-01-14,281432.95999999996,281829.0101078794,83785.05650416654,365614.066612046
STR_077,2024-01-15,241068.83,216474.96980081487,83785.05650416654,300260.02630498144
STR_077,2024-01-16,153319.06,179881.3099100723,83785.05650416654,263666.3664142388
STR_077,2024-01-17,93659.83,174604.23219375484,83785.05650416654,258389.28869792138
STR_077,2024-01-18,171469.28,191560.802098427,83785.05650416654,275345.85860259354
STR_077,2024-01-19,269301.58999999997,255700.8918026921,83785.05650416654,339485.94830685866
STR_077,2024-01-20,360613.83,303533.58851911285,83785.05650416654,387318.64502327936
STR_077,2024-01-21,271360.29,300319.48544529703,83785.05650416654,384104.54194946354
STR_077,2024-01-22,166984.19,158708.61970019856,83785.05650416654,242493.6762043651
STR_077,2024-01-23,146596.07,168723.6772315773,83785.05650416654,252508.73373574385
STR_077,2024-01-24,169579.34,171376.33366603788,83785.05650416654,255161.39017020442
STR_077,2024-01-25,192300.78999999998,175442.60904918722,83785.05650416654,259227.66555335376
STR_077,2024-01-26,259881.72,247933.48224572756,83785.05650416654,331718.5387498941
STR_077,2024-01-27,312688.02,284268.4077501329,83785.05650416654,368053.4642542994
STR_077,2024-01-28,249949.08000000002,266812.9532831945,83785.05650416654,350598.009787361
STR_077,2024-01-29,106559.78,154622.96460787414,83785.05650416654,238408.02111204067
STR_077,2024-01-30,155500.3,154018.1313993923,83785.05650416654,237803.18790355884
STR_077,2024-01-31,222797.5,194811.70195899575,83785.05650416654,278596.7584631623
STR_077,2024-02-01,183100.34,176015.30774465323,83785.05650416654,259800.36424881977
STR_077,2024-02-02,215946.21000000002,201115.82930056838,83785.05650416654,284900.8858047349
STR_077,2024-02-03,352541.24,289563.335231111,83785.05650416654,373348.3917352775
STR_077,2024-02-04,256064.44,248861.7143186804,83785.05650416654,332646.7708228469
STR_077,2024-02-05,113979.62999999999,95325.27645078719,83785.05650416654,179110.33295495372
STR_077,2024-02-06,175443.04,167596.44165785424,83785.05650416654,251381.49816202078
STR_077,2024-02-07,202027.49,179470.38812576875,83785.05650416654,263255.4446299353
STR_077,2024-02-08,212937.56,180373.60439628296,83785.05650416654,264158.6609004495
STR_077,2024-02-09,104086.19,255446.54587557798,83785.05650416654,339231.6023797445
STR_077,2024-02-10,300979.36,277807.2461662112,83785.05650416654,361592.3026703778
STR_077,2024-02-11,271634.38,265434.31580181094,83785.05650416654,349219.3723059775
STR_077,2024-02-12,169300.04,157479.10194275752,83785.05650416654,241264.15844692406
STR_077,2024-02-13,160894.96,190331.7338370423,83785.05650416654,274116.7903412088
STR_077,2024-02-14,195770.36,199817.72430278934,83785.05650416654,283602.7808069559
STR_077,2024-02-15,248811.54,258850.9835847266,83785.05650416654,342636.04008889315
STR_077,2024-02-16,263314.41,253000.09758905452,83785.05650416654,336785.15409322106
STR_077,2024-02-17,299247.82,280272.5019895498,83785.05650416654,364057.5584937163
STR_077,2024-02-18,245062.26,277144.260205455,83785.05650416654,360929.3167096216
STR_077,2024-02-19,152546.48,145698.31763847003,83785.05650416654,229483.37414263657
STR_077,2024-02-20,149058.08000000002,154502.6106193032,83785.05650416654,238287.66712346973
STR_077,2024-02-21,207410.33,194885.1225319152,83785.05650416654,278670.17903608177
STR_077,2024-02-22,185236.81,202263.8523140674,83785.05650416654,286048.90881823393
STR_077,2024-02-23,276556.58,239956.55743747114,83785.05650416654,323741.6139416377
STR_077,2024-02-24,387415.49,330097.68382704596,83785.05650416654,413882.7403312125
STR_077,2024-02-25,265295.83,258552.09001642084,83785.05650416654,342337.1465205874
STR_077,2024-02-26,166533.85,152173.31448690413,83785.05650416654,235958.37099107067
STR_077,2024-02-27,207281.4,169388.25413280775,83785.05650416654,253173.3106369743
STR_077,2024-02-28,187795.27,164625.84050138303,83785.05650416654,248410.89700554957
STR_077,2024-02-29,254931.13999999998,227956.129604466,83785.05650416654,311741.18610863254
STR_078,2023-12-01,423578.16000000003,371855.03658425005,74573.19404878339,446428.23063303344
STR_078,2023-12-02,384213.45,396067.1060656766,74573.19404878339,470640.30011446
STR_078,2023-12-03,421869.7,360117.66648917284,74573.19404878339,434690.86053795624
STR_078,2023-12-04,215717.22,217903.89766996086,74573.19404878339,292477.09171874425
STR_078,2023-12-05,215627.13,253551.5018853085,74573.19404878339,328124.6959340919
STR_078,2023-12-06,316425.63,269673.5259457932,74573.19404878339,344246.7199945766
STR_078,2023-12-07,287034.23,271631.943391516,74573.19404878339,346205.1374402994
STR_078,2023-12-08,392870.67,411369.4165668396,74573.19404878339,485942.610615623
STR_078,2023-12-09,504091.22,415087.0608545901,74573.19404878339,489660.2549033735
STR_078,2023-12-10,402199.37,411769.4928577089,74573.19404878339,486342.6869064923
STR_078,2023-12-11,201197.83000000002,257664.04001474552,74573.19404878339,332237.23406352894
STR_078,2023-12-12,273025.51,300979.4396269304,74573.19404878339,375552.6336757138
STR_078,2023-12-13,312835.83,290025.2855716379,74573.19404878339,364598.4796204213
STR_078,2023-12-14,235733.66,265632.1656007389,74573.19404878339,340205.3596495223
STR_078,2023-12-15,479613.82999999996,471453.96647310467,74573.19404878339,546027.160521888
STR_078,2023-12-16,536092.23,424628.3307083076,74573.19404878339,499201.524757091
STR_078,2023-12-17,457289.33,388495.7699229593,74573.19404878339,463068.9639717427
STR_078,2023-12-18,232478.52,235944.67098618613,74573.19404878339,310517.8650349695
STR_078,2023-12-19,165468.97,231607.19243044316,74573.19404878339,306180.3864792265
STR_078,2023-12-20,214281.66,270004.5837199168,74573.19404878339,344577.7777687002
STR_078,2023-12-21,306268.11,287460.18327159324,74573.19404878339,362033.37732037663
STR_078,2023-12-22,257112.34,395668.90210165706,74573.19404878339,470242.09615044045
STR_078,2023-12-23,531894.14,469821.6945582705,74573.19404878339,544394.8886070539
STR_078,2023-12-24,1010664.26,831229.8663555881,74573.19404878339,905803.0604043715
STR_078,2023-12-25,569727.56,527500.7757211153,74573.19404878339,602073.9697698987
STR_078,2023-12-26,236503.88,238948.09334872317,74573.19404878339,313521.28739750653
STR_078,2023-12-27,232854.87,270488.42837313534,74573.19404878339,345061.6224219187
STR_078,2023-12-28,310580.26999999996,295479.8063950101,74573.19404878339,370053.0004437935
STR_078,2023-12-29,347929.55,355149.6368157456,74573.19404878339,429722.830864529
STR_078,2023-12-30,396328.86,420319.70020201337,74573.19404878339,494892.89425079676
STR_078,2023-12-31,1185498.73,909899.4819252044,74573.19404878339,984472.6759739878
STR_078,2024-01-01,49435.32,131905.1063692775,74573.19404878339,206478.30041806088
STR_078,2024-01-02,104655.5,160993.65723349183,74573.19404878339,235566.85128227522
STR_078,2024-01-03,98448.4,174210.2390770441,74573.19404878339,248783.4331258275
STR_078,2024-01-04,154914.54,180266.81136239908,74573.19404878339,254840.00541118247
STR_078,2024-01-05,221446.44,207762.52372828897,74573.19404878339,282335.71777707234
STR_078,2024-01-06,222205.95,288147.74704359425,74573.19404878339,362720.94109237764
STR_078,2024-01-07,243661.86,232287.72883273225,74573.19404878339,306860.92288151564
STR_078,2024-01-08,152911.54,171133.58507318588,74573.19404878339,245706.77912196927
STR_078,2024-01-09,161784.5,175133.90982265017,74573.19404878339,249707.10387143356
STR_078,2024-01-10,149088.97999999998,176312.47704312915,74573.19404878339,250885.67109191255
STR_078,2024-01-11,152866.69,174576.19335497427,74573.19404878339,249149.38740375766
STR_078,2024-01-12,136031.33,216205.8091977761,74573.19404878339,290779.0032465595
STR_078,2024-01-13,251513.65,290102.26077789575,74573.19404878339,364675.45482667914
STR_078,2024-01-14,229998.71,232268.94520890413,74573.19404878339,306842.1392576875
STR_078,2024-01-15,194954.75,181101.83189214097,74573.19404878339,255675.02594092436
STR_078,2024-01-16,171154.06,143976.3041961292,74573.19404878339,218549.4982449126
STR_078,2024-01-17,159323.03,149054.85340340386,74573.19404878339,223628.04745218725
STR_078,2024-01-18,177776.87,172510.07580601022,74573.19404878339,247083.26985479362
STR_078,2024-01-19,191686.87,211025.07670174746,74573.19404878339,285598.2707505309
STR_078,2024-01-20,284495.62,255846.25200268428,74573.19404878339,330419.4460514677
STR_078,2024-01-21,240125.4,244611.38144321166,74573.19404878339,319184.5754919951
STR_078,2024-01-22,124276.56,149477.05371437364,74573.19404878339,224050.24776315704
STR_078,2024-01-23,65342.66,142250.4334873094,74573.19404878339,216823.6275360928
STR_078,2024-01-24,158794.97,150083.2922775136,74573.19404878339,224656.486326297
STR_078,2024-01-25,150485.06,163148.92659085224,74573.19404878339,237722.12063963563
STR_078,2024-01-26,173978.69999999998,202201.31691370983,74573.19404878339,276774.51096249325
STR_078,2024-01-27,289381.26,284224.04838844703,74573.19404878339,358797.2424372304
STR_078,2024-01-28,220688.41,225986.35540503764,74573.19404878339,300559.54945382103
STR_078,2024-01-29,176956.21,149135.06397197608,74573.19404878339,223708.25802075947
STR_078,2024-01-30,156702.58,147589.09664124125,74573.19404878339,222162.29069002465
STR_078,2024-01-31,248708.87,216797.7138161415,74573.19404878339,291370.90786492487
STR_078,2024-02-01,188278.22999999998,167768.0317546831,74573.19404878339,242341.22580346648
STR_078,2024-02-02,212011.28999999998,230502.6012387127,74573.19404878339,305075.79528749606
STR_078,2024-02-03,325664.14,275280.5777369548,74573.19404878339,349853.7717857382
STR_078,2024-02-04,216135.62,237006.85063240933,74573.19404878339,311580.0446811927
STR_078,2024-02-05,96271.41,95641.18195725822,74573.19404878339,170214.3760060416
STR_078,2024-02-06,148834.33,162400.79527548622,74573.19404878339,236973.9893242696
STR_078,2024-02-07,179014.98,174314.18119495787,74573.19404878339,248887.37524374126
STR_078,2024-02-08,180677.36,159965.4551171577,74573.19404878339,234538.64916594108
STR_078,2024-02-09,200001.61,195149.86338647854,74573.19404878339,269723.0574352619
STR_078,2024-02-10,231969.38,263488.12282324536,74573.19404878339,338061.31687202875
STR_078,2024-02-11,229743.43,235608.64253709157,74573.19404878339,310181.83658587496
STR_078,2024-02-12,100110.5,157049.62805929442,74573.19404878339,231622.82210807782
STR_078,2024-02-13,152166.09,152690.47943756467,74573.19404878339,227263.67348634807
STR_078,2024-02-14,166257.76,158640.2413285779,74573.19404878339,233213.43537736128
STR_078,2024-02-15,204069.84000000003,172050.68528433188,74573.19404878339,246623.87933311527
STR_078,2024-02-16,209342.41,211191.58788549094,74573.19404878339,285764.78193427436
STR_078,2024-02-17,318032.65,270176.74150237005,74573.19404878339,344749.93555115344
STR_078,2024-02-18,199159.19,239173.45088511502,74573.19404878339,313746.6449338984
STR_078,2024-02-19,93969.2,146643.08046860856,74573.19404878339,221216.27451739195
STR_078,2024-02-20,113260.46,137960.44704804895,74573.19404878339,212533.64109683235
STR_078,2024-02-21,175790.75,158369.72749024094,74573.19404878339,232942.92153902433
STR_078,2024-02-22,189136.13,170574.49534084063,74573.19404878339,245147.68938962402
STR_078,2024-02-23,211446.32,203475.75843162948,74573.19404878339,278048.9524804129
STR_078,2024-02-24,315193.24,263997.761062915,74573.19404878339,338570.95511169836
STR_078,2024-02-25,237516.74,218065.72664842432,74573.19404878339,292638.9206972077
STR_078,2024-02-26,115933.03,139590.82465195612,74573.19404878339,214164.0187007395
STR_078,2024-02-27,153646.91,149758.45430093372,74573.19404878339,224331.6483497171
STR_078,2024-02-28,148381.84,161740.8254245286,74573.19404878339,236314.019473312
STR_078,2024-02-29,231063.47,206164.7688381129,74573.19404878339,280737.96288689633
STR_079,2023-12-01,380037.95999999996,309659.49386181246,52127.24284664326,361786.7367084557
STR_079,2023-12-02,427843.75,371408.3593038145,52127.24284664326,423535.60215045774
STR_079,2023-12-03,303455.61,345208.5610953147,52127.24284664326,397335.80394195794
STR_079,2023-12-04,214886.69,198366.14689600474,52127.24284664326,250493.389742648
STR_079,2023-12-05,231106.87,208514.6903643393,52127.24284664326,260641.93321098256
STR_079,2023-12-06,241190.04,191167.73520823478,52127.24284664326,243294.97805487804
STR_079,2023-12-07,196227.57,212959.84345095325,52127.24284664326,265087.0862975965
STR_079,2023-12-08,324310.19,321821.75463343714,52127.24284664326,373948.9974800804
STR_079,2023-12-09,260226.47,373417.26514195435,52127.24284664326,425544.5079885976
STR_079,2023-12-10,349371.97,306563.95928156306,52127.24284664326,358691.2021282063
STR_079,2023-12-11,145448.49,224704.43836183095,52127.24284664326,276831.6812084742
STR_079,2023-12-12,288896.25,263126.1159955174,52127.24284664326,315253.35884216067
STR_079,2023-12-13,230265.0,245346.78829414496,52127.24284664326,297474.0311407882
STR_079,2023-12-14,201254.12,208195.4664944231,52127.24284664326,260322.70934106637
STR_079,2023-12-15,352605.02,389354.82737663895,52127.24284664326,441482.0702232822
STR_079,2023-12-16,315484.33999999997,368728.2165075736,52127.24284664326,420855.4593542169
STR_079,2023-12-17,381506.54,307702.2733412112,52127.24284664326,359829.51618785446
STR_079,2023-12-18,198356.02000000002,197338.08165493666,52127.24284664326,249465.32450157992
STR_079,2023-12-19,253792.21,221730.09773340268,52127.24284664326,273857.34058004594
STR_079,2023-12-20,251379.53,240294.9077157027,52127.24284664326,292422.150562346
STR_079,2023-12-21,257757.57,236967.33997535094,52127.24284664326,289094.5828219942
STR_079,2023-12-22,314840.33999999997,324001.20610135415,52127.24284664326,376128.4489479974
STR_079,2023-12-23,297064.64,411886.093742391,52127.24284664326,464013.33658903424
STR_079,2023-12-24,834139.28,711329.1688672482,52127.24284664326,763456.4117138914
STR_079,2023-12-25,428154.26,363808.3307646996,52127.24284664326,415935.5736113429
STR_079,2023-12-26,286365.73,239342.8834805445,52127.24284664326,291470.12632718775
STR_079,2023-12-27,232013.44,219213.4514014937,52127.24284664326,271340.69424813695
STR_079,2023-12-28,270379.68,246547.95693524551,52127.24284664326,298675.19978188875
STR_079,2023-12-29,273421.54,286345.4569975798,52127.24284664326,338472.69984422304
STR_079,2023-12-30,267462.87,358185.95302251703,52127.24284664326,410313.1958691603
STR_079,2023-12-31,771209.03,723933.5323269285,52127.24284664326,776060.7751735717
STR_079,2024-01-01,49891.8,113887.8808455191,52127.24284664326,166015.12369216236
STR_079,2024-01-02,114684.12,149034.34831328387,52127.24284664326,201161.59115992713
STR_079,2024-01-03,123414.76,143967.05671015082,52127.24284664326,196094.29955679408
STR_079,2024-01-04,117580.92,152911.4735955124,52127.24284664326,205038.71644215565
STR_079,2024-01-05,172252.41,204140.12773252805,52127.24284664326,256267.37057917131
STR_079,2024-01-06,176073.8,218302.65660835075,52127.24284664326,270429.899454994
STR_079,2024-01-07,194027.92,226478.55491398304,52127.24284664326,278605.7977606263
STR_079,2024-01-08,136732.54,137263.101268749,52127.24284664326,189390.34411539225
STR_079,2024-01-09,124142.94,154319.27710169516,52127.24284664326,206446.51994833842
STR_079,2024-01-10,136144.96,134938.0108417304,52127.24284664326,187065.25368837366
STR_079,2024-01-11,152456.12,158879.3965312887,52127.24284664326,211006.63937793195
STR_079,2024-01-12,173407.07,191914.64645611987,52127.24284664326,244041.88930276313
STR_079,2024-01-13,196234.16,206385.17516267058,52127.24284664326,258512.41800931384
STR_079,2024-01-14,179693.09999999998,225161.82447029793,52127.24284664326,277289.0673169412
STR_079,2024-01-15,136006.87,163125.74755697403,52127.24284664326,215252.9904036173
STR_079,2024-01-16,127427.69,133658.20992525134,52127.24284664326,185785.4527718946
STR_079,2024-01-17,117582.98,141204.84603380872,52127.24284664326,193332.08888045198
STR_079,2024-01-18,153949.85,146875.13007594852,52127.24284664326,199002.37292259178
STR_079,2024-01-19,153757.74,192842.78673895696,52127.24284664326,244970.02958560022
STR_079,2024-01-20,210666.46000000002,202748.42140608217,52127.24284664326,254875.66425272543
STR_079,2024-01-21,220531.06,198793.55958036557,52127.24284664326,250920.80242700884
STR_079,2024-01-22,109835.47,130800.77678935841,52127.24284664326,182928.01963600167
STR_079,2024-01-23,124451.3,135772.85405878955,52127.24284664326,187900.09690543282
STR_079,2024-01-24,108115.83,130135.13473661477,52127.24284664326,182262.37758325803
STR_079,2024-01-25,139657.44,155873.4646890513,52127.24284664326,208000.70753569456
STR_079,2024-01-26,178079.25,183608.7126067747,52127.24284664326,235735.95545341796
STR_079,2024-01-27,262507.49,224056.89468616477,52127.24284664326,276184.137532808
STR_079,2024-01-28,184993.25,191071.69444924133,52127.24284664326,243198.9372958846
STR_079,2024-01-29,121899.68000000001,125225.76517394853,52127.24284664326,177353.0080205918
STR_079,2024-01-30,117801.62,118966.51245658494,52127.24284664326,171093.75530322822
STR_079,2024-01-31,222255.15,190589.21071118597,52127.24284664326,242716.45355782923
STR_079,2024-02-01,122345.73999999999,132399.03313117434,52127.24284664326,184526.2759778176
STR_079,2024-02-02,204126.92,187908.7161053584,52127.24284664326,240035.95895200167
STR_079,2024-02-03,273123.76,217290.00785725669,52127.24284664326,269417.25070389995
STR_079,2024-02-04,205169.16,211271.5790990848,52127.24284664326,263398.82194572804
STR_079,2024-02-05,53472.55,71481.88520292906,52127.24284664326,123609.12804957232
STR_079,2024-02-06,140579.55,129769.42202832762,52127.24284664326,181896.66487497088
STR_079,2024-02-07,125047.49,147724.08662781888,52127.24284664326,199851.32947446214
STR_079,2024-02-08,108478.84,143284.31832603944,52127.24284664326,195411.5611726827
STR_079,2024-02-09,202702.14,187656.0420436833,52127.24284664326,239783.28489032655
STR_079,2024-02-10,225031.23,233400.7615643554,52127.24284664326,285528.00441099866
STR_079,2024-02-11,192773.05,205980.63833773433,52127.24284664326,258107.8811843776
STR_079,2024-02-12,120726.73,124369.52629911025,52127.24284664326,176496.76914575353
STR_079,2024-02-13,117378.87,110976.87676527568,52127.24284664326,163104.11961191893
STR_079,2024-02-14,145130.72,132994.16609699524,52127.24284664326,185121.4089436385
STR_079,2024-02-15,182780.41,180969.571230866,52127.24284664326,233096.81407750925
STR_079,2024-02-16,207930.22999999998,184754.58837496914,52127.24284664326,236881.8312216124
STR_079,2024-02-17,212675.63,234594.80327051415,52127.24284664326,286722.04611715744
STR_079,2024-02-18,225694.33000000002,196841.72623105234,52127.24284664326,248968.9690776956
STR_079,2024-02-19,124612.38,119080.33277803518,52127.24284664326,171207.57562467846
STR_079,2024-02-20,101716.0,127104.84701621783,52127.24284664326,179232.0898628611
STR_079,2024-02-21,129025.63,136757.13658337275,52127.24284664326,188884.379430016
STR_079,2024-02-22,149626.83000000002,150664.28651929938,52127.24284664326,202791.52936594264
STR_079,2024-02-23,175932.62,167466.29635819426,52127.24284664326,219593.53920483752
STR_079,2024-02-24,249189.37,237873.13648520756,52127.24284664326,290000.3793318508
STR_079,2024-02-25,168848.85,176788.2333169964,52127.24284664326,228915.47616363966
STR_079,2024-02-26,104615.61,115403.12244229976,52127.24284664326,167530.36528894302
STR_079,2024-02-27,131132.7,125482.37076596582,52127.24284664326,177609.6136126091
STR_079,2024-02-28,132267.61,136142.32966972436,52127.24284664326,188269.57251636763
STR_079,2024-02-29,131974.65,170032.56885917555,52127.24284664326,222159.8117058188
STR_080,2023-12-01,381439.58,300912.3189660333,43323.72790288122,344236.0468689145
STR_080,2023-12-02,374616.57,379602.8149343034,43323.72790288122,422926.5428371846
STR_080,2023-12-03,377354.74,330053.30780291714,43323.72790288122,373377.03570579836
STR_080,2023-12-04,101321.43,218050.69092732307,43323.72790288122,261374.4188302043
STR_080,2023-12-05,254664.14,246363.0951272707,43323.72790288122,289686.8230301519
STR_080,2023-12-06,210639.56,241237.23341939462,43323.72790288122,284560.9613222758
STR_080,2023-12-07,251383.97,243052.12607061773,43323.72790288122,286375.8539734989
STR_080,2023-12-08,275190.8,264627.70356985467,43323.72790288122,307951.4314727359
STR_080,2023-12-09,257417.88,368608.72419827216,43323.72790288122,411932.4521011534
STR_080,2023-12-10,305777.32,302860.4615412414,43323.72790288122,346184.1894441226
STR_080,2023-12-11,141349.31,205607.52864046645,43323.72790288122,248931.25654334767
STR_080,2023-12-12,279981.55,302276.39104270906,43323.72790288122,345600.1189455903
STR_080,2023-12-13,186545.85,215879.209360941,43323.72790288122,259202.9372638222
STR_080,2023-12-14,247788.11,213192.96651782654,43323.72790288122,256516.69442070776
STR_080,2023-12-15,314810.04000000004,327542.34581757797,43323.72790288122,370866.0737204592
STR_080,2023-12-16,376476.99,369045.73526167945,43323.72790288122,412369.4631645607
STR_080,2023-12-17,365854.39,368034.5145690204,43323.72790288122,411358.24247190164
STR_080,2023-12-18,222138.55,227704.7862672232,43323.72790288122,271028.5141701044
STR_080,2023-12-19,248177.22,267440.1121300061,43323.72790288122,310763.8400328873
STR_080,2023-12-20,235236.71,215016.692006614,43323.72790288122,258340.41990949522
STR_080,2023-12-21,296813.76,249754.3940103133,43323.72790288122,293078.12191319454
STR_080,2023-12-22,310476.87,286141.70555365784,43323.72790288122,329465.43345653906
STR_080,2023-12-23,425317.33999999997,364904.5844680583,43323.72790288122,408228.31237093953
STR_080,2023-12-24,903729.6000000001,881579.9003509721,43323.72790288122,924903.6282538533
STR_080,2023-12-25,487576.92,460291.0512574889,43323.72790288122,503614.7791603701
STR_080,2023-12-26,277382.51,222952.97163094592,43323.72790288122,266276.69953382714
STR_080,2023-12-27,257407.04,233390.8600952227,43323.72790288122,276714.58799810393
STR_080,2023-12-28,237084.97,249019.82771475633,43323.72790288122,292343.5556176376
STR_080,2023-12-29,357799.25,312415.91002749774,43323.72790288122,355739.63793037896
STR_080,2023-12-30,391961.64999999997,376045.9149959005,43323.72790288122,419369.6428987817
STR_080,2023-12-31,841201.05,872863.5065651016,43323.72790288122,916187.2344679828
STR_080,2024-01-01,41628.88,109999.78659394714,43323.72790288122,153323.51449682837
STR_080,2024-01-02,111988.21,170242.64508544063,43323.72790288122,213566.37298832185
STR_080,2024-01-03,109573.09,157752.9614256093,43323.72790288122,201076.68932849052
STR_080,2024-01-04,125564.73999999999,167110.68543809987,43323.72790288122,210434.4133409811
STR_080,2024-01-05,164709.81,206777.76620357952,43323.72790288122,250101.49410646074
STR_080,2024-01-06,225179.00999999998,257144.96609613302,43323.72790288122,300468.6939990142
STR_080,2024-01-07,183550.63,221632.51473842427,43323.72790288122,264956.2426413055
STR_080,2024-01-08,102148.73,137609.93601489312,43323.72790288122,180933.66391777433
STR_080,2024-01-09,82995.25,156567.4116580095,43323.72790288122,199891.13956089073
STR_080,2024-01-10,168218.97,168305.5978131413,43323.72790288122,211629.32571602252
STR_080,2024-01-11,127892.98,155435.1588180023,43323.72790288122,198758.8867208835
STR_080,2024-01-12,181841.11,186119.81983299486,43323.72790288122,229443.54773587608
STR_080,2024-01-13,250044.95,237429.29130699005,43323.72790288122,280753.0192098713
STR_080,2024-01-14,225909.06,204327.49738055715,43323.72790288122,247651.22528343837
STR_080,2024-01-15,175638.8,180011.3963547547,43323.72790288122,223335.1242576359
STR_080,2024-01-16,103389.84,132395.46733346893,43323.72790288122,175719.19523635015
STR_080,2024-01-17,95667.07,148542.5253424114,43323.72790288122,191866.2532452926
STR_080,2024-01-18,130775.89,172986.86322814348,43323.72790288122,216310.5911310247
STR_080,2024-01-19,175688.61,181042.58941978271,43323.72790288122,224366.31732266393
STR_080,2024-01-20,214942.44999999998,235624.59770273333,43323.72790288122,278948.3256056146
STR_080,2024-01-21,158023.24,188796.77047436778,43323.72790288122,232120.498377249
STR_080,2024-01-22,129462.23,152821.17823918874,43323.72790288122,196144.90614206996
STR_080,2024-01-23,113965.3,138929.84549869827,43323.72790288122,182253.5734015795
STR_080,2024-01-24,78365.5,148077.75868324572,43323.72790288122,191401.48658612694
STR_080,2024-01-25,147736.02,150184.38846114342,43323.72790288122,193508.11636402464
STR_080,2024-01-26,184502.23,189326.4109016715,43323.72790288122,232650.13880455273
STR_080,2024-01-27,225821.97,241108.28067680052,43323.72790288122,284432.00857968174
STR_080,2024-01-28,194731.06,199018.11883652254,43323.72790288122,242341.84673940376
STR_080,2024-01-29,120102.49,123342.35279351237,43323.72790288122,166666.0806963936
STR_080,2024-01-30,100520.11,128205.94222439612,43323.72790288122,171529.67012727732
STR_080,2024-01-31,140530.86,152933.65095275483,43323.72790288122,196257.37885563605
STR_080,2024-02-01,165814.37,165225.9113523341,43323.72790288122,208549.63925521533
STR_080,2024-02-02,159109.58,173250.58087198157,43323.72790288122,216574.3087748628
STR_080,2024-02-03,218770.68,231857.32705222437,43323.72790288122,275181.0549551056
STR_080,2024-02-04,182295.84,186300.00323932245,43323.72790288122,229623.73114220367
STR_080,2024-02-05,67713.2,70780.33164897104,43323.72790288122,114104.05955185226
STR_080,2024-02-06,109771.05,122410.88505113468,43323.72790288122,165734.6129540159
STR_080,2024-02-07,132675.65,138643.1872677231,43323.72790288122,181966.9151706043
STR_080,2024-02-08,86280.34,148305.87946044438,43323.72790288122,191629.6073633256
STR_080,2024-02-09,184723.65,187034.4588833446,43323.72790288122,230358.18678622582
STR_080,2024-02-10,246615.33000000002,244857.34944249492,43323.72790288122,288181.07734537614
STR_080,2024-02-11,172749.16999999998,213655.88836161583,43323.72790288122,256979.61626449705
STR_080,2024-02-12,128611.06999999999,127750.91923424035,43323.72790288122,171074.6471371216
STR_080,2024-02-13,129316.42,130810.10908249237,43323.72790288122,174133.83698537358
STR_080,2024-02-14,121759.08,132501.6382729069,43323.72790288122,175825.3661757881
STR_080,2024-02-15,237656.43,186087.63927873693,43323.72790288122,229411.36718161814
STR_080,2024-02-16,167128.97999999998,168138.70344090107,43323.72790288122,211462.4313437823
STR_080,2024-02-17,258458.49,228423.03591619953,43323.72790288122,271746.7638190808
STR_080,2024-02-18,210791.87,199068.84834179337,43323.72790288122,242392.5762446746
STR_080,2024-02-19,115130.27,124636.9695661318,43323.72790288122,167960.69746901302
STR_080,2024-02-20,129798.0,139536.32215658206,43323.72790288122,182860.05005946328
STR_080,2024-02-21,137841.13,141227.85134699655,43323.72790288122,184551.57924987777
STR_080,2024-02-22,144964.85,155243.77032747582,43323.72790288122,198567.49823035704
STR_080,2024-02-23,111100.14,199500.849864751,43323.72790288122,242824.57776763223
STR_080,2024-02-24,222199.4,222984.92837657264,43323.72790288122,266308.6562794539
STR_080,2024-02-25,209286.19,211688.4921098273,43323.72790288122,255012.2200127085
STR_080,2024-02-26,121908.72,132759.0805608556,43323.72790288122,176082.80846373682
STR_080,2024-02-27,138191.08,149586.99555963572,43323.72790288122,192910.72346251694
STR_080,2024-02-28,137311.28,126098.86061285743,43323.72790288122,169422.58851573867
STR_080,2024-02-29,173385.91999999998,177076.1975212373,43323.72790288122,220399.92542411853
